,date,pairA,pairB,npiA,npiB,spread
0,2017-01-01 00:00:00,0.0073569675,3.867,-1.0020808826104586,-1.0382575129524043,0.03617663034194574
1,2017-01-01 02:00:00,0.0072809174196918,3.803501311800845,-1.0042462334533062,-1.0411686409902272,0.036922407536921
2,2017-01-01 04:00:00,0.007243395001126499,3.7868102555889287,-1.0053145978828608,-1.041933850526005,0.03661925264314414
3,2017-01-01 06:00:00,0.00735528,3.77843637,-1.0021289302855234,-1.0423177553564007,0.04018882507087729
4,2017-01-01 08:00:00,0.0070457578057431,3.832747668530695,-1.010941861731461,-1.039827827636518,0.0288859659050571
5,2017-01-01 10:00:00,0.0072698446601276,3.897162973232746,-1.004561504773965,-1.0368746768722865,0.03231317209832141
6,2017-01-01 12:00:00,0.0071272499999269,3.858416249960426,-1.0086215592328143,-1.038651039119929,0.030029479887114796
7,2017-01-01 14:00:00,0.0071576188816918,3.8459815185556714,-1.007756875284297,-1.0392211153886175,0.031464240104320584
8,2017-01-01 16:00:00,0.007556630836055999,3.6990801665378283,-0.9963959290737562,-1.0459558788425007,0.04955994976874456
9,2017-01-01 18:00:00,0.007297810008686998,3.861521200596589,-1.0037652558965384,-1.0385086911579582,0.034743435261419764
10,2017-01-01 20:00:00,0.007565119996691199,3.9447070782746807,-0.9961542197808533,-1.034694994407246,0.038540774626392826
11,2017-01-01 22:00:00,0.0074952347986499985,4.003684600986079,-0.9981440398029732,-1.031991141385464,0.033847101582490935
12,2017-01-02 00:00:00,0.0074010349664472,4.018841889992343,-1.0008261630200663,-1.0312962481482193,0.03047008512815297
13,2017-01-02 02:00:00,0.0073746399886432,3.8953395440012537,-1.0015776992078418,-1.0369582728663351,0.03538057365849334
14,2017-01-02 04:00:00,0.0072963326400874,3.930825637647308,-1.0038073205640492,-1.035331395759176,0.0315240751951269
15,2017-01-02 06:00:00,0.0073260781667726,3.943294688361377,-1.0029603852154247,-1.034759746105172,0.03179936088974733
16,2017-01-02 08:00:00,0.0073222879845272,3.999662136216797,-1.0030683019235513,-1.0321755532261354,0.02910725130258407
17,2017-01-02 10:00:00,0.007513545,3.98480394,-0.9976226990001068,-1.0328567344099502,0.03523403540984338
18,2017-01-02 12:00:00,0.0073136680486763,3.9744750704522183,-1.003313734739459,-1.0333302664244268,0.030016531684967873
19,2017-01-02 14:00:00,0.0076072000000000015,4.02101172,-0.994956088624877,-1.0311967712432353,0.03624068261835822
20,2017-01-02 16:00:00,0.0076017899973288,3.99438206859641,-0.9951101259881043,-1.0324176204770854,0.037307494488981074
21,2017-01-02 18:00:00,0.0072679427048397,3.899063734033473,-1.0046156585693198,-1.0367875355750864,0.032171877005766625
22,2017-01-02 20:00:00,0.00721053,4.11564645,-1.0062503530799762,-1.0268581963266836,0.02060784324670739
23,2017-01-02 22:00:00,0.0071533800053352,4.1906375031255,-1.007877567523599,-1.023420195266649,0.015542627743050152
24,2017-01-03 00:00:00,0.0074586603269374985,4.163794555561022,-0.9991854136296465,-1.0246508231660425,0.025465409536395978
25,2017-01-03 02:00:00,0.0073803827277938,4.107419406962569,-1.001414187939877,-1.0272353690893639,0.025821181149486838
26,2017-01-03 04:00:00,0.007430247094016999,4.0938000518,-0.9999944149824801,-1.0278597550065418,0.027865340024061713
27,2017-01-03 06:00:00,0.0072870840322014,4.10283243013029,-1.0040706533679065,-1.027445661258289,0.023375007890382493
28,2017-01-03 08:00:00,0.007302391816789999,4.20242014505075,-1.0036347994657575,-1.0228800143551848,0.01924521488942732
29,2017-01-03 10:00:00,0.0072145108000000015,4.135486166000001,-1.006137008970407,-1.0259486349617482,0.01981162599134123
30,2017-01-03 12:00:00,0.0071078736000698,4.276944000042,-1.009173257582006,-1.0194634322193266,0.010290174637320515
31,2017-01-03 14:00:00,0.0068108739631293005,4.204966392357471,-1.0176296380561394,-1.0227632804172713,0.005133642361131896
32,2017-01-03 16:00:00,0.006069,4.4369999999999985,-1.038752790126966,-1.0121255875753852,-0.026627202551580798
33,2017-01-03 18:00:00,0.0061091009998806,4.458149711912868,-1.0376110065346464,-1.011155968814942,-0.026455037719704366
34,2017-01-03 20:00:00,0.0064555259998744,4.451064617913398,-1.0277473527070624,-1.011480788372281,-0.016266564334781464
35,2017-01-03 22:00:00,0.0065544719999999996,4.242579051,-1.0249300932919496,-1.021038909910468,-0.0038911833814816443
36,2017-01-04 00:00:00,0.006591899364911199,4.266794607908029,-1.0238644352962238,-1.0199287360050582,-0.003935699291165662
37,2017-01-04 02:00:00,0.006723637017856001,4.408499690317052,-1.0201135091080757,-1.0134321980418002,-0.006681311066275564
38,2017-01-04 04:00:00,0.006647233903398799,4.392699624806223,-1.0222889117850436,-1.0141565596784337,-0.008132352106609897
39,2017-01-04 06:00:00,0.0066468342836372,4.458787460990648,-1.022300290037165,-1.0111267309003633,-0.011173559136801625
40,2017-01-04 08:00:00,0.0065718676473156,4.606113566285051,-1.0244347923083865,-1.0043724944273102,-0.020062297881076274
41,2017-01-04 10:00:00,0.0064907999993389,4.807209599510378,-1.0267430068317982,-0.9951531496310667,-0.031589857200731486
42,2017-01-04 12:00:00,0.006676389366243999,4.815756264176,-1.0214587771449537,-0.9947613236604274,-0.026697453484526346
43,2017-01-04 14:00:00,0.0065144999999999995,4.703534145000001,-1.0260682039098417,-0.9999062009305293,-0.02616200297931237
44,2017-01-04 16:00:00,0.006935619925367799,4.787976364203908,-1.0140777841543382,-0.9960349065956057,-0.018042877558732573
45,2017-01-04 18:00:00,0.006664,4.6816,-1.0218115358077988,-1.0009117824048255,-0.020899753402973342
46,2017-01-04 20:00:00,0.00660285,4.60481445,-1.023552641188668,-1.0044320530410245,-0.019120588147643502
47,2017-01-04 22:00:00,0.00682736,4.83936,-1.0171602361345566,-0.9936791989881963,-0.023481037146360295
48,2017-01-05 00:00:00,0.006774060000060001,4.711990975641736,-1.0186778308474895,-0.9995184934441155,-0.019159337403374055
49,2017-01-05 02:00:00,0.006610299266130701,5.051451894269944,-1.0233405404962117,-0.9839557436300685,-0.03938479686614316
50,2017-01-05 04:00:00,0.00697305,5.1524771,-1.013012049005549,-0.9793241942663214,-0.03368785473922753
51,2017-01-05 06:00:00,0.006478453259123,5.480553597727928,-1.0270945518166892,-0.9642833687284614,-0.06281118308822775
52,2017-01-05 08:00:00,0.0059111800000554,4.972220000046599,-1.0432463510609364,-0.9875881680990585,-0.05565818296187797
53,2017-01-05 10:00:00,0.006031668628113601,5.062682151756,-1.0398157149424465,-0.9834408870500854,-0.056374827892361146
54,2017-01-05 12:00:00,0.0052208337450185,4.125421633324094,-1.0629023703464233,-1.0264100483246277,-0.03649232202179564
55,2017-01-05 14:00:00,0.0056814499999429,4.708529049952677,-1.0497873835931182,-0.9996772070998475,-0.05011017649327065
56,2017-01-05 16:00:00,0.005587258202968201,4.3481156947099135,-1.0524692780256018,-1.0162005314929792,-0.036268746532622576
57,2017-01-05 18:00:00,0.0054719999998859995,4.365331199909057,-1.0557509898420485,-1.0154112783400113,-0.04033971150203719
58,2017-01-05 20:00:00,0.005510491172500001,4.54547002489,-1.0546550423726422,-1.0071527268805271,-0.04750231549211503
59,2017-01-05 22:00:00,0.005803028000000001,4.99165282,-1.0463257301165079,-0.986697261079958,-0.059628469036549836
60,2017-01-06 00:00:00,0.0059189541913444,4.875037586334132,-1.0430249988731164,-0.9920435428062389,-0.05098145606687754
61,2017-01-06 02:00:00,0.0057711148259288,4.894277702376392,-1.0472343842309149,-0.9911614703910432,-0.056072913839871674
62,2017-01-06 04:00:00,0.0057614814518604,5.075796570024108,-1.0475086723654432,-0.9828396502087781,-0.06466902215666515
63,2017-01-06 06:00:00,0.0055087499999435,5.119188749947496,-1.0547046182501099,-0.9808503147566654,-0.07385430349344446
64,2017-01-06 08:00:00,0.0055326899998221,5.035792859838077,-1.0540229819033127,-0.9846736396287521,-0.06934934227456058
65,2017-01-06 10:00:00,0.0053278667997612,4.538235887796591,-1.0598548506809553,-1.0074843793905133,-0.05237047129044203
66,2017-01-06 12:00:00,0.0053567575613098,4.690911693107193,-1.059032252800503,-1.0004848833356834,-0.05854736946481953
67,2017-01-06 14:00:00,0.0054109392169904,4.4078954997408335,-1.057489554971396,-1.0134598974506621,-0.044029657520733956
68,2017-01-06 16:00:00,0.0053877920063344,4.477591894264282,-1.0581486184714004,-1.0102646325721814,-0.04788398589921905
69,2017-01-06 18:00:00,0.005274719987864,4.677749989237499,-1.0613680837172637,-1.0010882880082401,-0.06027979570902353
70,2017-01-06 20:00:00,0.0053256766388,4.7303554977525595,-1.0599172104689278,-0.9986765630557214,-0.06124064741320645
71,2017-01-06 22:00:00,0.00520576,5.12806784,-1.0633315605109621,-0.9804432485835639,-0.0828883119273982
72,2017-01-07 00:00:00,0.0050878371270048,4.64957360577556,-1.066689142664674,-1.002380047920559,-0.06430909474411517
73,2017-01-07 02:00:00,0.0049176512140293,4.658733107690646,-1.071534794485275,-1.0019601261301454,-0.06957466835512971
74,2017-01-07 04:00:00,0.004890272639424,4.678230749885376,-1.0723143363260896,-1.0010662473040743,-0.07124808902201529
75,2017-01-07 06:00:00,0.004995075999999999,4.358782099,-1.0693303020655496,-1.015711525035173,-0.05361877703037665
76,2017-01-07 08:00:00,0.005304394034934,4.716994695495,-1.060523183586017,-0.9992890954900576,-0.061234088095959316
77,2017-01-07 10:00:00,0.0052380651998808,4.5068717259974385,-1.0624117443647234,-1.0089222845407733,-0.05348945982395015
78,2017-01-07 12:00:00,0.005165809909322001,4.643905507500193,-1.064469047311382,-1.002639904624351,-0.06182914268703099
79,2017-01-07 14:00:00,0.00535491,4.53997467,-1.0590848578526366,-1.0074046640803618,-0.05168019377227484
80,2017-01-07 16:00:00,0.0054902400055328,4.623360004659201,-1.0552316477001231,-1.0035818231279898,-0.051649824572133296
81,2017-01-07 18:00:00,0.005467349999938501,4.646491849947734,-1.05588338787851,-1.002521332505336,-0.05336205537317418
82,2017-01-07 20:00:00,0.005373795841671599,4.62546807967988,-1.0585471270176952,-1.0034851774102187,-0.05506194960747646
83,2017-01-07 22:00:00,0.0052707766838615,4.676403625732003,-1.0614803602146823,-1.0011500126936015,-0.060330347521080796
84,2017-01-08 00:00:00,0.005320078580482001,4.618188891151969,-1.0600766022834804,-1.0038188953249847,-0.056257706958495746
85,2017-01-08 02:00:00,0.0053660399988942,4.756146219019882,-1.058767956773916,-0.9974941749792701,-0.06127378179464604
86,2017-01-08 04:00:00,0.0054416999999418,4.768509349948999,-1.0566137125394022,-0.9969273812689788,-0.05968633127042333
87,2017-01-08 06:00:00,0.0055733599908506,4.7984019921227965,-1.0528649975988218,-0.9955569386468603,-0.05730805895196145
88,2017-01-08 08:00:00,0.0054714959916488,4.554270893048769,-1.0557653403155365,-1.0067492468279342,-0.049016093487602275
89,2017-01-08 10:00:00,0.005289599999999999,4.5752760000000015,-1.0609444096502583,-1.0057862575518186,-0.05515815209843966
90,2017-01-08 12:00:00,0.005422100000117999,4.5950000001,-1.057171777382546,-1.0048820012382231,-0.05228977614432284
91,2017-01-08 14:00:00,0.0055154863917252,4.629383323854606,-1.0545128150125176,-1.003305681149505,-0.05120713386301268
92,2017-01-08 16:00:00,0.0055632000000608,4.5310708500495185,-1.0531542799313436,-1.0078128640075834,-0.045341415923760175
93,2017-01-08 18:00:00,0.0054749384998191,4.6556044198461715,-1.0556673228257736,-1.0021035623358994,-0.05356376048987421
94,2017-01-08 20:00:00,0.0055691427909572,4.589511432947861,-1.0529850726507695,-1.0051336272509361,-0.047851445399833326
95,2017-01-08 22:00:00,0.005404399999999999,4.585157079999999,-1.0576757441110307,-1.0053332546654954,-0.05234248944553532
96,2017-01-09 00:00:00,0.0052831799973045,4.6075679976492,-1.0611272044374753,-1.0043058153187594,-0.056821389118715926
97,2017-01-09 02:00:00,0.00534,4.588831099999999,-1.0595093857549875,-1.0051648174436116,-0.05434456831137591
98,2017-01-09 04:00:00,0.0053580799998206,4.420496639851992,-1.0589945994103633,-1.0128821920944338,-0.04611240731592958
99,2017-01-09 06:00:00,0.0053043999999404,4.485964899949597,-1.060523013746201,-1.009880768081392,-0.050642245664809016
100,2017-01-09 08:00:00,0.0051965894,4.3959155768999985,-1.0635926722199696,-1.0140091228010115,-0.04958354941895804
101,2017-01-09 10:00:00,0.0053001,4.43748834,-1.0606454463387434,-1.0121031993921594,-0.04854224694658393
102,2017-01-09 12:00:00,0.0053815805820018,4.483237140606226,-1.0583254744702288,-1.0100058235263172,-0.04831965094391166
103,2017-01-09 14:00:00,0.0053612747696235,4.407679693751191,-1.058903635699906,-1.0134697911805168,-0.045433844519389144
104,2017-01-09 16:00:00,0.005285218538971999,4.380764205125339,-1.0610691616596108,-1.0147037447599148,-0.04636541689969609
105,2017-01-09 18:00:00,0.005238840008204001,4.3898797268745335,-1.0623896834826192,-1.0142858392614542,-0.04810384422116498
106,2017-01-09 20:00:00,0.005376264666489001,4.3306305535575005,-1.0584768329183658,-1.0170021462364907,-0.04147468668187515
107,2017-01-09 22:00:00,0.00534886,4.23319424,-1.059257117665462,-1.0214691611047302,-0.03778795656073175
108,2017-01-10 00:00:00,0.0054659999999999995,4.28131738,-1.055921826016811,-1.0192629325022953,-0.03665889351451579
109,2017-01-10 02:00:00,0.0054441312968852,4.248485546469277,-1.056544486959833,-1.0207681237721473,-0.035776363187685734
110,2017-01-10 04:00:00,0.005364,4.3162199999999995,-1.058826041042954,-1.0176628050263261,-0.04116323601662786
111,2017-01-10 06:00:00,0.005391817152902699,4.2628772130152,-1.0580340116954585,-1.0201083308664822,-0.037925680828976294
112,2017-01-10 08:00:00,0.0054325996028012,4.292811037813493,-1.0568728253837119,-1.0187360002070476,-0.03813682517666428
113,2017-01-10 10:00:00,0.005395563723851,4.289255524277725,-1.0579273367185509,-1.0188990044428259,-0.039028332275725
114,2017-01-10 12:00:00,0.0054830789988543,4.223689406117452,-1.0554355408687313,-1.021904914806028,-0.033530626062703295
115,2017-01-10 14:00:00,0.005488845029209199,4.216157582436522,-1.0552713664373794,-1.0222502149014365,-0.03302115153594287
116,2017-01-10 16:00:00,0.0053906940498215,4.2989652548576505,-1.0580659894684419,-1.0184538571534476,-0.039612132314994275
117,2017-01-10 18:00:00,0.00543690000012,4.285672671094591,-1.056750381476735,-1.019063262077946,-0.03768711939878888
118,2017-01-10 20:00:00,0.005472599980020001,4.173231445763885,-1.055733906789886,-1.0242181843755647,-0.031515722414321434
119,2017-01-10 22:00:00,0.005397245,4.144911811,-1.0578794662533055,-1.0255165117130283,-0.03236295454027727
120,2017-01-11 00:00:00,0.0054964000000604,4.230216900046487,-1.0550562560465153,-1.0216056586933042,-0.0334505973532111
121,2017-01-11 02:00:00,0.00559368,4.2501,-1.052286432148792,-1.0206941083700602,-0.03159232377873167
122,2017-01-11 04:00:00,0.005599680053504001,4.23660004048,-1.0521155944473803,-1.0213130205363226,-0.030802573911057785
123,2017-01-11 06:00:00,0.0056253815597916,4.211535661097312,-1.0513838032635083,-1.022462109118164,-0.02892169414534429
124,2017-01-11 08:00:00,0.005335019168340002,3.9860834274020007,-1.059651203462337,-1.0327980756918627,-0.02685312777047444
125,2017-01-11 10:00:00,0.00504712,3.88375884,-1.0678484690575045,-1.0374891958361143,-0.030359273221390204
126,2017-01-11 12:00:00,0.004871520000656699,3.843596640518132,-1.072848274515186,-1.039330451274425,-0.03351782324076091
127,2017-01-11 14:00:00,0.00479939999562,3.766817085562349,-1.0749017255182556,-1.0428504470649256,-0.03205127845333
128,2017-01-11 16:00:00,0.0046940400000612,3.631629950047348,-1.0779016086776303,-1.0490481666038922,-0.028853442073738078
129,2017-01-11 18:00:00,0.0049369499999379,3.8644949999513902,-1.0709853060144705,-1.0383723558898426,-0.03261295012462795
130,2017-01-11 20:00:00,0.0048731576794902,3.845164674638,-1.0728016453830658,-1.0392585639926548,-0.033543081390410956
131,2017-01-11 22:00:00,0.0048706862742923,3.764125770454767,-1.072872012952786,-1.0429738317062542,-0.029898181246531763
132,2017-01-12 00:00:00,0.0047594915283621,3.732181895005291,-1.0760380271876744,-1.0444383141088833,-0.03159971307879106
133,2017-01-12 02:00:00,0.004718215499827499,3.779727342746936,-1.077213267014044,-1.042258570087126,-0.03495469692691788
134,2017-01-12 04:00:00,0.0047139699948508,3.660263126001793,-1.0773341479880332,-1.04773546481907,-0.02959868316896319
135,2017-01-12 06:00:00,0.004655550000061501,3.6294667800479448,-1.0789975227595456,-1.0491473381775802,-0.029850184581965422
136,2017-01-12 08:00:00,0.0047740603358125,3.6496125375496415,-1.07562321395718,-1.0482237461921455,-0.027399467765034435
137,2017-01-12 10:00:00,0.0047570149954194,3.7268868564113258,-1.0761085407581148,-1.0446810677113496,-0.031427473046765186
138,2017-01-12 12:00:00,0.0048484800001248,3.7588540500967524,-1.073504285453883,-1.0432155162729282,-0.0302887691809548
139,2017-01-12 14:00:00,0.004960449996952199,3.867867022623505,-1.070316197735615,-1.0382177638813561,-0.03209843385425892
140,2017-01-12 16:00:00,0.0050808336463933,3.96127316405608,-1.0668885506414116,-1.0339355142012308,-0.03295303644018088
141,2017-01-12 18:00:00,0.0052252200000638,4.04182233004935,-1.0627774818384719,-1.0302426987715514,-0.03253478306692048
142,2017-01-12 20:00:00,0.0052762599998086,4.033047439853698,-1.0613242354248131,-1.0306449878518746,-0.030679247572938495
143,2017-01-12 22:00:00,0.005199908455777001,4.09884592341,-1.063498169752713,-1.027628424584832,-0.035869745167881106
144,2017-01-13 00:00:00,0.0051469599999363,4.088310319949402,-1.0650057550572585,-1.0281114344154183,-0.03689432064184017
145,2017-01-13 02:00:00,0.0051141200000649,4.067719040051621,-1.0659407984012295,-1.0290554515903414,-0.036885346810888064
146,2017-01-13 04:00:00,0.0051273600002616,4.047525440206507,-1.065563819896157,-1.0299812369311236,-0.03558258296503336
147,2017-01-13 06:00:00,0.0050978948403488005,4.0420997403274646,-1.0664027724468086,-1.0302299807633293,-0.03617279168347931
148,2017-01-13 08:00:00,0.00519541,4.16466314,-1.063626252918027,-1.0246110024928092,-0.039015250425217696
149,2017-01-13 10:00:00,0.0052037505011700005,4.064009054863743,-1.0633887763609338,-1.0292255376536388,-0.034163238707294985
150,2017-01-13 12:00:00,0.0052470563263419005,4.105575745534652,-1.0621557427512893,-1.027319892638232,-0.03483585011305723
151,2017-01-13 14:00:00,0.0052815223969356,4.143031878147633,-1.0611744007894233,-1.0256026981428736,-0.03557170264654963
152,2017-01-13 16:00:00,0.0053271302271452,4.1709041938568765,-1.0598758228893792,-1.0243248783635779,-0.03555094452580132
153,2017-01-13 18:00:00,0.0053471509518419995,4.3044400887337275,-1.0593057788746858,-1.0182028607494105,-0.041102918125275334
154,2017-01-13 20:00:00,0.00538021,4.32651784,-1.058364498635368,-1.0171906955764585,-0.0411738030589095
155,2017-01-13 22:00:00,0.0053277,4.30982846,-1.0598595999199047,-1.0179558282654912,-0.0419037716544135
156,2017-01-14 00:00:00,0.0052921332000633,4.4059308000527,-1.0608722826141006,-1.0135499700570456,-0.04732231255705499
157,2017-01-14 02:00:00,0.005359131265725,4.27336308940932,-1.0589646670355004,-1.0196276007972827,-0.039337066238217755
158,2017-01-14 04:00:00,0.0053083499999355,4.223051669948688,-1.0604105465958185,-1.0219341521287864,-0.038476394467032105
159,2017-01-14 06:00:00,0.00525591885,4.3073451378000005,-1.0619034028064127,-1.0180696773714868,-0.04383372543492592
160,2017-01-14 08:00:00,0.0053125500016692005,4.2864500013467985,-1.0602909612218494,-1.0190276249969918,-0.04126333622485756
161,2017-01-14 10:00:00,0.0053754673559356,4.34710873214892,-1.058499534499637,-1.0162466961780692,-0.0422528383215679
162,2017-01-14 12:00:00,0.0052058046653120004,4.268907624426463,-1.063330288769097,-1.019831863741935,-0.04349842502716195
163,2017-01-14 14:00:00,0.005038707000000001,4.304251122,-1.0680880098517687,-1.0182115240206113,-0.049876485831157336
164,2017-01-14 16:00:00,0.0050425199999391,4.321803959947804,-1.0679794434623784,-1.0174068056848098,-0.050572637777568596
165,2017-01-14 18:00:00,0.00518925,4.34485425,-1.0638016447274488,-1.0163500540013666,-0.04745159072608218
166,2017-01-14 20:00:00,0.004966226138368,4.311680800585137,-1.0701517354150965,-1.0178709068164675,-0.052280828598628926
167,2017-01-14 22:00:00,0.0051419305248642,4.242517771069076,-1.0651489577737094,-1.0210417193185066,-0.04410723845520281
168,2017-01-15 00:00:00,0.0051433272930896,4.249551325741084,-1.0651091880161776,-1.0207192626065344,-0.04438992540964315
169,2017-01-15 02:00:00,0.0051408,4.23465648,-1.0651811468648666,-1.0214021240054962,-0.04377902285937041
170,2017-01-15 04:00:00,0.0052591579506284,4.229858641552399,-1.0618111768778227,-1.0216220832270466,-0.04018909365077605
171,2017-01-15 06:00:00,0.005256523577044999,4.201482686416624,-1.061886184596895,-1.022922992599169,-0.03896319199772602
172,2017-01-15 08:00:00,0.0052250893694362,4.238063435713502,-1.0627812012446636,-1.0212459304748505,-0.041535270769813115
173,2017-01-15 10:00:00,0.005264341089438,4.230947653618025,-1.0616635989404362,-1.0215721569427771,-0.040091441997659016
174,2017-01-15 12:00:00,0.005241664002112001,4.117097750858884,-1.0623092767616258,-1.026791660737659,-0.03551761602396675
175,2017-01-15 14:00:00,0.0052257515739348006,4.07043720649732,-1.0627623464970632,-1.0289308359364442,-0.03383151056061906
176,2017-01-15 16:00:00,0.0052013620683520004,4.104134740033147,-1.0634567814832767,-1.0273859562316237,-0.03607082525165306
177,2017-01-15 18:00:00,0.005245171204212,4.047183814449987,-1.0622094172612477,-1.0299968989289767,-0.03221251833227101
178,2017-01-15 20:00:00,0.0052397322704114,4.066896023519905,-1.062364278371737,-1.0290931831808516,-0.03327109519088545
179,2017-01-15 22:00:00,0.005223313942462,4.087808063835496,-1.0628317524377644,-1.028134460589609,-0.0346972918481554
180,2017-01-16 00:00:00,0.005479690000000001,4.20665273,-1.0555320348039883,-1.02268596945335,-0.032846065350638165
181,2017-01-16 02:00:00,0.00538021,4.1705332,-1.058364498635368,-1.02434188675618,-0.03402261187918798
182,2017-01-16 04:00:00,0.00539378,4.14867586,-1.0579781241461055,-1.0253439470681451,-0.03263417707796035
183,2017-01-16 06:00:00,0.0057117411,4.1704746021000005,-1.0489249142995474,-1.0243445732052152,-0.02458034109433216
184,2017-01-16 08:00:00,0.005766446,4.1612053630000005,-1.0473673182938252,-1.024769525949887,-0.022597792343938217
185,2017-01-16 10:00:00,0.00572093055,4.06275279555,-1.048663265880214,-1.0292831314687982,-0.019380134411415728
186,2017-01-16 12:00:00,0.0056691742833162,4.0907012188892855,-1.0501369063449213,-1.028001822498434,-0.022135083846487325
187,2017-01-16 14:00:00,0.005719673682189,4.042532728456815,-1.0486990522957296,-1.030210130213355,-0.018488922082374515
188,2017-01-16 16:00:00,0.005747650000139001,3.989125470096472,-1.0479024910901753,-1.0326586117748704,-0.015243879315304909
189,2017-01-16 18:00:00,0.005774754994301,4.027613257025221,-1.0471307388222457,-1.0308941205889954,-0.01623661823325029
190,2017-01-16 20:00:00,0.0052359858124281,3.9780174738184977,-1.0624709501322263,-1.0331678632307024,-0.029303086901523834
191,2017-01-16 22:00:00,0.0053636300000647,4.000273180048255,-1.0588365759387555,-1.032147539626476,-0.02668903631227937
192,2017-01-17 00:00:00,0.0054762900135095,4.021408449920442,-1.0556288415868746,-1.0311785829683653,-0.024450258618509357
193,2017-01-17 02:00:00,0.0056346829272436,4.062378641382401,-1.0511189682525497,-1.0293002847473722,-0.02181868350517746
194,2017-01-17 04:00:00,0.005233800000061,4.203213300048988,-1.0625331861039995,-1.0228436517811033,-0.039689534322896236
195,2017-01-17 06:00:00,0.005632000032000001,4.233328024053002,-1.0511953575141189,-1.0214630277101868,-0.029732329803932034
196,2017-01-17 08:00:00,0.00570824237711,4.279276108069681,-1.0490245323739538,-1.0193565156001152,-0.029668016773838568
197,2017-01-17 10:00:00,0.0054625,4.19058528,-1.0560214804539825,-1.0234225894610676,-0.03259889099291491
198,2017-01-17 12:00:00,0.0055087999999374,4.23815039995184,-1.0547031946154668,-1.0212419435573301,-0.03346125105813669
199,2017-01-17 14:00:00,0.005354145295432501,4.251384781973241,-1.0591066310535728,-1.0206352069197964,-0.038471424133776466
200,2017-01-17 16:00:00,0.0055709999999381,4.3846829999512815,-1.0529321929034263,-1.0145240857178808,-0.03840810718554555
201,2017-01-17 18:00:00,0.0056310351042,4.3833262792869006,-1.051222831610353,-1.014586285232195,-0.03663654637815794
202,2017-01-17 20:00:00,0.005639572570799999,4.3482361750421985,-1.0509797469163833,-1.0161950080139395,-0.034784738902443824
203,2017-01-17 22:00:00,0.0056509020041316,4.3131276841535,-1.0506571674014882,-1.017804573740261,-0.03285259366122717
204,2017-01-18 00:00:00,0.00556968190544,4.2272995936745605,-1.0529697226078112,-1.021739404013327,-0.03123031859448422
205,2017-01-18 02:00:00,0.0055819780000000005,4.2201798035000015,-1.0526196196413011,-1.0220658142335755,-0.030553805407725676
206,2017-01-18 04:00:00,0.0056436535070936,4.269567665466807,-1.0508635516565341,-1.0198016038415632,-0.031061947814970958
207,2017-01-18 06:00:00,0.00552767,4.2149510700000015,-1.0541659148338478,-1.0223055280469762,-0.03186038678687164
208,2017-01-18 08:00:00,0.0055060710001854,4.1828676981408455,-1.054780896596703,-1.0237764057299,-0.031004490866803014
209,2017-01-18 10:00:00,0.005613529931312501,4.247870369622795,-1.051721251082266,-1.020796326851877,-0.03092492423038906
210,2017-01-18 12:00:00,0.0055574700008974,4.131402390667124,-1.0533174284575213,-1.0261358576148276,-0.02718157084269368
211,2017-01-18 14:00:00,0.005593365997756499,4.184553298321575,-1.0522953726393196,-1.0236991285752715,-0.02859624406404815
212,2017-01-18 16:00:00,0.005456863930125001,4.1894483482230225,-1.0561819545600548,-1.023474712647655,-0.03270724191239971
213,2017-01-18 18:00:00,0.0054301915058352,4.335651125980338,-1.0569413903973695,-1.016771975668239,-0.04016941472913049
214,2017-01-18 20:00:00,0.0054506400000000005,4.38236697,-1.0563591666325125,-1.0146302652299122,-0.04172890140260033
215,2017-01-18 22:00:00,0.0056450940021021,4.420055431645924,-1.0508225368795856,-1.0129024194977965,-0.03792011738178913
216,2017-01-19 00:00:00,0.0055848909999371,4.4098974139503335,-1.052536678678669,-1.0133681187265677,-0.03916855995210122
217,2017-01-19 02:00:00,0.00559812394,4.4466810609800005,-1.0521599011946423,-1.011681754657666,-0.040478146536976345
218,2017-01-19 04:00:00,0.005472817349262001,4.390116099778,-1.0557277177014661,-1.0142750026314988,-0.04145271506996728
219,2017-01-19 06:00:00,0.005434844982892,4.38474576119754,-1.0568088933582305,-1.0145212083982251,-0.042287684960005345
220,2017-01-19 08:00:00,0.0053938319800554005,4.494985213309384,-1.0579766441337726,-1.0094672274575405,-0.0485094166762321
221,2017-01-19 10:00:00,0.00531313,4.43053839,-1.060274447105502,-1.0124218232075524,-0.04785262389794953
222,2017-01-19 12:00:00,0.00536067,4.4227750000000015,-1.0589208551217486,-1.0127777395727324,-0.04614311554901618
223,2017-01-19 14:00:00,0.0053790544574424,4.424196467095646,-1.0583974000477123,-1.012712571726997,-0.04568482832071541
224,2017-01-19 16:00:00,0.0054450900000603,4.5373763400502485,-1.0565171900954533,-1.007523785772207,-0.04899340432324628
225,2017-01-19 18:00:00,0.0054450600003624,4.517876265300691,-1.0565180442677418,-1.0084177761199296,-0.04810026814781221
226,2017-01-19 20:00:00,0.0054471401998794,4.508091169700192,-1.0564588153785786,-1.008866378555086,-0.04759243682349257
227,2017-01-19 22:00:00,0.0054284013741708005,4.4811498355399975,-1.0569923602726492,-1.0101015170354921,-0.04689084323715709
228,2017-01-20 00:00:00,0.00539392,4.45013632,-1.0579741379686187,-1.0115233466385978,-0.046450791330020946
229,2017-01-20 02:00:00,0.0054209700000603,4.475006240049778,-1.0572039515310472,-1.0103831731388204,-0.04682077839222676
230,2017-01-20 04:00:00,0.0053990311387644,4.4672602664570125,-1.0578286100666552,-1.0107382910403966,-0.0470903190262586
231,2017-01-20 06:00:00,0.0053993379999398,4.457090735950307,-1.057819872901591,-1.0112045180795555,-0.046615354822035604
232,2017-01-20 08:00:00,0.00538188,4.4967663600000005,-1.0583169492324889,-1.009385569927006,-0.04893137930548286
233,2017-01-20 10:00:00,0.0053595977874992,4.4214541474873394,-1.0589513839026903,-1.0128382946943026,-0.046113089208387636
234,2017-01-20 12:00:00,0.0054312347728716,4.46131124423309,-1.056911685771846,-1.0110110268383294,-0.04590065893351647
235,2017-01-20 14:00:00,0.0054254924998191,4.486873299850396,-1.0570751837687409,-1.0098391220490757,-0.04723606171966521
236,2017-01-20 16:00:00,0.00542039596,4.481073754460001,-1.0572202959993682,-1.0101050050093607,-0.04711529099000744
237,2017-01-20 18:00:00,0.0054276648323744,4.473123704080847,-1.057013331603556,-1.010469478909802,-0.04654385269375383
238,2017-01-20 20:00:00,0.005454,4.454712000000001,-1.0562634983728278,-1.0113135723784064,-0.04494992599442149
239,2017-01-20 22:00:00,0.005423699999999999,4.42483525,-1.0571262210717702,-1.0126832864161395,-0.04444293465563076
240,2017-01-21 00:00:00,0.005419756847991001,4.391881180433895,-1.0572384932415242,-1.014194081656088,-0.04304441158543626
241,2017-01-21 02:00:00,0.0054471796457985005,4.529196230633967,-1.0564576922469024,-1.0078988068403512,-0.04855888540655129
242,2017-01-21 04:00:00,0.0054565800000597,4.463610400048837,-1.0561900388145844,-1.010905620929194,-0.04528441788539039
243,2017-01-21 06:00:00,0.005471056506257999,4.4943903032658525,-1.0557778536496123,-1.0094945013958976,-0.046283352253714716
244,2017-01-21 08:00:00,0.005517300405840001,4.451900501971619,-1.05446116513948,-1.0114424668638018,-0.04301869827567817
245,2017-01-21 10:00:00,0.0055195399999402005,4.499071199951256,-1.0543973978567518,-1.0092799034259319,-0.045117494430819916
246,2017-01-21 12:00:00,0.00549888814827,4.490545734509035,-1.0549854117581074,-1.0096707575079327,-0.04531465425017478
247,2017-01-21 14:00:00,0.00548916,4.566612719999998,-1.0552623983696985,-1.0061834298088017,-0.049078968560896774
248,2017-01-21 16:00:00,0.005502796000000001,4.623995798,-1.0548741446824779,-1.003552674875118,-0.051321469807359854
249,2017-01-21 18:00:00,0.005485304999999999,4.54791708,-1.055372160614069,-1.007040540456794,-0.04833162015727499
250,2017-01-21 20:00:00,0.0055323175466956,4.579496520633168,-1.0540335866480826,-1.0055927657443835,-0.048440820903699056
251,2017-01-21 22:00:00,0.005526464819880599,4.570960343761245,-1.0542002295614161,-1.0059841108970538,-0.04821611866436237
252,2017-01-22 00:00:00,0.00556664,4.6385615599999985,-1.0530563338576833,-1.0028849004792524,-0.050171433378430885
253,2017-01-22 02:00:00,0.005569962358506,4.620335263427738,-1.0529617373528268,-1.003720493851052,-0.049241243501774834
254,2017-01-22 04:00:00,0.00553608,4.6596272,-1.0539264594576727,-1.0019191360362714,-0.05200732342140135
255,2017-01-22 06:00:00,0.00557856000596,4.64988888496783,-1.052716939147676,-1.0023655937936724,-0.05035134535400365
256,2017-01-22 08:00:00,0.00557598,4.62029252,-1.052790398873917,-1.0037224534441467,-0.04906794542977022
257,2017-01-22 10:00:00,0.0055923050747399995,4.615842006148107,-1.052325579978203,-1.003926489401808,-0.04839909057639491
258,2017-01-22 12:00:00,0.0054812699946333,4.527338125567293,-1.055487048096584,-1.007983992564816,-0.047503055531767924
259,2017-01-22 14:00:00,0.0055023749998794,4.538665499900524,-1.054886131691069,-1.0074646836160555,-0.04742144807501347
260,2017-01-22 16:00:00,0.0055383999963278,4.61655999693902,-1.0538604029067338,-1.0038935727671248,-0.04996683013960901
261,2017-01-22 18:00:00,0.0054805751168725,4.51303931005025,-1.055506833140057,-1.008639528670204,-0.0468673044698531
262,2017-01-22 20:00:00,0.005531879997180001,4.580968265264748,-1.0540460448625717,-1.005525292900723,-0.048520751961848685
263,2017-01-22 22:00:00,0.005581681173281999,4.657635703283964,-1.052628071098307,-1.002010437165345,-0.050617633932961814
264,2017-01-23 00:00:00,0.005555914105449,4.675668446738993,-1.0533617289961523,-1.001183717329714,-0.05217801166643832
265,2017-01-23 02:00:00,0.005584149970113,4.656645735077106,-1.0525577777958255,-1.0020558227360594,-0.05050195505976607
266,2017-01-23 04:00:00,0.005559878675945,4.64740609146028,-1.053248846984322,-1.0024794186615071,-0.050769428322814836
267,2017-01-23 06:00:00,0.00553199999994,4.665338439949401,-1.0540426280604267,-1.0016573014815906,-0.0523853265788361
268,2017-01-23 08:00:00,0.0058574061000637,4.6362610647504185,-1.0447774389861344,-1.002990367795379,-0.04178707119075531
269,2017-01-23 10:00:00,0.00608916,4.65892812,-1.0381787805688578,-1.0019511856966092,-0.03622759487224858
270,2017-01-23 12:00:00,0.005856225470596501,4.682859223944544,-1.044811054690438,-1.0008540526747345,-0.043957002015703406
271,2017-01-23 14:00:00,0.0059189244691556,4.635381801740294,-1.0430258451439727,-1.0030306780328655,-0.03999516711110718
272,2017-01-23 16:00:00,0.005812540571137201,4.602641427071467,-1.046054881567156,-1.0045316763270085,-0.04152320524014752
273,2017-01-23 18:00:00,0.005883765886552699,4.569216931568324,-1.0440269047899848,-1.0060640384713113,-0.037962866318673516
274,2017-01-23 20:00:00,0.005823530336451001,4.577727239277996,-1.0457419733165862,-1.0056738793028823,-0.040068094013703925
275,2017-01-23 22:00:00,0.005856462993,4.5431466057115,-1.0448042917871703,-1.0072592451552502,-0.03754504663192004
276,2017-01-24 00:00:00,0.0057397903478916,4.471053393190614,-1.0481262765819122,-1.0105643933127686,-0.03756188326914356
277,2017-01-24 02:00:00,0.005793104930785001,4.5614999455000005,-1.0466082666529752,-1.0064178274258253,-0.04019043922714993
278,2017-01-24 04:00:00,0.005775079931460001,4.542870376750819,-1.0471214869851897,-1.0072719090054036,-0.039849577979786055
279,2017-01-24 06:00:00,0.0060197839984912,4.536246773363034,-1.0401541023927359,-1.0075755713026957,-0.032578531090040164
280,2017-01-24 08:00:00,0.0056973350051086,4.420830178964002,-1.0493350946647595,-1.012866900832705,-0.036468193832054574
281,2017-01-24 10:00:00,0.00572232,4.377647120000002,-1.0486237044922917,-1.0148466490334045,-0.033777055458887206
282,2017-01-24 12:00:00,0.0057829343662068,4.271449354760956,-1.0468978500497632,-1.0197153368867957,-0.027182513162967492
283,2017-01-24 14:00:00,0.0057218500000000005,4.3178488,-1.0486370866595691,-1.0175881319034241,-0.031048954756144997
284,2017-01-24 16:00:00,0.005707546,4.454952892,-1.049044360107941,-1.0113025285682873,-0.037741831539653825
285,2017-01-24 18:00:00,0.00569849790631,4.40213930257453,-1.0493019837319846,-1.0137237930906713,-0.03557819064131329
286,2017-01-24 20:00:00,0.0057210109196786,4.435409056120557,-1.0486609775387608,-1.012198525166151,-0.03646245237260981
287,2017-01-24 22:00:00,0.005575500000503999,4.268664750385868,-1.0528040657538074,-1.0198429984196629,-0.0329610673341445
288,2017-01-25 00:00:00,0.0056128291369804,4.362491008083887,-1.051741204586477,-1.015541488306383,-0.036199716280093996
289,2017-01-25 02:00:00,0.0057703412888996,4.308482668363484,-1.047256408915851,-1.018017526733243,-0.02923888218260795
290,2017-01-25 04:00:00,0.006378808000000001,4.355229711000001,-1.0299317210208945,-1.0158743859792538,-0.01405733504164064
291,2017-01-25 06:00:00,0.0061916531260796,4.297150016545378,-1.0352605249135958,-1.0185370776308476,-0.016723447282748216
292,2017-01-25 08:00:00,0.0060091914210871,4.310009953876291,-1.040455701632565,-1.0179475075910498,-0.022508194041515273
293,2017-01-25 10:00:00,0.006029919999999999,4.305683999999999,-1.0398655030997275,-1.0181458330364528,-0.021719670063274688
294,2017-01-25 12:00:00,0.005750140000064899,4.259329820048073,-1.0478315940784115,-1.0202709628108682,-0.02756063126754338
295,2017-01-25 14:00:00,0.005863070000000001,4.28154013,-1.044616172483178,-1.0192527204209307,-0.025363452062247216
296,2017-01-25 16:00:00,0.0059082143808526005,4.296961193031098,-1.043330790235942,-1.0185457343360835,-0.024785055899858577
297,2017-01-25 18:00:00,0.0059299365028186,4.29574632785151,-1.0427123028534582,-1.0186014304171644,-0.02411087243629373
298,2017-01-25 20:00:00,0.00627759999517,4.275476060710439,-1.0328133858090636,-1.0195307306071693,-0.013282655201894311
299,2017-01-25 22:00:00,0.0063915012520308,4.287492238619616,-1.0295703099103213,-1.0189798431256962,-0.010590466784625052
300,2017-01-26 00:00:00,0.00625275284,4.3320463184100015,-1.033520851313001,-1.016937239812847,-0.016583611500154083
301,2017-01-26 02:00:00,0.0071528599999207,4.378984499951452,-1.0078923734798584,-1.0147853362034185,0.006892962723560103
302,2017-01-26 04:00:00,0.007066333359590398,4.33046359644827,-1.0103560202348478,-1.0170098004658232,0.0066537802309754035
303,2017-01-26 06:00:00,0.0063770295626357,4.3515356665034775,-1.0299823579279186,-1.016043741233855,-0.0139386166940636
304,2017-01-26 08:00:00,0.0064997429,4.3485082981000005,-1.026488378336923,-1.016182532400887,-0.010305845936035896
305,2017-01-26 10:00:00,0.00653772,4.37468283,-1.0254070679009493,-1.0149825483405552,-0.01042451956039403
306,2017-01-26 12:00:00,0.00684632,4.3596712,-1.01662039381205,-1.0156707637702875,-0.000949630041762406
307,2017-01-26 14:00:00,0.007396085660865302,4.333941228813663,-1.0009670830949675,-1.0168503667299265,0.015883283634958945
308,2017-01-26 16:00:00,0.007856100039129999,4.3214579315245025,-0.9878692333930252,-1.0174226695250483,0.029553436132023103
309,2017-01-26 18:00:00,0.007326829999999999,4.34605731,-1.0029389784962468,-1.0162948991344471,0.013355920638200347
310,2017-01-26 20:00:00,0.0068175907325,4.245281720177999,-1.0174383935214968,-1.0209150047362956,0.003476611214798808
311,2017-01-26 22:00:00,0.006819168623347399,4.186576472736907,-1.0173934667145494,-1.0236063751667694,0.006212908452220001
312,2017-01-27 00:00:00,0.007484559299186999,4.116581263352842,-0.9984480000574049,-1.026815339356898,0.02836733929949309
313,2017-01-27 02:00:00,0.007490876104019999,4.229604434342998,-0.9982681435915889,-1.0216337374793736,0.023365593887784697
314,2017-01-27 04:00:00,0.007296239996880001,4.238404054787584,-1.003809958365961,-1.0212303146288402,0.01742035626287919
315,2017-01-27 06:00:00,0.00747252,4.286050199999999,-0.9987907913672393,-1.019045954082887,0.020255162715647645
316,2017-01-27 08:00:00,0.007547840000000002,4.29781704,-0.996646227879307,-1.0185064976183194,0.02186026973901234
317,2017-01-27 10:00:00,0.0077617407628992,4.292041038227079,-0.99055589641151,-1.018771301210087,0.028215404798576982
318,2017-01-27 12:00:00,0.0083446199999091,4.359930839952506,-0.9739597528963053,-1.0156588604512282,0.0416991075549229
319,2017-01-27 14:00:00,0.007562399999999999,4.369429599999999,-0.9962316654206733,-1.015223385207833,0.018991719787159633
320,2017-01-27 16:00:00,0.007542321181281998,4.414014700008049,-0.9968033635287911,-1.0131793597581185,0.016375996229327394
321,2017-01-27 18:00:00,0.0076540349998331985,4.433099599903391,-0.9936225698967891,-1.012304403302166,0.01868183340537688
322,2017-01-27 20:00:00,0.0075276000000000015,4.32716742,-0.997222515253122,-1.0171609152675352,0.01993840001441316
323,2017-01-27 22:00:00,0.0074646034505702,4.304701089881097,-0.9990161968751728,-1.0181908950257152,0.019174698150542402
324,2017-01-28 00:00:00,0.00710610735939,4.292143507435863,-1.009223547216536,-1.0187666034597056,0.009543056243169534
325,2017-01-28 02:00:00,0.0071709399999217984,4.172102409954503,-1.007377587130095,-1.024269945567703,0.016892358437607946
326,2017-01-28 04:00:00,0.0071932085367084,4.114937872515326,-1.0067435418443513,-1.0268906814037948,0.020147139559443472
327,2017-01-28 06:00:00,0.0073092870001594,4.337745435094597,-1.0034384750035084,-1.0166759610550982,0.013237486051589809
328,2017-01-28 08:00:00,0.007092676853107998,4.255716647088485,-1.009605949943525,-1.0204366104707878,0.010830660527262781
329,2017-01-28 10:00:00,0.0070775078991357,4.16593926168826,-1.010037850963694,-1.024552498077494,0.014514647113800017
330,2017-01-28 12:00:00,0.007008351513696,4.172458959739512,-1.0120069197259265,-1.0242535993705537,0.012246679644627223
331,2017-01-28 14:00:00,0.00698858,4.3216918945,-1.0125698680314708,-1.017411943379405,0.004842075347934349
332,2017-01-28 16:00:00,0.0071318974144128,4.2534709515264,-1.0084892348114156,-1.0205395654687666,0.01205033065735095
333,2017-01-28 18:00:00,0.007161004240000001,4.238781341600001,-1.007660485005203,-1.021213017732651,0.013552532727447941
334,2017-01-28 20:00:00,0.007237699997566498,4.251434198570561,-1.0054767499898498,-1.020632941392018,0.015156191402168284
335,2017-01-28 22:00:00,0.0070088112094518,4.235691922398847,-1.0119938309482652,-1.0213546536484808,0.009360822700215543
336,2017-01-29 00:00:00,0.006999600000000001,4.24681389,-1.012256098917862,-1.0208447616705878,0.00858866275272585
337,2017-01-29 02:00:00,0.0072218623976568,4.2806440847098335,-1.0059276891627498,-1.0192938000501537,0.013366110887403915
338,2017-01-29 04:00:00,0.0069772202073178,4.223602262411036,-1.0128933119589365,-1.0219089099513492,0.009015597992412694
339,2017-01-29 06:00:00,0.0069074999999250005,4.226468999954109,-1.0148784342524264,-1.0217774829837156,0.006899048731289215
340,2017-01-29 08:00:00,0.0070452850000765985,4.270813137546435,-1.0109553237836286,-1.019744504572363,0.008789180788734363
341,2017-01-29 10:00:00,0.0070514145001533985,4.2186856995917745,-1.0107808003892582,-1.0221343121490762,0.011353511759818025
342,2017-01-29 12:00:00,0.0070430553657548,4.2578496216587265,-1.0110188074846107,-1.0203388232211377,0.009320015736526965
343,2017-01-29 14:00:00,0.0070931999999229,4.220803599954122,-1.009591054543126,-1.0220372159837694,0.012446161440643477
344,2017-01-29 16:00:00,0.0070898400006192,4.199576040366774,-1.009686722782985,-1.0230104037084584,0.013323680925473314
345,2017-01-29 18:00:00,0.0070315199999229005,4.195427999953997,-1.0113472504530523,-1.0232005726251736,0.011853322172121317
346,2017-01-29 20:00:00,0.006908653642479,4.234419048623575,-1.0148455869383075,-1.0214130091616558,0.006567422223348274
347,2017-01-29 22:00:00,0.00695399848,4.303298959388,-1.0135544971492243,-1.0182551763755652,0.004700679226340876
348,2017-01-30 00:00:00,0.0068716499999249,4.221425699953864,-1.0158991804160296,-1.0220086955087337,0.0061095150927041875
349,2017-01-30 02:00:00,0.006951969190168,4.254632586366461,-1.0136122765023858,-1.0204863097583177,0.006874033255931833
350,2017-01-30 04:00:00,0.006877499999999999,4.253330269999998,-1.015732615140333,-1.0205460150813102,0.004813399940977181
351,2017-01-30 06:00:00,0.006875520394500001,4.21675665794685,-1.015788979846597,-1.0222227499952417,0.0064337701486445464
352,2017-01-30 08:00:00,0.0067425884424832,4.2138887484119705,-1.019573910949555,-1.0223542306934057,0.0027803197438507343
353,2017-01-30 10:00:00,0.006789294264636801,4.187548862502183,-1.0182440702583113,-1.0235617954882017,0.00531772522989038
354,2017-01-30 12:00:00,0.0068445500001492,4.206425550091693,-1.0166707904803145,-1.022696384626001,0.006025594145686597
355,2017-01-30 14:00:00,0.007105320000077402,4.245658200046249,-1.00924596545915,-1.0208977448348517,0.011651779375701832
356,2017-01-30 16:00:00,0.006843392726897699,4.207385641142193,-1.0167037411701807,-1.022652368787954,0.005948627617773372
357,2017-01-30 18:00:00,0.006892500000074999,4.207999910045788,-1.0153055246931766,-1.0226242073333045,0.007318682640127916
358,2017-01-30 20:00:00,0.006793200000074001,4.2093329400458535,-1.0181328634392441,-1.0225630939289414,0.004430230489697262
359,2017-01-30 22:00:00,0.0069768,4.2116463,-1.0129052763942938,-1.0224570368242185,0.009551760429924672
360,2017-01-31 00:00:00,0.00687987,4.2171761100000005,-1.0156651348500199,-1.0222035200132202,0.0065383851632003775
361,2017-01-31 02:00:00,0.007001325759436,4.1915831849255,-1.0122069618934937,-1.0233768400276526,0.011169878134158928
362,2017-01-31 04:00:00,0.0069877627238076005,4.227172388424317,-1.0125931380883186,-1.0217452357994796,0.00915209771116099
363,2017-01-31 06:00:00,0.007047925000151,4.235485535090744,-1.0108801558631864,-1.02136411557433,0.010483959711143687
364,2017-01-31 08:00:00,0.0071123873661531984,4.210858299297701,-1.0090447384909875,-1.0224931630971126,0.013448424606125053
365,2017-01-31 10:00:00,0.006963400000000001,4.2673691300000005,-1.0132868105251793,-1.0199023967621899,0.006615586237010529
366,2017-01-31 12:00:00,0.0066864049400915,4.246894351372797,-1.0211736067521757,-1.0208410728800796,-0.00033253387209608576
367,2017-01-31 14:00:00,0.0066920556770200005,4.2243792662779525,-1.021012715035543,-1.021873287833686,0.000860572798143
368,2017-01-31 16:00:00,0.0065919326999309,4.194443915056032,-1.0238634861583304,-1.0232456884727494,-0.0006177976855810119
369,2017-01-31 18:00:00,0.0067172643972252,4.189917589650975,-1.0202949548001532,-1.0234532000476917,0.0031582452475384937
370,2017-01-31 20:00:00,0.006703042233656,4.213937781729096,-1.0206998981446818,-1.022351982737293,0.001652084592611347
371,2017-01-31 22:00:00,0.0068375508702781,4.292531263888901,-1.0168700745797417,-1.0187488265777842,0.0018787519980425493
372,2017-02-01 00:00:00,0.006706800000000001,4.23765756,-1.0205929044046722,-1.0212645380430219,0.0006716336383496557
373,2017-02-01 02:00:00,0.0066125099999319,4.158899809957169,-1.0232775949440132,-1.0248752251429887,0.0015976301989755193
374,2017-02-01 04:00:00,0.006685410000000001,4.1745734730000015,-1.021201935379272,-1.024156658488568,0.002954723109295898
375,2017-02-01 06:00:00,0.0068047649994408006,4.117856324661604,-1.017803576724162,-1.026756883555193,0.008953306831031016
376,2017-02-01 08:00:00,0.00679185,4.024800000000001,-1.018171301581403,-1.0310230957164506,0.012851794135047667
377,2017-02-01 10:00:00,0.0068398271102133,4.062972743586704,-1.0168052638912815,-1.029273047844795,0.012467783953513445
378,2017-02-01 12:00:00,0.0065614879,4.1136873172,-1.0247303317017347,-1.026948013716391,0.0022176820146564413
379,2017-02-01 14:00:00,0.0068259398202118,4.157442100129,-1.0172006724824068,-1.0249420545543064,0.007741382071899672
380,2017-02-01 16:00:00,0.0068384025598592,4.212630822393264,-1.0168458246809275,-1.0224119009194594,0.005566076238531892
381,2017-02-01 18:00:00,0.006822752300000001,4.209579688366,-1.0172914297774582,-1.0225517816329956,0.005260351855537415
382,2017-02-01 20:00:00,0.006820100000000001,4.157172469,-1.0173669479099468,-1.024954415923679,0.007587468013732224
383,2017-02-01 22:00:00,0.00683185,4.17809405,-1.0170323937280137,-1.0239952559351504,0.006962862207136711
384,2017-02-02 00:00:00,0.0067245200319176,4.171154699798178,-1.0200883673168406,-1.0243133937976752,0.0042250264808345595
385,2017-02-02 02:00:00,0.006738669626436,4.259161488107077,-1.0196854902088586,-1.020278680070027,0.0005931898611684083
386,2017-02-02 04:00:00,0.0067920237000693,4.249866258043362,-1.0181663558720764,-1.0207048243829873,0.002538468510910885
387,2017-02-02 06:00:00,0.007024875,4.161123300000002,-1.0115364515180014,-1.024773288167768,0.013236836649766603
388,2017-02-02 08:00:00,0.006793433364000001,4.1872261866796014,-1.0181262189390436,-1.0235765887171784,0.005450369778134734
389,2017-02-02 10:00:00,0.0069902731102,4.2706806233376,-1.012521660618885,-1.019750579750287,0.007228919131402112
390,2017-02-02 12:00:00,0.006842730000000001,4.264597593,-1.0167226107918919,-1.0200294592149333,0.0033068484230414086
391,2017-02-02 14:00:00,0.007122678,4.258616394,-1.0087517363983753,-1.0203036701727106,0.011551933774335277
392,2017-02-02 16:00:00,0.0067222575,4.182738,-1.020152787701078,-1.0237823518038265,0.003629564102748395
393,2017-02-02 18:00:00,0.0068200000001364,4.125830000082516,-1.0173697951756966,-1.0263913265532987,0.009021531377602088
394,2017-02-02 20:00:00,0.0067636800002013,4.070112480121135,-1.018973377431421,-1.0289457231740415,0.009972345742620625
395,2017-02-02 22:00:00,0.00680397973029,4.099291947815032,-1.0178259354542336,-1.027607976380501,0.009782040926267443
396,2017-02-03 00:00:00,0.006847870949865,4.1561301268800666,-1.0165762340875135,-1.0250022026017411,0.00842596851422761
397,2017-02-03 02:00:00,0.0068735679999324,3.9655199999610002,-1.015844569784246,-1.0337408159574486,0.017896246173202623
398,2017-02-03 04:00:00,0.006771002590029601,3.9784505607506553,-1.018764883554856,-1.0331480081510656,0.014383124596209607
399,2017-02-03 06:00:00,0.00686136,4.02203208,-1.0161921644591758,-1.0311499923460814,0.014957827886905584
400,2017-02-03 08:00:00,0.006665955302028001,4.032721158945976,-1.0217558630869128,-1.0306599463577213,0.008904083270808494
401,2017-02-03 10:00:00,0.0067692762001149,4.016142166844991,-1.0188140385306526,-1.0314200182601934,0.012605979729540806
402,2017-02-03 12:00:00,0.0067544972006057,4.119861909169442,-1.0192348364958093,-1.0266649365644982,0.0074301000686889385
403,2017-02-03 14:00:00,0.00672632,4.158162399999999,-1.0200371173722182,-1.024909032058731,0.004871914686512824
404,2017-02-03 16:00:00,0.0066900834,4.0795477866,-1.0210688710802216,-1.0285131569901556,0.0074442859099339564
405,2017-02-03 18:00:00,0.0064432167866885,4.090653694226378,-1.0280978291962242,-1.028004001289565,-9.382790665912744e-05
406,2017-02-03 20:00:00,0.006558387944983199,4.1091134346653995,-1.0248185957795795,-1.027157705570913,0.002339109791333449
407,2017-02-03 22:00:00,0.0065876300710825,4.018860360622027,-1.023985993602972,-1.031295401353278,0.007309407750305974
408,2017-02-04 00:00:00,0.006523001598591999,4.113669805012058,-1.025826140474772,-1.0269488165711078,0.0011226760963358728
409,2017-02-04 02:00:00,0.0068670186045078,4.086610026282623,-1.0160310487313466,-1.0281893852000135,0.01215833646866682
410,2017-02-04 04:00:00,0.0067529848481315,4.113644627025869,-1.019277897248558,-1.0269499708680485,0.007672073619490405
411,2017-02-04 06:00:00,0.007601249999999999,4.117840365,-0.9951255011680689,-1.0267576152335898,0.03163211406552091
412,2017-02-04 08:00:00,0.0077831212688512985,4.1138805847398086,-0.9899471357580528,-1.0269391532726577,0.0369920175146049
413,2017-02-04 10:00:00,0.0076006634714387,4.138100767271673,-0.9951422012176864,-1.0258287673032884,0.03068656608560205
414,2017-02-04 12:00:00,0.0073541741321048,4.185393843496423,-1.00216041732629,-1.0236605933756484,0.0215001760493585
415,2017-02-04 14:00:00,0.007676108830556,4.184671129550395,-0.9929940684176745,-1.0236937265456598,0.030699658127985363
416,2017-02-04 16:00:00,0.0085194184800821,4.220712925000675,-0.9689827688505663,-1.0220413730208169,0.053058604170250545
417,2017-02-04 18:00:00,0.009359991,4.23125673148,-0.9450494027436214,-1.021557987118874,0.07650858437525265
418,2017-02-04 20:00:00,0.0081913480002397,4.162106960121793,-0.9783238199995097,-1.024728191794261,0.04640437179475132
419,2017-02-04 22:00:00,0.007933055999999999,4.206151741,-0.9856780896880258,-1.0227089375360918,0.037030847848065984
420,2017-02-05 00:00:00,0.007718999999999998,4.223775048,-0.9917728411746539,-1.0219009885125474,0.030128147337893485
421,2017-02-05 02:00:00,0.0078588999999237,4.255362599958686,-0.9877895109595969,-1.0204528419324996,0.03266333097290275
422,2017-02-05 04:00:00,0.007437050000072502,4.239364692041328,-0.999800717904168,-1.0211862737498416,0.021385555845673587
423,2017-02-05 06:00:00,0.0076153400000740015,4.178094545040598,-0.9947243208746054,-1.023995233239775,0.029270912365169655
424,2017-02-05 08:00:00,0.0077556740998494,4.1836866414187615,-0.9907286306662922,-1.023738860879678,0.03301023021338578
425,2017-02-05 10:00:00,0.007383592800000002,4.1906093685900005,-1.0013227885287372,-1.0234214851080214,0.022098696579284205
426,2017-02-05 12:00:00,0.007507257080634802,4.150964597414652,-0.9978017330187693,-1.025239018795641,0.027437285776871767
427,2017-02-05 14:00:00,0.00751374,4.13315526,-0.9976171468243215,-1.0260554964734199,0.028438349649098416
428,2017-02-05 16:00:00,0.007919078500158001,4.068662146981176,-0.9860760667965459,-1.0290122143975244,0.042936147600978525
429,2017-02-05 18:00:00,0.00795092,4.12296571,-0.9851694534407022,-1.0265226413159205,0.041353187875218356
430,2017-02-05 20:00:00,0.0069498319999999995,4.160868459,-1.013673128069049,-1.0247849714765314,0.011111843407482391
431,2017-02-05 22:00:00,0.006969,4.0869044,-1.0131273634257048,-1.0281758894947233,0.01504852606901852
432,2017-02-06 00:00:00,0.0069661800000687,4.12401912004067,-1.0132076564274128,-1.026474347223685,0.013266690796272185
433,2017-02-06 02:00:00,0.00693594,4.1532246000000015,-1.0140686707665312,-1.0251354078852688,0.011066737118737624
434,2017-02-06 04:00:00,0.0071981651929200014,4.080109135686871,-1.0066024124772028,-1.0284874216700703,0.02188500919286751
435,2017-02-06 06:00:00,0.0072286804000000005,4.135233403999998,-1.0057335622524224,-1.025960222957752,0.020226660705329635
436,2017-02-06 08:00:00,0.00702464,4.1870336,-1.0115431426016401,-1.0235854179465467,0.012042275344906539
437,2017-02-06 10:00:00,0.007211399999999999,4.1635992,-1.0062255818341652,-1.0246597793361172,0.018434197501951965
438,2017-02-06 12:00:00,0.00712216,4.06002744,-1.0087664852550768,-1.0294080767106553,0.020641591455578423
439,2017-02-06 14:00:00,0.007435755999927299,4.1303016439596165,-0.9998375615773595,-1.0261863218794234,0.0263487603020639
440,2017-02-06 16:00:00,0.0077213999995458,4.170025199754703,-0.9917045067163828,-1.0243651762728494,0.032660669556466626
441,2017-02-06 18:00:00,0.00703136,4.197057620000002,-1.0113518060822708,-1.0231258619068664,0.011774055824595564
442,2017-02-06 20:00:00,0.0072607202150000005,4.1773377724855,-1.0048213023293062,-1.0240299278431737,0.019208625513867483
443,2017-02-06 22:00:00,0.0072913680014994,4.178413404859251,-1.0039486772109771,-1.023980614957342,0.020031937746364914
444,2017-02-07 00:00:00,0.0070314999999999996,4.19715975,-1.011347819904784,-1.0231211797076756,0.011773359802891514
445,2017-02-07 02:00:00,0.0071376500000000015,4.18853734,-1.0083254431888518,-1.0235164782597634,0.015191035070911685
446,2017-02-07 04:00:00,0.00695856,4.214495355,-1.0134246183754394,-1.0223264205213152,0.00890180214587577
447,2017-02-07 06:00:00,0.007269700006949998,4.257230464070009,-1.004565623439965,-1.0203672087999183,0.015801585359953352
448,2017-02-07 08:00:00,0.007248077770905002,4.32747786922993,-1.005181266800952,-1.0171466825726054,0.011965415771653332
449,2017-02-07 10:00:00,0.00711644319,4.26772366605,-1.00892925825021,-1.0198861428856951,0.010956884635485054
450,2017-02-07 12:00:00,0.007173035078598,4.2593503362897245,-1.0073179345911503,-1.0202700222338579,0.01295208764270761
451,2017-02-07 14:00:00,0.00708819,4.19547558,-1.0097337027495676,-1.0231983912949778,0.013464688545410164
452,2017-02-07 16:00:00,0.0075129187336775,4.231853747632837,-0.9976405304909319,-1.021530616624918,0.023890086133986133
453,2017-02-07 18:00:00,0.00752464,4.15606408,-0.9973067944342728,-1.025005230552866,0.02769843611859324
454,2017-02-07 20:00:00,0.0075179999998568,4.214279999919728,-0.9974958531420128,-1.022336293579012,0.024840440436999067
455,2017-02-07 22:00:00,0.007385040000210599,4.277947480121993,-1.0012815828366055,-1.0194174271902605,0.018135844353655006
456,2017-02-08 00:00:00,0.007420583999999998,4.2464,-1.0002695493240799,-1.0208637366575952,0.020594187333515368
457,2017-02-08 02:00:00,0.007390548138278798,4.2713534525519785,-1.0011247512940198,-1.0197197335698984,0.018594982275878635
458,2017-02-08 04:00:00,0.0074583299858103,4.200021422009332,-0.9991948193322481,-1.0229899849718838,0.023795165639635685
459,2017-02-08 06:00:00,0.00729651,4.426609409999998,-1.0038022706491159,-1.0126019491938119,0.008799678544695988
460,2017-02-08 08:00:00,0.0071075805867199,4.427179258915627,-1.00918160046214,-1.0125758241949707,0.0033942237328308256
461,2017-02-08 10:00:00,0.0071390160000000015,4.4595156744,-1.0082865494856585,-1.011093345604799,0.0028067961191404756
462,2017-02-08 12:00:00,0.007119027970106998,4.437804574475021,-1.0088556625911316,-1.0120887014698736,0.003233038878742045
463,2017-02-08 14:00:00,0.0072633330005544,4.429312524338084,-1.004746909279628,-1.0124780236110602,0.007731114331432254
464,2017-02-08 16:00:00,0.007311399999930502,4.5146264399570875,-1.0033783122026705,-1.0085667659328545,0.005188453730184062
465,2017-02-08 18:00:00,0.007239799999999999,4.537966,-1.0054169572582587,-1.0074967525269356,0.002079795268676854
466,2017-02-08 20:00:00,0.007393259671280001,4.5217598621529715,-1.0010475466382749,-1.0082397307460027,0.007192184107727817
467,2017-02-08 22:00:00,0.0078929348999249,4.5296407811569015,-0.9868204455870796,-1.007878426206857,0.021057980619777372
468,2017-02-09 00:00:00,0.0077710164990411,4.569633344586201,-0.9902917911930605,-1.0060449478153304,0.015753156622269837
469,2017-02-09 02:00:00,0.007661271600071602,4.744520640944342,-0.9934165243757053,-0.9980271552226644,0.004610630846959118
470,2017-02-09 04:00:00,0.007689563295,4.7026880996900005,-0.992610983537214,-0.9999449882865057,0.007334004749291689
471,2017-02-09 06:00:00,0.007181477102995999,4.633900905686867,-1.0070775673940155,-1.0030985704278819,-0.0039789969661336855
472,2017-02-09 08:00:00,0.007511875,4.61346,-0.9976702484029857,-1.0040356936244572,0.006365445221471533
473,2017-02-09 10:00:00,0.007424346410102599,4.597481244051095,-1.000162423363742,-1.0047682474105526,0.004605824046810536
474,2017-02-09 12:00:00,0.0066679057478,4.3969949912791,-1.0217003286367294,-1.0139596365273176,-0.007740692109411862
475,2017-02-09 14:00:00,0.006703199999931599,4.286167199956264,-1.0206954061134248,-1.019040590163367,-0.0016548159500577864
476,2017-02-09 16:00:00,0.0066240000000000005,4.2048,-1.0229504436611883,-1.0227709087552865,-0.00017953490590172372
477,2017-02-09 18:00:00,0.006486479999999999,4.14196848,-1.0268660088611408,-1.0256514501446983,-0.0012145587164424931
478,2017-02-09 20:00:00,0.0068926185809325,4.2022676546590985,-1.0153021483764297,-1.0228870053508607,0.007584856974431009
479,2017-02-09 22:00:00,0.0071360100000723015,4.293262470043499,-1.008372138408782,-1.018715304078368,0.01034316566958604
480,2017-02-10 00:00:00,0.006780898800070199,4.249962130843998,-1.0184831117715052,-1.0207004290481243,0.002217317276619113
481,2017-02-10 02:00:00,0.006927257877346999,4.276732906254266,-1.0143158742083709,-1.0194731099160081,0.005157235707637264
482,2017-02-10 04:00:00,0.006915676605421,4.209163253357189,-1.0146456242470898,-1.022570873297162,0.00792524905007208
483,2017-02-10 06:00:00,0.0068702099999291,4.219820579956451,-1.015940181098632,-1.0220822830104768,0.006142101911844833
484,2017-02-10 08:00:00,0.00683476,4.23387836,-1.0169495381816795,-1.0214377972928197,0.004488259111140147
485,2017-02-10 10:00:00,0.006867600000000001,4.2114975,-1.0160144948340468,-1.0224638586321066,0.006449363798059826
486,2017-02-10 12:00:00,0.0068296199998586,4.192826399913192,-1.0170958878448662,-1.023319844235923,0.006223956391056884
487,2017-02-10 14:00:00,0.0069269300021979,4.229853111342123,-1.014325209697927,-1.0216223367622084,0.007297127064281428
488,2017-02-10 16:00:00,0.00704304,4.257772012,-1.011019244989081,-1.0203423812734365,0.009323136284355549
489,2017-02-10 18:00:00,0.0070641285,4.1475721401,-1.010418798532426,-1.0253945476401871,0.014975749107761116
490,2017-02-10 20:00:00,0.00711425,4.20006415,-1.0089917042830845,-1.022988026086509,0.013996321803424472
491,2017-02-10 22:00:00,0.0073352954321317,4.203373105387317,-1.0026979448178186,-1.022836325428163,0.020138380610344342
492,2017-02-11 00:00:00,0.0070873707824486,4.181074954127183,-1.0097570280821409,-1.0238585949453125,0.014101566863171655
493,2017-02-11 02:00:00,0.0069614108634423,4.281536576715602,-1.0133434466063551,-1.0192528833229706,0.005909436716615479
494,2017-02-11 04:00:00,0.007131950001349,4.431934360838294,-1.00848773751955,-1.0123578242500526,0.0038700867305025977
495,2017-02-11 06:00:00,0.00713692,4.428489016,-1.0083462282571762,-1.0125157777486709,0.004169549491494617
496,2017-02-11 08:00:00,0.007158520001354702,4.426515520837687,-1.0077312179777738,-1.0126062535878175,0.004875035610043765
497,2017-02-11 10:00:00,0.007059513000000001,4.327421727000002,-1.0105502142623588,-1.0171492564402598,0.006599042177900971
498,2017-02-11 12:00:00,0.0072121736278906,4.3700850228084365,-1.00620355456216,-1.015193337032534,0.008989782470373964
499,2017-02-11 14:00:00,0.0073552526299263,4.329219862056621,-1.0021297095853205,-1.0170668200698783,0.014937110484557703
500,2017-02-11 16:00:00,0.0072080019995692,4.383499232738012,-1.0063223320685766,-1.014578356097672,0.008256024029095421
501,2017-02-11 18:00:00,0.007355845,4.3747427045,-1.0021128432120943,-1.0149798033651762,0.012866960153081974
502,2017-02-11 20:00:00,0.0072669328,4.314982242799999,-1.0046444132831476,-1.0177195506031422,0.013075137319994656
503,2017-02-11 22:00:00,0.0073336650016859,4.278788325983629,-1.0027443675687968,-1.0193788782055062,0.0166345106367094
504,2017-02-12 00:00:00,0.007269999999999999,4.33415,-1.0045570818289498,-1.0168407955140277,0.012283713685077968
505,2017-02-12 02:00:00,0.007193347334817,4.328968398376923,-1.0067395898879534,-1.0170783485437607,0.010338758655807245
506,2017-02-12 04:00:00,0.0072000000000000015,4.3415300000000006,-1.0065501705723812,-1.01650245584862,0.009952285276238815
507,2017-02-12 06:00:00,0.006999999999300001,4.379999999561998,-1.0122447098592589,-1.0147387801331673,0.0024940702739084664
508,2017-02-12 08:00:00,0.0071308504799272,4.438794179923672,-1.0085190438591065,-1.0120433325299845,0.003524288670877951
509,2017-02-12 10:00:00,0.0071228700006417,4.388417190395352,-1.0087462696224083,-1.0143528899529193,0.0056066203305109585
510,2017-02-12 12:00:00,0.0072299999997108,4.370339999825187,-1.0056959896905733,-1.015181647488017,0.009485657797443814
511,2017-02-12 14:00:00,0.0071071,4.41504063,-1.009195284061878,-1.0131323255019926,0.00393704144011453
512,2017-02-12 16:00:00,0.007095063,4.388052666,-1.0095380099076592,-1.0143696017499324,0.00483159184227322
513,2017-02-12 18:00:00,0.007087929997444,4.402163576412524,-1.009741105723391,-1.0137226802448414,0.003981574521450426
514,2017-02-12 20:00:00,0.0071784000000000014,4.37348008,-1.0071651808132114,-1.015037688995375,0.007872508182163562
515,2017-02-12 22:00:00,0.007174800000072002,4.513497275045293,-1.0072676825179663,-1.0086185330437554,0.0013508505257890935
516,2017-02-13 00:00:00,0.006999401122195499,4.52425911822985,-1.0122617615051972,-1.0081251511437237,-0.004136610361473503
517,2017-02-13 02:00:00,0.0072554600001454,4.538614580090954,-1.0049710748295166,-1.0074670180593253,0.002495943229808617
518,2017-02-13 04:00:00,0.0071225154717302,4.5851817693185986,-1.0087563640164472,-1.0053321227717564,-0.003424241244690762
519,2017-02-13 06:00:00,0.007271743475,4.519684454447002,-1.0045074403947074,-1.0083348788149489,0.003827438420241469
520,2017-02-13 08:00:00,0.007163108580133601,4.3872259169969645,-1.0076005687675942,-1.0144075044573935,0.006806935689799287
521,2017-02-13 10:00:00,0.0069869850165135,4.410502082168752,-1.0126152815119407,-1.0133403974199684,0.000725115908027707
522,2017-02-13 12:00:00,0.0069340802347941,4.312184466014387,-1.0141216232964925,-1.0178478160315338,0.003726192735041378
523,2017-02-13 14:00:00,0.0069265,4.286514,-1.014337453019931,-1.019024690947817,0.0046872379278859455
524,2017-02-13 16:00:00,0.006984899999999999,4.294221,-1.0126746475539825,-1.0186713598094297,0.0059967122554471786
525,2017-02-13 18:00:00,0.0070514058998586,4.335018836413071,-1.0107810452628403,-1.0168009632889206,0.006019918026080262
526,2017-02-13 20:00:00,0.00732532,4.3551921600000005,-1.0029819722677122,-1.0158761075229905,0.012894135255278272
527,2017-02-13 22:00:00,0.0070453788000708,4.321066153043423,-1.0109526530448776,-1.0174406307987887,0.006487977753911078
528,2017-02-14 00:00:00,0.0070843999999999985,4.36843805,-1.0098416142686766,-1.0152688432966184,0.005427229027941793
529,2017-02-14 02:00:00,0.0072359693595618,4.434522957717677,-1.005526025920223,-1.0122391487755207,0.006713122855297682
530,2017-02-14 04:00:00,0.00714555,4.4575368,-1.0081005088878074,-1.011184068057696,0.003083559169888561
531,2017-02-14 06:00:00,0.0072561000000000014,4.427557650000002,-1.0049528523080025,-1.0125584766729,0.007605624364897645
532,2017-02-14 08:00:00,0.007325359999999999,4.47580512,-1.0029808333598589,-1.0103465481015494,0.0073657147416905655
533,2017-02-14 10:00:00,0.0071228699999287,4.428896669955667,-1.0087462696427092,-1.0124970886561286,0.0037508190134194486
534,2017-02-14 12:00:00,0.007186724769866002,4.532505031472587,-1.00692815216876,-1.0077471132673648,0.0008189610986046869
535,2017-02-14 14:00:00,0.007142228792867998,4.559918541862476,-1.0081950726099416,-1.0064903276395916,-0.0017047449703500028
536,2017-02-14 16:00:00,0.00701981,4.60987079,-1.0116806657249369,-1.0042002426909176,-0.007480423034019301
537,2017-02-14 18:00:00,0.0072020202019417,5.152949494893328,-1.00649264997596,-0.9793025370942144,-0.027190112881745665
538,2017-02-14 20:00:00,0.0071504810432389985,4.8727406268654905,-1.00796010879105,-0.9921488480227804,-0.015811260768269553
539,2017-02-14 22:00:00,0.007013853036313199,4.759339548640785,-1.0118502765430681,-0.9973477752400461,-0.014502501303021997
540,2017-02-15 00:00:00,0.007360457850291598,4.781652280389435,-1.001981502926504,-0.9963248372733564,-0.005656665653147597
541,2017-02-15 02:00:00,0.0071821915628527,4.771664742120282,-1.0070572247954723,-0.9967827207904609,-0.010274504005011398
542,2017-02-15 04:00:00,0.0072518,4.7128720999999985,-1.0050752849022417,-0.9994780978722243,-0.0055971870300174364
543,2017-02-15 06:00:00,0.0072015400001436,4.69159268009355,-1.006506322615937,-1.0004536631582972,-0.006052659457639775
544,2017-02-15 08:00:00,0.0072770380024548015,4.6887407225816755,-1.004356690922251,-1.00058441252826,-0.0037722783939910798
545,2017-02-15 10:00:00,0.0074638926099261016,4.767841679312793,-0.9990364364249746,-0.9969579909518592,-0.00207844547311542
546,2017-02-15 12:00:00,0.0073931999999268,4.81676069995231,-1.0010492456425946,-0.9947152748170018,-0.006333970825592727
547,2017-02-15 14:00:00,0.007336275,4.8945198240000005,-1.002670053879365,-0.9911503702082357,-0.01151968367112921
548,2017-02-15 16:00:00,0.007262569999999999,4.8832893550000005,-1.0047686339627169,-0.9916652364851778,-0.01310339747753908
549,2017-02-15 18:00:00,0.007318150011968599,4.888676457995273,-1.0031861211596538,-0.9914182621457552,-0.01176785901389854
550,2017-02-15 20:00:00,0.0071456,4.9125999999999985,-1.0080990852529905,-0.990321475804665,-0.017777609448325515
551,2017-02-15 22:00:00,0.007560527443005499,4.864565137137546,-0.9962849821673472,-0.9925236572990807,-0.0037613248682665246
552,2017-02-16 00:00:00,0.007381920000072799,4.907131320048394,-1.0013704176530935,-0.9905721900790617,-0.010798227574031816
553,2017-02-16 02:00:00,0.0073011199999287015,4.932986879951827,-1.0036710115210428,-0.9893868294440133,-0.014284182077029417
554,2017-02-16 04:00:00,0.007360476787451198,4.9895397422688035,-1.0019809637345094,-0.9867941361494097,-0.015186827585099705
555,2017-02-16 06:00:00,0.00735662592468,5.0585079436340274,-1.0020906081808205,-0.9836322556380707,-0.018458352542749856
556,2017-02-16 08:00:00,0.0074358779999278,5.090857493950568,-0.9998340879083922,-0.9821491748751723,-0.01768491303321995
557,2017-02-16 10:00:00,0.007424857999999999,5.070189406,-1.0001478570199454,-0.9830967133523827,-0.017051143667562663
558,2017-02-16 12:00:00,0.0074280248059277985,5.126756877064168,-1.000057689516412,-0.9805033503127064,-0.01955433920370553
559,2017-02-16 14:00:00,0.00742095,4.96264905,-1.0002591283172213,-0.9880269529278392,-0.01223217538938215
560,2017-02-16 16:00:00,0.0073537836,4.9704202579,-1.0021715368283188,-0.9876706781472565,-0.014500858681062323
561,2017-02-16 18:00:00,0.00730417,4.95057525,-1.0035841697951917,-0.9885804821219041,-0.015003687673287636
562,2017-02-16 20:00:00,0.0072696,4.9466872,-1.0045684709074836,-0.9887587316525395,-0.01580973925494411
563,2017-02-16 22:00:00,0.0073908397376757,4.976841791457394,-1.0011164486729405,-0.987376279838962,-0.013740168833978439
564,2017-02-17 00:00:00,0.007631566861768702,5.062046487141037,-0.9942622983691064,-0.9834700294014592,-0.010792268967647178
565,2017-02-17 02:00:00,0.007613899999926999,5.052949089951555,-0.9947653215615131,-0.9838871039707235,-0.010878217590789552
566,2017-02-17 04:00:00,0.007390560000071198,5.025871440048418,-1.001124413556807,-0.9851284919122215,-0.01599592164458541
567,2017-02-17 06:00:00,0.0073810799999293,5.048857079951639,-1.0013943347221004,-0.9840747041460916,-0.017319630576008826
568,2017-02-17 08:00:00,0.00740214,5.095463805,-1.0007946997352777,-0.9819379963197215,-0.01885670341555623
569,2017-02-17 10:00:00,0.007433991999999999,5.025503883999999,-0.9998877874116239,-0.985145342696834,-0.014742444714789915
570,2017-02-17 12:00:00,0.0074653123586691985,5.106949438324012,-0.9989960123501408,-0.9814114319110706,-0.017584580439070185
571,2017-02-17 14:00:00,0.0074377400014763,5.158035661023807,-0.9997810717037269,-0.9790693593507463,-0.020711712352980527
572,2017-02-17 16:00:00,0.007634669,5.0547438620000005,-0.9941739721292584,-0.9838048217790766,-0.010369150350181822
573,2017-02-17 18:00:00,0.007505316000710999,4.988617816472586,-0.9978570007980012,-0.9868364022829358,-0.011020598515065427
574,2017-02-17 20:00:00,0.007532960000071198,4.935707540046652,-0.9970699015987406,-0.9892620994675673,-0.00780780213117338
575,2017-02-17 22:00:00,0.007386231660766698,4.946488747278044,-1.0012476530474577,-0.9887678298134536,-0.012479823234004095
576,2017-02-18 00:00:00,0.0073849350004194,5.04692163028662,-1.0012845724637753,-0.984163435771034,-0.01712113669274129
577,2017-02-18 02:00:00,0.007554307699929,5.045937067712575,-0.9964620750232444,-0.9842085735179007,-0.012253501505343656
578,2017-02-18 04:00:00,0.00755794,4.987814,-0.9963586536463261,-0.9868732536374594,-0.009485400008866773
579,2017-02-18 06:00:00,0.007337520000068798,5.0231936700471,-1.0026346053704696,-0.9852512555716096,-0.017383349798859915
580,2017-02-18 08:00:00,0.0067817999973965,4.99717199808161,-1.0184574522536958,-0.9864442316943947,-0.032013220559301114
581,2017-02-18 10:00:00,0.0069069000000000005,4.971969155999999,-1.0148955178680918,-0.987599668165562,-0.02729584970252985
582,2017-02-18 12:00:00,0.0068670522874646,4.988381981248027,-1.016030089686746,-0.9868472142627418,-0.029182875424004218
583,2017-02-18 14:00:00,0.006911554,5.020248973999999,-1.01476300593935,-0.9853862565845233,-0.029376749354826703
584,2017-02-18 16:00:00,0.0068876639744520005,5.0574888531289295,-1.0154432193822072,-0.9836789763346173,-0.031764243047589846
585,2017-02-18 18:00:00,0.006809600000063999,5.018090000047162,-1.0176659112196393,-0.9854852357884294,-0.03218067543120995
586,2017-02-18 20:00:00,0.00688636,5.0636705599999985,-1.0154803470508071,-0.983395572996622,-0.032084774054185194
587,2017-02-18 22:00:00,0.0068756104501500005,5.082768580617811,-1.0157864157194214,-0.9825200150148088,-0.03326640070461262
588,2017-02-19 00:00:00,0.0067836500118955,5.0905860089266195,-1.0184047773526508,-0.9821616212372546,-0.03624315611539619
589,2017-02-19 02:00:00,0.0067248224368332,5.11340272083732,-1.0200797570335085,-0.9811155780565538,-0.0389641789769547
590,2017-02-19 04:00:00,0.006726739999936601,5.1458499999515,-1.0200251588415628,-0.9796280168697132,-0.040397141971849515
591,2017-02-19 06:00:00,0.006787488774431701,5.20585518131487,-1.0182954774326565,-0.9768770503405517,-0.04141842709210475
592,2017-02-19 08:00:00,0.006649314649374999,5.181145974792999,-1.0222296673367135,-0.9780098558509989,-0.04421981148571463
593,2017-02-19 10:00:00,0.006735001000063701,5.200541510049186,-1.0197899458935225,-0.9771206581668549,-0.04266928772666756
594,2017-02-19 12:00:00,0.0065026569471059,5.190485906800401,-1.0264054075585716,-0.9775816621558343,-0.04882374540273726
595,2017-02-19 14:00:00,0.00661682,5.224433900000001,-1.0231548776208717,-0.9760253000067264,-0.04712957761414527
596,2017-02-19 16:00:00,0.006623004880000001,5.1852732471600005,-1.0229787774107648,-0.9778206390553759,-0.045158138355388955
597,2017-02-19 18:00:00,0.0065855200003130014,5.220728840248133,-1.0240460730072367,-0.9761951602610303,-0.04785091274620645
598,2017-02-19 20:00:00,0.0066043,5.214833349999998,-1.0235113557789826,-0.9764654418596709,-0.04704591391931168
599,2017-02-19 22:00:00,0.0066241606161614,5.231150430868533,-1.0229458704859982,-0.9757173774041843,-0.04722849308181387
600,2017-02-20 00:00:00,0.0065901758426358,5.034304807276646,-1.0239135086225974,-0.9847418601173354,-0.039171648505262
601,2017-02-20 02:00:00,0.006828270839776799,5.094925266708007,-1.0171343020701822,-0.981962685867895,-0.03517161620228715
602,2017-02-20 04:00:00,0.0068427400226244,5.122210706935751,-1.0167223254207507,-0.9807117716785784,-0.036010553742172324
603,2017-02-20 06:00:00,0.006837,5.150858,-1.0168857593418896,-0.979398422688037,-0.03748733665385262
604,2017-02-20 08:00:00,0.006704803990017,5.068608322986519,-1.0206497361907991,-0.9831691988669848,-0.03748053732381429
605,2017-02-20 10:00:00,0.0062590424665649996,5.1223048777178155,-1.0333417686857567,-0.980707454373579,-0.05263431431217769
606,2017-02-20 12:00:00,0.006341439999284799,5.2078331194126495,-1.0309956887578946,-0.9767863708128823,-0.05420931794501227
607,2017-02-20 14:00:00,0.00636600006954,5.099049345700265,-1.0302963973355583,-0.9817736154740799,-0.0485227818614784
608,2017-02-20 16:00:00,0.006213759999941601,5.07102399995234,-1.0346310826072125,-0.9830584509894307,-0.051572631617781806
609,2017-02-20 18:00:00,0.0062399609018955,5.176340899617705,-1.033885072282183,-0.9782301468438265,-0.055654925438356595
610,2017-02-20 20:00:00,0.006509890484999999,5.112691986622499,-1.026199449230687,-0.9811481620100005,-0.04505128722068641
611,2017-02-20 22:00:00,0.006360266711403501,5.114376944751465,-1.0304596415007572,-0.981070914290545,-0.04938872721021215
612,2017-02-21 00:00:00,0.0064487691551928,5.132165389847037,-1.0279397382938629,-0.9802553944312282,-0.04768434386263465
613,2017-02-21 02:00:00,0.0064172208000592,5.036369298646461,-1.028838005029442,-0.9846472125130942,-0.04419079251634772
614,2017-02-21 04:00:00,0.006320118000058101,5.003880000046,-1.0316027835671258,-0.9861367001035836,-0.045466083463542195
615,2017-02-21 06:00:00,0.0062566,4.9501369,-1.0334113122945696,-0.9886005784894286,-0.044810733805141
616,2017-02-21 08:00:00,0.00618737,4.96461161,-1.0353824770618234,-0.9879369784164918,-0.04744549864533165
617,2017-02-21 10:00:00,0.006294100004689501,4.9093980036578095,-1.0323435860484944,-0.9904682728739134,-0.04187531317458104
618,2017-02-21 12:00:00,0.00635592,4.81021173,-1.0305834040946038,-0.995015515508388,-0.035567888586215846
619,2017-02-21 14:00:00,0.0062971286914225,4.836039896872447,-1.0322573511708526,-0.9938314107200792,-0.03842594045077341
620,2017-02-21 16:00:00,0.0062832,4.820751540000002,-1.0326539385720657,-0.9945323128269704,-0.038121625745095256
621,2017-02-21 18:00:00,0.006379207999999999,4.765144835,-1.0299203319423607,-0.997081629082272,-0.03283870286008861
622,2017-02-21 20:00:00,0.006485160005779999,4.7125122042001015,-1.0269035926557306,-0.9994945974690425,-0.027408995186688156
623,2017-02-21 22:00:00,0.006536599999999999,4.683372469999999,-1.0254389573208442,-1.000830522661364,-0.02460843465948015
624,2017-02-22 00:00:00,0.006508701252554,4.611583165915177,-1.0262333098849936,-1.0041217379898073,-0.02211157189518631
625,2017-02-22 02:00:00,0.0061978278687,4.6098365804283,-1.0350847133420198,-1.0042018110452595,-0.030882902296760273
626,2017-02-22 04:00:00,0.0061648281231000005,4.6354175742470405,-1.0360243050776121,-1.0030290380250115,-0.032995267052600585
627,2017-02-22 06:00:00,0.0061907838,4.6881777645,-1.0352852769710759,-1.0006102216134891,-0.03467505535758675
628,2017-02-22 08:00:00,0.006035182979518002,4.657817620192457,-1.0397156518820954,-1.002002097096788,-0.03771355478530736
629,2017-02-22 10:00:00,0.006015778359128999,4.6374284889669335,-1.0402681537459224,-1.0029368466681698,-0.03733130707775256
630,2017-02-22 12:00:00,0.0058872947898958,4.720277022676455,-1.043926427396702,-0.9991386156146738,-0.044787811782028175
631,2017-02-22 14:00:00,0.005897719994894199,4.67743531595063,-1.0436295937005553,-1.001102714357101,-0.04252687934345434
632,2017-02-22 16:00:00,0.005953914982893,4.7188624777628885,-1.0420295708717313,-0.9992034661096278,-0.04282610476210347
633,2017-02-22 18:00:00,0.006040812115265201,4.70598567126144,-1.0395553752093385,-0.9997938095246982,-0.03976156568464029
634,2017-02-22 20:00:00,0.0060460800000000006,4.7376,-1.039405384326958,-0.998344435350241,-0.04106094897671697
635,2017-02-22 22:00:00,0.00603536,4.75747386,-1.0397106116316663,-0.9974333086371299,-0.04227730299453647
636,2017-02-23 00:00:00,0.0060621600000000005,4.83421068,-1.0389475433698956,-0.9939152720513232,-0.04503227131857235
637,2017-02-23 02:00:00,0.006003234802208,4.76709879392252,-1.0406253026330914,-0.9969920488914773,-0.043633253741614086
638,2017-02-23 04:00:00,0.006040685,4.85513,-1.039558994523684,-0.9929562157194322,-0.0466027788042519
639,2017-02-23 06:00:00,0.0060776093907067,4.953026139162853,-1.038507657559747,-0.9884681199241654,-0.050039537635581555
640,2017-02-23 08:00:00,0.006247843104635,4.952528912467336,-1.0336606447171326,-0.9884909155222403,-0.04516972919489226
641,2017-02-23 10:00:00,0.00619506,4.97347875,-1.0351635220270092,-0.9875304600993206,-0.04763306192768868
642,2017-02-23 12:00:00,0.0066216639999426,4.961841247956988,-1.0230169558814606,-0.9880639870027644,-0.034952968878696145
643,2017-02-23 14:00:00,0.0064924530000000005,4.934136977,-1.0266959414459336,-0.9893341026892079,-0.03736183875672572
644,2017-02-23 16:00:00,0.0062260914467059,4.885887721434734,-1.0342799730681247,-0.9915461131206608,-0.042733859947463926
645,2017-02-23 18:00:00,0.0064528799999448005,4.875443089958294,-1.0278226914595596,-0.9920249522966834,-0.03579773916287621
646,2017-02-23 20:00:00,0.006311898000000001,4.962344075399999,-1.0318368291326514,-0.9880409346357146,-0.04379589449693677
647,2017-02-23 22:00:00,0.006248879999999999,4.94621424,-1.033631121510274,-0.9887804147322347,-0.04485070677803937
648,2017-02-24 00:00:00,0.0062436200001052,4.94561176008333,-1.0337808878899992,-0.988808035715083,-0.0449728521749162
649,2017-02-24 02:00:00,0.0064641600000536,4.913629920040743,-1.027501519441806,-0.9902742586228245,-0.037227260818981533
650,2017-02-24 04:00:00,0.006463799999946801,4.884166349959801,-1.0275117696155276,-0.9916250302275539,-0.03588673938797371
651,2017-02-24 06:00:00,0.0063350099998380005,4.716109925879398,-1.0311787681795759,-0.9993296581805327,-0.031849109999043224
652,2017-02-24 08:00:00,0.0064269479998371,4.820719947877812,-1.0285610454239786,-0.9945337611830748,-0.03402728424090384
653,2017-02-24 10:00:00,0.0063462222841881,4.6797487242289595,-1.0308595242120566,-1.0009966550369325,-0.02986286917512415
654,2017-02-24 12:00:00,0.006453000028026,4.623753770081407,-1.027819273936452,-1.0035637707619738,-0.02425550317447822
655,2017-02-24 14:00:00,0.00648118,4.579414900000001,-1.027016914151715,-1.0055965076817435,-0.021420406469971454
656,2017-02-24 16:00:00,0.006396000000053299,4.554144000037952,-1.0294422184239902,-1.0067550642993195,-0.022687154124670705
657,2017-02-24 18:00:00,0.006285945752332,4.5265213965292785,-1.0325757595997063,-1.0080214359021398,-0.024554323697566494
658,2017-02-24 20:00:00,0.006162540648455899,4.713283120622567,-1.0360894356485268,-0.9994592544332114,-0.03663018121531547
659,2017-02-24 22:00:00,0.0062256989669188,4.761115166056051,-1.0342911480259205,-0.9972663712018113,-0.03702477682410921
660,2017-02-25 00:00:00,0.006172400000000001,4.7480474799999985,-1.0358087133259544,-0.9978654655822798,-0.037943247743674524
661,2017-02-25 02:00:00,0.0061739021036991,4.748678725745176,-1.0357659443834666,-0.9978365258161263,-0.037929418567340334
662,2017-02-25 04:00:00,0.006250995417329999,4.7103546032870405,-1.0335708898750156,-0.9995935137252767,-0.033977376149738836
663,2017-02-25 06:00:00,0.006092965,4.747283398,-1.038070441959304,-0.9979004952907112,-0.04016994666859286
664,2017-02-25 08:00:00,0.006137040000051999,4.925552898041735,-1.0368155078668702,-0.989727643936169,-0.04708786393070119
665,2017-02-25 10:00:00,0.006126449999999999,4.9533,-1.0371170337225355,-0.9884555646417795,-0.04866146908075597
666,2017-02-25 12:00:00,0.006090490003907501,4.87468324312747,-1.0381409117714753,-0.9920597878417378,-0.04608112392973751
667,2017-02-25 14:00:00,0.0059744458189685,4.8375609835143,-1.0414450026106554,-0.9937616757681197,-0.047683326842535734
668,2017-02-25 16:00:00,0.005975275002615001,4.772965127088827,-1.0414213935164829,-0.9967231040133392,-0.044698289503143696
669,2017-02-25 18:00:00,0.0060286210000000005,4.853581674,-1.0399024891322663,-0.9930271994729256,-0.046875289659340735
670,2017-02-25 20:00:00,0.00588913,4.81321256,-1.0438741740166948,-0.9948779410072842,-0.048996233009410584
671,2017-02-25 22:00:00,0.006226200000000001,4.79856693,-1.0342768822631456,-0.9955493769901955,-0.0387275052729501
672,2017-02-26 00:00:00,0.006224399999945401,4.796299199957928,-1.0343281331181027,-0.9956533421695545,-0.0386747909485482
673,2017-02-26 02:00:00,0.0060350399354784,4.8350271083079335,-1.0397197247315975,-0.9938778425011152,-0.045841882230482245
674,2017-02-26 04:00:00,0.0061155684016416,4.889234781889688,-1.0374268621682308,-0.9913926655170797,-0.04603419665115105
675,2017-02-26 06:00:00,0.00639443,4.91058323,-1.0294869205587533,-0.990413935599652,-0.03907298495910139
676,2017-02-26 08:00:00,0.006421233001640999,4.881991843247634,-1.0287237668321698,-0.9917247215383157,-0.036999045293854116
677,2017-02-26 10:00:00,0.0063630257910028,4.9443058376088445,-1.0303810830651632,-0.98886790636184,-0.04151317670332322
678,2017-02-26 12:00:00,0.006312600000000001,4.89646171,-1.0318168412998245,-0.9910613435064064,-0.04075549779341814
679,2017-02-26 14:00:00,0.00637752957,4.87775307195,-1.0299681213700698,-0.9919190500562807,-0.038049071313789096
680,2017-02-26 16:00:00,0.0063083269635861,4.845030055034631,-1.0319385061680648,-0.9934192525758304,-0.038519253592234404
681,2017-02-26 18:00:00,0.006117061,4.9053898,-1.0373843638684224,-0.9906520309070393,-0.046732332961383016
682,2017-02-26 20:00:00,0.006199248,4.981682818,-1.0350442783747595,-0.9871543406383312,-0.047889937736428356
683,2017-02-26 22:00:00,0.006107220000000001,4.93174521,-1.0376645636730524,-0.9894437544028275,-0.048220809270224874
684,2017-02-27 00:00:00,0.006275179999368799,4.958012559501289,-1.0328822896146423,-0.9882395150747226,-0.044642774539919716
685,2017-02-27 02:00:00,0.0061802000020800005,4.900827291649416,-1.0355866262353204,-0.9908612013065997,-0.04472542492872067
686,2017-02-27 04:00:00,0.006111784142703401,4.847317357395714,-1.03753461022383,-0.9933143900940506,-0.04422022012977944
687,2017-02-27 06:00:00,0.006044581352642999,4.846379398864968,-1.039448054858067,-0.9933573912560368,-0.04609066360203007
688,2017-02-27 08:00:00,0.006185178,4.795515431,-1.0354448892121892,-0.9956892744360832,-0.03975561477610601
689,2017-02-27 10:00:00,0.006399180026334001,4.79345985305945,-1.0293516745013633,-0.9957835133998537,-0.03356816110150962
690,2017-02-27 12:00:00,0.006390447539999999,4.81445490386,-1.0296003119329986,-0.9948209851528244,-0.03477932678017426
691,2017-02-27 14:00:00,0.006460070000054699,4.7949308600405995,-1.0276179727697838,-0.9957160743741336,-0.031901898395650274
692,2017-02-27 16:00:00,0.00622893,4.817595,-1.0341991518021518,-0.9946770259282504,-0.03952212587390147
693,2017-02-27 18:00:00,0.006603680000000001,4.822235999999998,-1.02352900885071,-0.9944642570411018,-0.029064751809608325
694,2017-02-27 20:00:00,0.0065981400001662,4.8558975601223135,-1.0236867475836722,-0.992921026554803,-0.03076572102886921
695,2017-02-27 22:00:00,0.0063425040000000005,4.828433844,-1.0309653937886307,-0.9941801138886344,-0.03678527989999636
696,2017-02-28 00:00:00,0.0063259680274560005,4.8463384830341045,-1.0314362175134757,-0.9933592670620699,-0.0380769504514058
697,2017-02-28 02:00:00,0.006273173307456001,4.8058685660339995,-1.0329394255441129,-0.995214629958668,-0.03772479558544484
698,2017-02-28 04:00:00,0.0063626499641190005,4.856034477615282,-1.0303917838699,-0.9929147495061905,-0.037477034363709416
699,2017-02-28 06:00:00,0.006074887627746799,4.738340599001231,-1.0385851534899995,-0.9983104822312332,-0.04027467125876627
700,2017-02-28 08:00:00,0.006107750399488001,4.7087057528052805,-1.0376494617694945,-0.9996691060722017,-0.037980355697292745
701,2017-02-28 10:00:00,0.006062184488928,4.618932888385529,-1.038946846104085,-1.003784786412374,-0.035162059691711045
702,2017-02-28 12:00:00,0.006059581080051101,4.624575042398999,-1.039020972174472,-1.0035261191358027,-0.035494853038669394
703,2017-02-28 14:00:00,0.006280816999999999,4.605714795,-1.0327217890074314,-1.0043907762895268,-0.028331012717904613
704,2017-02-28 16:00:00,0.006292379998419003,4.46938079887704,-1.0323925592647283,-1.010641074207134,-0.02175148505759439
705,2017-02-28 18:00:00,0.0062758955998952,4.5195550763245285,-1.0328619145381572,-1.0083408102174785,-0.024521104320678777
706,2017-02-28 20:00:00,0.0063043200000528,4.567229100038251,-1.0320525952239727,-1.006155171568164,-0.025897423655808716
707,2017-02-28 22:00:00,0.006233100010572599,4.547188657712953,-1.0340804203574057,-1.0070739353284572,-0.027006485028948424
708,2017-03-01 00:00:00,0.006307,4.5902703,-1.0319762883992991,-1.0050988366243088,-0.026877451774990346
709,2017-03-01 02:00:00,0.0063067356738950005,4.563946617172382,-1.0319838144762201,-1.0063056585809749,-0.025678155895245247
710,2017-03-01 04:00:00,0.006333106711750999,4.540694121230106,-1.0312329599233145,-1.007371680491138,-0.02386127943217664
711,2017-03-01 06:00:00,0.00633204,4.4880858,-1.0312633320830775,-1.009783534393937,-0.021479797689140545
712,2017-03-01 08:00:00,0.0063403315327089,4.496966707188876,-1.0310272497901072,-1.0093763849133406,-0.021650864876766596
713,2017-03-01 10:00:00,0.006350858362628001,4.522278481504613,-1.0307275225584536,-1.0082159543912725,-0.02251156816718103
714,2017-03-01 12:00:00,0.006492190223744999,4.764214174494412,-1.0267034233944463,-0.9971242956627692,-0.029579127731677146
715,2017-03-01 14:00:00,0.0062489600000000005,4.766089115,-1.033628843694567,-0.9970383381094738,-0.03659050558509325
716,2017-03-01 16:00:00,0.0061588800001512,4.780219600117354,-1.036193664176095,-0.996390519192583,-0.039803144983511896
717,2017-03-01 18:00:00,0.0061740000014112,4.771877251090715,-1.0357631569716381,-0.9967729782140448,-0.03899017875759336
718,2017-03-01 20:00:00,0.00623824,4.8432934,-1.0339340709992755,-0.9934988703649016,-0.04043520063437389
719,2017-03-01 22:00:00,0.00615766,5.12564112,-1.0362284008699283,-0.980554502734355,-0.05567389813557333
720,2017-03-02 00:00:00,0.006117740027444999,5.0209236425245365,-1.0373650301261779,-0.9853553260800717,-0.052009704046106164
721,2017-03-02 02:00:00,0.00609542550435,5.056643089898672,-1.0380003847661161,-0.9837177507585116,-0.05428263400760447
722,2017-03-02 04:00:00,0.006110000000000001,5.0949456999999985,-1.0375854095772417,-0.981961749093752,-0.055623660483489656
723,2017-03-02 06:00:00,0.0062107499998479004,5.101046999875077,-1.034716785425848,-0.9816820320533338,-0.05303475337251429
724,2017-03-02 08:00:00,0.006045129999951001,5.792900034953044,-1.0394324333898712,-0.9499636954138218,-0.08946873797604948
725,2017-03-02 10:00:00,0.0059403499999038,5.700562399907684,-1.0424158025131687,-0.954196958902411,-0.08821884361075771
726,2017-03-02 12:00:00,0.0061038648084149995,5.724352389811791,-1.037760095024197,-0.9531062953218948,-0.08465379970230213
727,2017-03-02 14:00:00,0.0060375000000483,6.037025000048296,-1.0396496800601347,-0.9387716684479682,-0.10087801161216647
728,2017-03-02 16:00:00,0.0061023397052385004,6.059329084506818,-1.0378035188238206,-0.937749126920472,-0.10005439190334864
729,2017-03-02 18:00:00,0.006038059999857201,5.857057734861481,-1.0396337353556284,-0.947022354665807,-0.09261138068982144
730,2017-03-02 20:00:00,0.0058497,5.8716017800000015,-1.0449968524331732,-0.9463555758899476,-0.09864127654322563
731,2017-03-02 22:00:00,0.0052728217,5.788778,-1.0614221330911713,-0.9501526720976716,-0.11126946099349966
732,2017-03-03 00:00:00,0.005393586,5.578347973,-1.0579836478491944,-0.9597999383479316,-0.09818370950126276
733,2017-03-03 02:00:00,0.0055115632283942,5.815055611892128,-1.0546245180507126,-0.9489479622853009,-0.10567655576541168
734,2017-03-03 04:00:00,0.0054728655725145,5.664201985449674,-1.0557263446554415,-0.9558639196695937,-0.09986242498584774
735,2017-03-03 06:00:00,0.0050402322009552,5.502603853942827,-1.0680445832681218,-0.9632724640794231,-0.10477211918869866
736,2017-03-03 08:00:00,0.005227911337,5.337337815329,-1.062700852219153,-0.9708491654626022,-0.09185168675655075
737,2017-03-03 10:00:00,0.005244195,5.519354174999999,-1.0622372124273367,-0.9625045375181824,-0.09973267490915427
738,2017-03-03 12:00:00,0.0054702680000428,5.817987886045522,-1.0558003045476356,-0.9488135307601053,-0.1069867737875303
739,2017-03-03 14:00:00,0.0054972000000864,5.765977450090626,-1.0550334778887074,-0.9511979743236133,-0.10383550356509408
740,2017-03-03 16:00:00,0.005635047701311601,5.742228348426819,-1.0511085821512807,-0.9522867633629992,-0.09882181878828145
741,2017-03-03 18:00:00,0.0054977634786881,5.655713080708607,-1.0550174341335898,-0.956253097608587,-0.09876433652500283
742,2017-03-03 20:00:00,0.0054446001449532,5.731238578813968,-1.056531137591166,-0.9527905946602511,-0.10374054293091484
743,2017-03-03 22:00:00,0.0053836310000418,5.803631495045062,-1.0582670935400165,-0.9494717064413462,-0.10879538709867032
744,2017-03-04 00:00:00,0.005203189210675501,5.801555969903183,-1.0634047578147394,-0.9495668598941983,-0.11383789792054111
745,2017-03-04 02:00:00,0.005132800008,5.80411892104632,-1.065408928207763,-0.9494493601608345,-0.11595956804692853
746,2017-03-04 04:00:00,0.005127765899639999,5.812937979149896,-1.0655522628464134,-0.949045046181434,-0.11650721666497932
747,2017-03-04 06:00:00,0.005225133600612,5.787117210077822,-1.0627799418638264,-0.9502288118140109,-0.11255113004981554
748,2017-03-04 08:00:00,0.0052258429213416,5.7892733239565395,-1.0627597455900886,-0.9501299637315844,-0.11262978185850414
749,2017-03-04 10:00:00,0.005352725,5.80304375,-1.059147070694128,-0.9494986518968871,-0.10964841879724085
750,2017-03-04 12:00:00,0.005087250000518699,5.7862560005899715,-1.066705859738823,-0.9502682943790467,-0.11643756535977634
751,2017-03-04 14:00:00,0.00513227,5.68929153,-1.0654240189646018,-0.954713677378484,-0.11071034158611781
752,2017-03-04 16:00:00,0.005050808003029999,5.630913305378008,-1.06774346166715,-0.9573900552898258,-0.11035340637732416
753,2017-03-04 18:00:00,0.005401550000042699,5.7487166000454435,-1.057756891294369,-0.9519893063329548,-0.10576758496141414
754,2017-03-04 20:00:00,0.0055704000000000005,5.60934216,-1.0529492765194646,-0.95837899487108,-0.09457028164838455
755,2017-03-04 22:00:00,0.0052748799992512006,5.5803158392078425,-1.0613635277616258,-0.9597097205709224,-0.10165380719070338
756,2017-03-05 00:00:00,0.0054270399947356,5.5268696346387625,-1.057031122415904,-0.9621599876401928,-0.09487113477571107
757,2017-03-05 02:00:00,0.005266800000041799,5.507397000043709,-1.0615935871254998,-0.963052719980775,-0.09854086714472476
758,2017-03-05 04:00:00,0.0052744807494984,5.5117061994758405,-1.061374895478599,-0.9628551626509589,-0.09851973282764015
759,2017-03-05 06:00:00,0.0052128748830417,5.53661066444729,-1.0631289806066588,-0.961713405422558,-0.10141557518410083
760,2017-03-05 08:00:00,0.0050621200000404,5.457641980043556,-1.0674213786113333,-0.9653337629102067,-0.10208761570112668
761,2017-03-05 10:00:00,0.005010209475562001,5.725058106916935,-1.0688994112113837,-0.9530739413802651,-0.11582546983111852
762,2017-03-05 12:00:00,0.0050732400001608,5.990890680189887,-1.0671047622246628,-0.9408867186301777,-0.12621804359448507
763,2017-03-05 14:00:00,0.00510473,5.97473639,-1.0662081570216604,-0.9416273198683547,-0.1245808371533057
764,2017-03-05 16:00:00,0.005104324004199999,6.075536493289144,-1.066219716816787,-0.937006090434762,-0.12921362638202505
765,2017-03-05 18:00:00,0.0053980415201272,6.022228264581907,-1.0578567871775995,-0.9394500319339877,-0.11840675524361177
766,2017-03-05 20:00:00,0.005300070006671999,6.029929047590784,-1.0606463003296636,-0.9390969858165622,-0.12154931451310136
767,2017-03-05 22:00:00,0.005397492267042301,6.121113511637971,-1.0578724258938965,-0.9349165900095014,-0.12295583588439507
768,2017-03-06 00:00:00,0.00534622,6.14174521,-1.0593322855837854,-0.9339707198305581,-0.12536156575322732
769,2017-03-06 02:00:00,0.005260795040000001,5.979289399480001,-1.0617645645292724,-0.9414185849491052,-0.12034597958016713
770,2017-03-06 04:00:00,0.0053401538806286,5.910081164764299,-1.0595050043585776,-0.9445914699053612,-0.11491353445321639
771,2017-03-06 06:00:00,0.0053316793670816,5.896311901977706,-1.059746296609386,-0.9452227284099854,-0.11452356819940057
772,2017-03-06 08:00:00,0.0053405940599999995,5.924652696719999,-1.059492471265003,-0.943923430983089,-0.11556904028191395
773,2017-03-06 10:00:00,0.0053514064848588,5.903602335307215,-1.059184612375356,-0.9448884949718576,-0.11429611740349854
774,2017-03-06 12:00:00,0.0054399999998725,5.925836799861113,-1.0566621161251444,-0.9438691452025235,-0.11279297092262086
775,2017-03-06 14:00:00,0.005550651765565499,5.906135920822718,-1.0535115620016655,-0.9447723415198798,-0.10873922048178575
776,2017-03-06 16:00:00,0.0055926401932583,5.9459875519216,-1.0523160382503953,-0.9429453242391279,-0.10937071401126741
777,2017-03-06 18:00:00,0.0056051519998244,5.901790943815106,-1.0519597933814397,-0.9449715390899286,-0.10698825429151115
778,2017-03-06 20:00:00,0.00551642,6.0201468600000005,-1.0544862326676137,-0.9395454549326084,-0.11494077773500522
779,2017-03-06 22:00:00,0.005479560023779998,5.960130181028352,-1.0555357355774313,-0.9422969485751763,-0.11323878700225498
780,2017-03-07 00:00:00,0.00551249,5.90518137,-1.0545981303642091,-0.9448161033635074,-0.10978202700070172
781,2017-03-07 02:00:00,0.005433424460775,5.938630659401929,-1.0568493394531047,-0.9432826045309364,-0.11356673492216829
782,2017-03-07 04:00:00,0.0054820799995248005,5.889644729489472,-1.0554639850732788,-0.9455283881537367,-0.10993559691954202
783,2017-03-07 06:00:00,0.005571359999912401,5.942796719906559,-1.0529219427334775,-0.9430916094744046,-0.10983033325907288
784,2017-03-07 08:00:00,0.0054601299999134,5.8244076799076225,-1.0560889607467616,-0.948519212208982,-0.10756974853777956
785,2017-03-07 10:00:00,0.005306696999999999,5.674524174000001,-1.0604576119610232,-0.9553906939486733,-0.10506691801234991
786,2017-03-07 12:00:00,0.005410987547751299,5.823745602452193,-1.0574881788643173,-0.9485495654697875,-0.10893861339452982
787,2017-03-07 14:00:00,0.005353197,5.875164473,-1.0591336315814581,-0.946192242508163,-0.1129413890732951
788,2017-03-07 16:00:00,0.00541737125,5.99074932625,-1.0573064176486988,-0.9408931990698425,-0.11641321857885634
789,2017-03-07 18:00:00,0.005537544300000001,5.9551976412,-1.0538847668884297,-0.9425230832466038,-0.11136168364182586
790,2017-03-07 20:00:00,0.005505109998408799,5.921144363288549,-1.0548082589084653,-0.9440842722241912,-0.11072398668427408
791,2017-03-07 22:00:00,0.005479107,5.7439756512,-1.0555486343859517,-0.95220665742321,-0.10334197696274172
792,2017-03-08 00:00:00,0.0053524800000432,5.81223573004691,-1.0591540465034999,-0.9490772411308294,-0.1100768053726705
793,2017-03-08 02:00:00,0.005348101959152599,5.645521180885473,-1.0592787011323193,-0.9567203501798646,-0.10255835095245469
794,2017-03-08 04:00:00,0.0052726610609366,5.490105130205227,-1.0614267069184429,-0.9638454741075265,-0.09758123281091635
795,2017-03-08 06:00:00,0.005206849299152599,5.429004311066444,-1.0633005452269726,-0.9666466706798238,-0.0966538745471488
796,2017-03-08 08:00:00,0.0053721902845476,5.628240489055701,-1.058592841558135,-0.9575125918454065,-0.10108024971272844
797,2017-03-08 10:00:00,0.005376976000178399,5.63950745618711,-1.058456579330235,-0.9569960522939972,-0.10146052703623776
798,2017-03-08 12:00:00,0.0051720000000431,5.595900000046632,-1.0642927987379958,-0.9589952571882859,-0.10529754154970983
799,2017-03-08 14:00:00,0.00513105,5.5247544,-1.0654587556541304,-0.9622569615941139,-0.1032017940600165
800,2017-03-08 16:00:00,0.005474000001748001,5.533131101766882,-1.055694044396363,-0.9618729276546794,-0.09382111674168359
801,2017-03-08 18:00:00,0.0052830225018450005,5.446361817552043,-1.0611316887578677,-0.965850907409275,-0.09528078134859264
802,2017-03-08 20:00:00,0.00522144,5.4160668450000005,-1.0628851086324336,-0.9672397950619572,-0.09564531357047634
803,2017-03-08 22:00:00,0.005386200001175,5.294520001155,-1.0581939471508675,-0.972812168839448,-0.08538177831141947
804,2017-03-09 00:00:00,0.006154020000537,5.258008440458814,-1.0363320414692971,-0.9744860589789415,-0.061845982490355667
805,2017-03-09 02:00:00,0.00578953,5.34039829,-1.0467100545716341,-0.9707088565227412,-0.07600119804889294
806,2017-03-09 04:00:00,0.005667840022090801,5.311929620703615,-1.0501748963596234,-0.9720140164203485,-0.0781608799392749
807,2017-03-09 06:00:00,0.005679596998985701,5.3856219990382,-1.0498401435266804,-0.9686355537335162,-0.08120458979316425
808,2017-03-09 08:00:00,0.005763576000735001,5.387179200686999,-1.0474490349113785,-0.9685641630716155,-0.078884871839763
809,2017-03-09 10:00:00,0.00573488,5.3437752,-1.0482660874263277,-0.9705540404523466,-0.07771204697398104
810,2017-03-09 12:00:00,0.005676215999468701,5.384789903495978,-1.0499364096992359,-0.9686737015556492,-0.0812627081435866
811,2017-03-09 14:00:00,0.0057264,5.5315711699999985,-1.0485075358912461,-0.9619444434801625,-0.08656309241108362
812,2017-03-09 16:00:00,0.005930543499901401,5.529467940408069,-1.0426950200098435,-0.9620408670569117,-0.08065415295293177
813,2017-03-09 18:00:00,0.005712,5.509536,-1.0489175427184663,-0.9629546564943904,-0.08596288622407589
814,2017-03-09 20:00:00,0.0057239999999523,5.5518479999537345,-1.0485758703638075,-0.9610148424148406,-0.08756102794896692
815,2017-03-09 22:00:00,0.0057975659220222,5.503619786457285,-1.0464812502041265,-0.9632258881624829,-0.08325536204164363
816,2017-03-10 00:00:00,0.00568385,5.4415624320000004,-1.049719049120289,-0.9660709375585759,-0.08364811156171315
817,2017-03-10 02:00:00,0.0056640000005192,5.387088000493816,-1.0502842321277506,-0.9685683441885323,-0.08171588793921825
818,2017-03-10 04:00:00,0.005683440009377201,5.370122468860253,-1.0497307226587922,-0.9693461371826196,-0.08038458547617255
819,2017-03-10 06:00:00,0.00554796,5.39953128,-1.0535882038252162,-0.9679978760280042,-0.08559032779721198
820,2017-03-10 08:00:00,0.005638422547258599,5.469186426955364,-1.0510124911874554,-0.9648045021642098,-0.08620798902324567
821,2017-03-10 10:00:00,0.00571770837,5.537127077350001,-1.04875501003289,-0.9616897302235452,-0.08706527980934475
822,2017-03-10 12:00:00,0.005617565084736,5.617565084736,-1.0516063593841745,-0.9580020109139187,-0.09360434847025578
823,2017-03-10 14:00:00,0.005394,5.4882399999999985,-1.0579718601529118,-0.9639309819028624,-0.09404087825004936
824,2017-03-10 16:00:00,0.005605379999955301,5.527494059955923,-1.0519533016029483,-0.9621313605598566,-0.08982194104309171
825,2017-03-10 18:00:00,0.00555335,5.8433639,-1.053434735991972,-0.9476501551407639,-0.10578458085120812
826,2017-03-10 20:00:00,0.0052783149999522,5.276459859952217,-1.0612657240297567,-0.9736401447380614,-0.08762557929169534
827,2017-03-10 22:00:00,0.00513093,5.939190599999999,-1.0654621723776905,-0.9432569337837007,-0.1222052385939898
828,2017-03-11 00:00:00,0.005260730552847,5.664269578955972,-1.061766400652397,-0.955860820812642,-0.10590557983975502
829,2017-03-11 02:00:00,0.0051066999971456,5.776662396771124,-1.0661520658911536,-0.9507081177809603,-0.11544394811019332
830,2017-03-11 04:00:00,0.0051751799,5.7947900753,-1.0642022584121482,-0.9498770456010039,-0.11432521281114427
831,2017-03-11 06:00:00,0.0052784999998650006,5.885855939849467,-1.0612604565834174,-0.9457020870452137,-0.11555836953820364
832,2017-03-11 08:00:00,0.005252149194432,6.096232877132692,-1.062010735064687,-0.9360572547186679,-0.12595348034601916
833,2017-03-11 10:00:00,0.005427999999954001,6.056656799948673,-1.0570037884788408,-0.9378716390970677,-0.11913214938177308
834,2017-03-11 12:00:00,0.005625624,6.099048327999999,-1.0513769003370752,-0.9359281790134624,-0.11544872132361284
835,2017-03-11 14:00:00,0.005749968400968,6.006554800811196,-1.047836479967389,-0.9401685894526818,-0.10766789051470715
836,2017-03-11 16:00:00,0.0056642043999522,6.0670975999487995,-1.0502784123247637,-0.937392975576928,-0.11288543674783569
837,2017-03-11 18:00:00,0.00564,5.938332499999999,-1.0509675768545672,-0.9432962737927639,-0.10767130306180328
838,2017-03-11 20:00:00,0.005545899399999999,5.9676081981,-1.0536468746632834,-0.941954115269765,-0.11169275939351841
839,2017-03-11 22:00:00,0.005452046397726399,6.017743211890494,-1.056319122697123,-0.9396556513414334,-0.11666347135568955
840,2017-03-12 00:00:00,0.0051491600008284,6.107458830982572,-1.0649431150999216,-0.9355425954409644,-0.12940051965895716
841,2017-03-12 02:00:00,0.0049842000043452,6.003387005233723,-1.0696399709871667,-0.9403138185713489,-0.1293261524158178
842,2017-03-12 04:00:00,0.0050693129990539995,6.048928263371191,-1.067216574534683,-0.9382259575902543,-0.12899061694442882
843,2017-03-12 06:00:00,0.00530196000113,6.085641301297025,-1.0605924870913868,-0.9365428306298303,-0.12404965646155641
844,2017-03-12 08:00:00,0.005423399999999999,6.11678169,-1.0571347628806707,-0.9351151844652734,-0.12201957841539723
845,2017-03-12 10:00:00,0.0053105643029445,6.730829591831981,-1.06034749941865,-0.9069638617484512,-0.1533836376701987
846,2017-03-12 12:00:00,0.00554566012,6.574995605359999,-1.0536536876100624,-0.9141081461443974,-0.139545541465665
847,2017-03-12 14:00:00,0.0057332500000000005,6.5178,-1.048312497921353,-0.9167303063043287,-0.13158219161702422
848,2017-03-12 16:00:00,0.0055911294921114005,6.671922839489545,-1.0523590519854036,-0.9096644702684777,-0.14269458171692584
849,2017-03-12 18:00:00,0.005726354467000001,6.9414451940939985,-1.0485088323385283,-0.8973080877106494,-0.1512007446278789
850,2017-03-12 20:00:00,0.005792332140047401,7.050221383017695,-1.0466302700889771,-0.8923211907777535,-0.15430907931122362
851,2017-03-12 22:00:00,0.005705704000000001,7.340008632000001,-1.0490968068145898,-0.8790357543468459,-0.17006105246774395
852,2017-03-13 00:00:00,0.00584832000024,7.389973704303267,-1.0450361447472818,-0.876745081468098,-0.16829106327918375
853,2017-03-13 02:00:00,0.0058178999999527,7.525472099938818,-1.0459022841779646,-0.8705330920585295,-0.17536919211943514
854,2017-03-13 04:00:00,0.005802839999951999,7.666252816436586,-1.0463310829847856,-0.8640789320970504,-0.18225215088773516
855,2017-03-13 06:00:00,0.0056758795337204,7.250436724368835,-1.0499459897863141,-0.8831422217259597,-0.16680376806035446
856,2017-03-13 08:00:00,0.00576784,7.7709424,-1.0473276273551348,-0.8592793875612077,-0.18804823979392715
857,2017-03-13 10:00:00,0.005809376,7.874990716,-1.0461449854401752,-0.8545092422466173,-0.19163574319355792
858,2017-03-13 12:00:00,0.0055978200077634,8.218191611397494,-1.0521685549649213,-0.8387750313907338,-0.2133935235741875
859,2017-03-13 14:00:00,0.005540415999999999,8.409559999999999,-1.0538030018463653,-0.8300016551618196,-0.22380134668454577
860,2017-03-13 16:00:00,0.00573345,8.23573719,-1.0483068033820861,-0.8379706458631245,-0.21033615751896162
861,2017-03-13 18:00:00,0.005711840000092799,7.952346170129203,-1.0489220983472376,-0.8509628440802843,-0.19795925426695327
862,2017-03-13 20:00:00,0.0056048,7.978990799999999,-1.0519698157655497,-0.8497413081513686,-0.2022285076141811
863,2017-03-13 22:00:00,0.00561598,7.76733329,-1.0516514910205275,-0.8594448489527822,-0.1922066420677453
864,2017-03-14 00:00:00,0.005571,7.778378760000002,-1.0529321929016637,-0.8589384640443714,-0.19399372885729238
865,2017-03-14 02:00:00,0.0056055380003178,7.7493846514393425,-1.0519488029066062,-0.8602677129588983,-0.19168108994770794
866,2017-03-14 04:00:00,0.005698993404675,8.04462555464046,-1.0492878755575037,-0.846732251115573,-0.20255562444193065
867,2017-03-14 06:00:00,0.0057867200006608,8.260714440943312,-1.0467900628295201,-0.8368255517266793,-0.20996451110284087
868,2017-03-14 08:00:00,0.0059044748891892,8.286468256855237,-1.0434372636465203,-0.835644855594076,-0.20779240805244437
869,2017-03-14 10:00:00,0.0060055130935818,8.31033263412045,-1.0405604335346432,-0.8345507816890522,-0.20600965184559106
870,2017-03-14 12:00:00,0.005915046000000001,8.278156792999999,-1.0431362756184837,-0.8360258986699337,-0.20711037694854995
871,2017-03-14 14:00:00,0.0055539750015645,8.505185852395826,-1.0534169405122171,-0.8256176417602027,-0.22779929875201443
872,2017-03-14 16:00:00,0.006066939999951601,8.516930819932055,-1.0388114438827936,-0.8250791880493041,-0.21373225583348943
873,2017-03-14 18:00:00,0.005882937502838001,8.383646129044372,-1.044050491107942,-0.8311896890952268,-0.21286080201271518
874,2017-03-14 20:00:00,0.0059396469609096,8.382273852200898,-1.0424358199289618,-0.831252601790087,-0.21118321813887486
875,2017-03-14 22:00:00,0.005905309914287501,8.318008197331599,-1.0434134882304646,-0.8341988917854376,-0.20921459644502705
876,2017-03-15 00:00:00,0.00590777,8.21397356,-1.0433434429570152,-0.8389684099948668,-0.20437503296214843
877,2017-03-15 02:00:00,0.0060151139753081,8.033816238464201,-1.0402870705447045,-0.8472278094378443,-0.19305926110686022
878,2017-03-15 04:00:00,0.0061875,8.1823625,-1.0353787756113,-0.8404176343124254,-0.19496114129887454
879,2017-03-15 06:00:00,0.0058310999999535,8.12472869993521,-1.0455264445863233,-0.8430598837202977,-0.20246656086602555
880,2017-03-15 08:00:00,0.0059481900000477,8.240176000066079,-1.0421925765698072,-0.837767146471178,-0.20442543009862923
881,2017-03-15 10:00:00,0.0060375000000483,8.4876500000679,-1.0396496800601347,-0.826421581382055,-0.21322809867807968
882,2017-03-15 12:00:00,0.005884400000046999,9.0769874800725,-1.0440088498690197,-0.7994031198919481,-0.24460572997707153
883,2017-03-15 14:00:00,0.005936149999999999,9.0492026,-1.0425353878350354,-0.800676931142236,-0.24185845669279937
884,2017-03-15 16:00:00,0.005752656513524,9.169596919031932,-1.0477599421548682,-0.7951573954216051,-0.2526025467332631
885,2017-03-15 18:00:00,0.0057296258046716,9.291413908875672,-1.0484156885343963,-0.7895726366702898,-0.2588430518641065
886,2017-03-15 20:00:00,0.005658422999999999,9.680525,-1.0504430243699925,-0.7717336507112871,-0.2787093736587054
887,2017-03-15 22:00:00,0.005860896699066,9.971054448411,-1.0446780522207155,-0.7584141877890014,-0.28626386443171414
888,2017-03-16 00:00:00,0.0057911270645401,9.4092181259899,-1.046664581837957,-0.7841718454234,-0.26249273641455695
889,2017-03-16 02:00:00,0.0057575000000000005,9.695507499999998,-1.0476220350352359,-0.7710467707604781,-0.27657526427475776
890,2017-03-16 04:00:00,0.00567392,9.19781768,-1.0500017829948929,-0.7938636010010783,-0.25613818199381455
891,2017-03-16 06:00:00,0.006050000000000001,9.3291,-1.039293771357326,-0.7878448996158819,-0.25144887174144415
892,2017-03-16 08:00:00,0.0062487599999484006,9.28719532992331,-1.0336345382353032,-0.7897660394604304,-0.2438684987748727
893,2017-03-16 10:00:00,0.00615936,9.35253102,-1.0361799972861592,-0.7867706931840442,-0.24940930410211493
894,2017-03-16 12:00:00,0.006030970000050299,9.88333302008243,-1.039835606767144,-0.7624358190504887,-0.2773997877166552
895,2017-03-16 14:00:00,0.006117539999241,9.901661638771506,-1.0373707254684887,-0.7615955346718102,-0.27577519079667856
896,2017-03-16 16:00:00,0.0064967316699467,10.224636749496117,-1.0265741161758246,-0.7467885846856871,-0.2797855314901375
897,2017-03-16 18:00:00,0.006793624998965001,9.763975073512473,-1.018120762574878,-0.7679078417749103,-0.2502129207999677
898,2017-03-16 20:00:00,0.006473391620680001,9.11142723915372,-1.027238670311033,-0.7978242124984166,-0.22941445781261638
899,2017-03-16 22:00:00,0.00656458,9.54840898,-1.0246422912773983,-0.7777905734757586,-0.24685171780163961
900,2017-03-17 00:00:00,0.0064515,9.1362095,-1.02786198377893,-0.7966880577771731,-0.2311739260017569
901,2017-03-17 02:00:00,0.006125799999943801,8.752558299919702,-1.037135540976753,-0.8142767323934929,-0.22285880858326024
902,2017-03-17 04:00:00,0.006099765599999999,8.7548432816,-1.03787681054061,-0.8141719763044448,-0.22370483423616516
903,2017-03-17 06:00:00,0.0061793537971874994,8.457955824408437,-1.0356107199702613,-0.8277829252109413,-0.20782779475932
904,2017-03-17 08:00:00,0.0059664915989436,8.476367115299213,-1.041671480702004,-0.8269388506852353,-0.21473263001676868
905,2017-03-17 10:00:00,0.0060627299999463004,8.669263589923213,-1.0389313139345138,-0.8180954186144204,-0.2208358953200934
906,2017-03-17 12:00:00,0.005903281779844899,9.0090702597633,-1.0434712346865749,-0.8025168176690263,-0.2409544170175486
907,2017-03-17 14:00:00,0.0057305,8.870814,-1.0483907978362736,-0.8088552426919042,-0.23953555514436942
908,2017-03-17 16:00:00,0.00582465,8.600813910000001,-1.0457100934763583,-0.8212335272597436,-0.22447656621661471
909,2017-03-17 18:00:00,0.006009460000807001,8.447457711134394,-1.0404480544437587,-0.8282642162858128,-0.21218383815794584
910,2017-03-17 20:00:00,0.006171000001122,7.946114001444747,-1.0358485750688766,-0.8512485608644934,-0.1846000142043832
911,2017-03-17 22:00:00,0.006024100000000001,7.840735299999999,-1.0400312141923955,-0.856079698342531,-0.18395151584986458
912,2017-03-18 00:00:00,0.005661322395480001,7.390861758572762,-1.050360470762936,-0.8767043681910783,-0.1736561025718576
913,2017-03-18 02:00:00,0.0059773140000567,7.439130972070568,-1.041363337761498,-0.8744914427785658,-0.1668718949829321
914,2017-03-18 04:00:00,0.006142614892038,7.294943984168197,-1.0366567756602536,-0.8811017648982185,-0.15555501076203515
915,2017-03-18 06:00:00,0.0061621862358125,7.728817597022959,-1.0360995267320996,-0.8612106195049228,-0.17488890722717676
916,2017-03-18 08:00:00,0.0059302337641092,7.9397032501882014,-1.0427038390229988,-0.8515424648529963,-0.19116137417000245
917,2017-03-18 10:00:00,0.006218843501149999,7.9004187838609585,-1.0344863416209886,-0.853343480190785,-0.18114286143020364
918,2017-03-18 12:00:00,0.0057684243162305,7.6901570103817125,-1.04731099029654,-0.8629830327770998,-0.1843279575194403
919,2017-03-18 14:00:00,0.0056285219999999995,7.311633827,-1.0512943864630973,-0.8803366109904381,-0.1709577754726591
920,2017-03-18 16:00:00,0.0058451579998834,7.649837999847399,-1.0451261754232455,-0.8648314772938681,-0.18029469812937737
921,2017-03-18 18:00:00,0.0054363200015596,7.004078562009367,-1.05676689559962,-0.8944366306992884,-0.16233026490033153
922,2017-03-18 20:00:00,0.0054460800000558,6.973510240071451,-1.05648900212621,-0.8958380501866257,-0.16065095193958445
923,2017-03-18 22:00:00,0.0053226600015979,6.762009662030003,-1.0600031022639351,-0.9055343963665828,-0.1544687058973523
924,2017-03-19 00:00:00,0.00543365,6.9866968400000005,-1.0568429177432397,-0.8952335041422231,-0.16160941360101655
925,2017-03-19 02:00:00,0.0053599999946399995,6.99565999300434,-1.0589399319809065,-0.8948225840624823,-0.16411734791842425
926,2017-03-19 04:00:00,0.0055465899930875005,7.191058641038063,-1.0536272116160121,-0.8858644386428549,-0.16776277297315723
927,2017-03-19 06:00:00,0.0056769970866376,7.1466536556968245,-1.0499141700414647,-0.8879002066486529,-0.16201396339281182
928,2017-03-19 08:00:00,0.0055115750008475,6.990803691074957,-1.0546241828572247,-0.8950452235705999,-0.1595789592866248
929,2017-03-19 10:00:00,0.005356853999946001,7.489606059224499,-1.0590295069324993,-0.872177388022592,-0.18685211890990727
930,2017-03-19 12:00:00,0.0052668,7.28442,-1.06159358712669,-0.8815842420367311,-0.1800093450899588
931,2017-03-19 14:00:00,0.0054790626253636,7.711378984593272,-1.0555498978514988,-0.8620101011166622,-0.19353979673483657
932,2017-03-19 16:00:00,0.0055058847054978,7.576190324675572,-1.0547862009087716,-0.868207890542607,-0.18657831036616457
933,2017-03-19 18:00:00,0.00561768,8.765537519999999,-1.0516030874367583,-0.8136816937784224,-0.23792139365833598
934,2017-03-19 20:00:00,0.00556787,8.51983278,-1.0530213124411916,-0.8249461462880012,-0.22807516615319035
935,2017-03-19 22:00:00,0.005511993000000001,8.262914000000002,-1.0546122812942875,-0.8367247118790798,-0.2178875694152077
936,2017-03-20 00:00:00,0.005622307400778001,8.312483488526777,-1.0514713328595873,-0.8344521747296786,-0.21701915812990868
937,2017-03-20 02:00:00,0.0056547540456584,7.856727676348302,-1.0505474893928268,-0.8553465201226448,-0.19520096927018205
938,2017-03-20 04:00:00,0.0056191461029724,8.034415059123381,-1.05156134353203,-0.8472003562154234,-0.20436098731660646
939,2017-03-20 06:00:00,0.005654,8.01976724,-1.0505689591058809,-0.8478718925597536,-0.2026970665461273
940,2017-03-20 08:00:00,0.0054539119927607,8.082945009732276,-1.0562660041762277,-0.8449754771840865,-0.21129052699214124
941,2017-03-20 10:00:00,0.005789300000000001,8.495808199999999,-1.0467166032917914,-0.8260475647647981,-0.22066903852699327
942,2017-03-20 12:00:00,0.0057519,8.663407199999998,-1.0477814821347105,-0.8183639076397752,-0.22941757449493527
943,2017-03-20 14:00:00,0.0057274370108784,8.41992705792134,-1.0484780093954096,-0.8295263723829078,-0.21895163701250175
944,2017-03-20 16:00:00,0.006065640000000001,8.6396742,-1.0388484583866509,-0.8194519584906047,-0.21939649989604615
945,2017-03-20 18:00:00,0.0058611176928287,8.081111300777833,-1.0446717599324185,-0.8450595444569999,-0.19961221547541852
946,2017-03-20 20:00:00,0.0058439596535166,8.287557734876605,-1.0451602955754513,-0.8355949079478405,-0.2095653876276108
947,2017-03-20 22:00:00,0.0058894784003408,8.126360362070239,-1.0438642541195882,-0.8429850793814325,-0.20087917473815564
948,2017-03-21 00:00:00,0.006013500000000001,8.425609800000002,-1.0403330247735438,-0.829265844326879,-0.21106718044666484
949,2017-03-21 02:00:00,0.006089289100152001,8.503382422425593,-1.038175104739433,-0.8257003208784568,-0.21247478386097618
950,2017-03-21 04:00:00,0.00596182,8.17771272,-1.0418044937201227,-0.8406308057229159,-0.2011736879972068
951,2017-03-21 06:00:00,0.0058211600011902,8.232110161683147,-1.0458094631526784,-0.8381369287285917,-0.20767253442408673
952,2017-03-21 08:00:00,0.0059230571866966,8.239155290746103,-1.0429081755323906,-0.837813941383075,-0.2050942341493156
953,2017-03-21 10:00:00,0.0060331327979532,8.783340724283475,-1.039774026079221,-0.8128654972770055,-0.22690852880221546
954,2017-03-21 12:00:00,0.00598674453663,8.582422807871701,-1.0410948249573728,-0.8220766762218803,-0.21901814873549252
955,2017-03-21 14:00:00,0.006407405901239001,8.57961424184904,-1.0291174616631058,-0.8222054362880569,-0.20691202537504894
956,2017-03-21 16:00:00,0.00646072581,8.26216743,-1.027599300092358,-0.8367589387414109,-0.19084036135094706
957,2017-03-21 18:00:00,0.0072168799999999984,8.42770344,-1.006069551458251,-0.8291698603896048,-0.17689969106864611
958,2017-03-21 20:00:00,0.0072705179984304015,8.435301673178941,-1.004542333016939,-0.8288215157186762,-0.17572081729826272
959,2017-03-21 22:00:00,0.0070432739851949994,8.269071973818368,-1.011012582799677,-0.8364423965943515,-0.1745701862053255
960,2017-03-22 00:00:00,0.0065025600000589,8.2028414400743,-1.0264081679024013,-0.8394787674109834,-0.18692940049141793
961,2017-03-22 02:00:00,0.0065767898,8.1579068774,-1.0242946453496904,-0.8415388141454637,-0.18275583120422667
962,2017-03-22 04:00:00,0.00691271,8.09233264,-1.014730091502387,-0.8445450967391335,-0.17018499476325344
963,2017-03-22 06:00:00,0.0066243749996250005,8.005456496546817,-1.0229397664107398,-0.8485279755071365,-0.17441179090360326
964,2017-03-22 08:00:00,0.0067787279993660006,8.201608667232922,-1.0185449203207593,-0.8395352844774705,-0.17900963584328877
965,2017-03-22 10:00:00,0.006777474,8.083008830999999,-1.0185806250639111,-0.8449725512672345,-0.17360807379667664
966,2017-03-22 12:00:00,0.006446399998736,7.859824198458858,-1.0280071945662266,-0.8552045585705023,-0.17280263599572432
967,2017-03-22 14:00:00,0.0066354762005403,8.040865995204504,-1.0226236852881276,-0.8469046099342238,-0.17571907535390385
968,2017-03-22 16:00:00,0.006691287541710799,8.359167229957237,-1.0210345859189458,-0.832311936050063,-0.18872264986888276
969,2017-03-22 18:00:00,0.00669438,8.994994973999999,-1.0209465352931497,-0.8031621059448629,-0.2177844293482868
970,2017-03-22 20:00:00,0.006521561598271999,8.560507452091748,-1.0258671411666052,-0.8230813962953059,-0.2027857448712993
971,2017-03-22 22:00:00,0.006641279999935999,9.105526943912253,-1.0224584354703463,-0.798094714384298,-0.2243637210860483
972,2017-03-23 00:00:00,0.0065711192680056,8.876655170677259,-1.0244561006852233,-0.8085874514002331,-0.21586864928499017
973,2017-03-23 02:00:00,0.0062830080000000005,9.097100928,-1.0326594053297622,-0.7984810091545517,-0.23417839617521052
974,2017-03-23 04:00:00,0.0063342434757753,8.635450670363443,-1.0312005931864463,-0.819645588247254,-0.21155500493919233
975,2017-03-23 06:00:00,0.006555395899999999,8.334069080099999,-1.0249037873678062,-0.8334625728556255,-0.19144121451218066
976,2017-03-23 08:00:00,0.00615641,8.45561294,-1.036263991740347,-0.8278903358785348,-0.2083736558618121
977,2017-03-23 10:00:00,0.006509068800062401,8.986384919286149,-1.0262228448163984,-0.8035568380628881,-0.22266600675351023
978,2017-03-23 12:00:00,0.0066392232000632,8.907274290084791,-1.0225169981085458,-0.8071837030783601,-0.21533329503018572
979,2017-03-23 14:00:00,0.0066007259999999995,9.23472,-1.0236131171956828,-0.792171796312519,-0.23144132088316383
980,2017-03-23 16:00:00,0.0063443959268544,9.02210420774736,-1.0309115255298178,-0.8019192700267679,-0.2289922555030499
981,2017-03-23 18:00:00,0.0062833203,9.1900697156,-1.0326505133066968,-0.7942188101721742,-0.23843170313452255
982,2017-03-23 20:00:00,0.0062212,9.1148614,-1.0344192457448194,-0.7976667717353155,-0.23675247400950383
983,2017-03-23 22:00:00,0.0060547499992395,9.31436864883008,-1.0391585260713894,-0.7885202655272416,-0.25063826054414773
984,2017-03-24 00:00:00,0.0060828449401,8.9973299114,-1.038358587351726,-0.8030550596117106,-0.2353035277400154
985,2017-03-24 02:00:00,0.0059288380799416,8.93061692151203,-1.042743577914482,-0.8061135488633426,-0.2366300290511394
986,2017-03-24 04:00:00,0.005933111133806999,8.847059781990746,-1.0426219125493508,-0.8099442662926187,-0.23267764625673204
987,2017-03-24 06:00:00,0.005943599999415,8.58886775915464,-1.042323266263998,-0.8217812043166447,-0.22054206194735337
988,2017-03-24 08:00:00,0.006088320001208,8.763632641738816,-1.0382026975993839,-0.8137690238425864,-0.22443367375679746
989,2017-03-24 10:00:00,0.0060412799998173,9.378854079716364,-1.0395420532745667,-0.7855638997942147,-0.253978153480352
990,2017-03-24 12:00:00,0.005993790066543,9.422657062610249,-1.0408942197236428,-0.7835557308814536,-0.25733848884218924
991,2017-03-24 14:00:00,0.0060161539604928,9.200638823646543,-1.040257459362348,-0.7937342643076586,-0.24652319505468934
992,2017-03-24 16:00:00,0.0060681950001851,9.43271899528773,-1.038775710642245,-0.7830944367167578,-0.25568127392548723
993,2017-03-24 18:00:00,0.00585822,9.325425599999999,-1.0447542650604014,-0.7880133542590492,-0.2567409108013522
994,2017-03-24 20:00:00,0.0057335400000601,9.3969000000985,-1.0483042408377048,-0.7847365758559943,-0.26356766498171047
995,2017-03-24 22:00:00,0.0050141532020748,9.076748307755855,-1.0687871226839574,-0.7994140848623532,-0.26937303782160416
996,2017-03-25 00:00:00,0.00533748,8.95146898,-1.0595811369497512,-0.8051575761679658,-0.2544235607817854
997,2017-03-25 02:00:00,0.0052153599998314,8.416959999727899,-1.0630582226309493,-0.8296623985992242,-0.2333958240317251
998,2017-03-25 04:00:00,0.0051314067,8.4030540504,-1.0654485994433478,-0.8302999235643702,-0.2351486758789776
999,2017-03-25 06:00:00,0.0053144600002845,8.482550640454098,-1.0602365784112762,-0.82665536398714,-0.23358121442413615
1000,2017-03-25 08:00:00,0.0050673545167632,8.31339900431296,-1.0672723378062259,-0.8344102024661593,-0.2328621353400666
1001,2017-03-25 10:00:00,0.005090399999999999,8.649135000000001,-1.0666161707601371,-0.8190182235439257,-0.24759794721621142
1002,2017-03-25 12:00:00,0.0052677900000561,8.655035310092172,-1.0615653991557212,-0.8187477209772067,-0.24281767817851452
1003,2017-03-25 14:00:00,0.0052719957484008,8.984097690947648,-1.0614456501602425,-0.8036616971510671,-0.25778395300917545
1004,2017-03-25 16:00:00,0.005350357900000001,9.263436708,-1.059214468413622,-0.7908552649607125,-0.26835920345290953
1005,2017-03-25 18:00:00,0.005374007814963001,9.141781262536872,-1.058541091566538,-0.7964326176318538,-0.2621084739346843
1006,2017-03-25 20:00:00,0.0055103999989094,9.187497598181642,-1.054657638330601,-0.794336730137854,-0.260320908192747
1007,2017-03-25 22:00:00,0.005656753840086601,8.787961480740861,-1.0504905498533408,-0.8126536564648479,-0.2378368933884929
1008,2017-03-26 00:00:00,0.005640452999999999,8.653872246599999,-1.0509546787231276,-0.8188010421849018,-0.23215363653822585
1009,2017-03-26 02:00:00,0.0056667599980178,8.846317796905609,-1.0502056475570882,-0.8099782829573129,-0.24022736459977534
1010,2017-03-26 04:00:00,0.005720049968611999,8.450530363628857,-1.0486883384066725,-0.8281233490477518,-0.22056498935892077
1011,2017-03-26 06:00:00,0.0055772584290248,8.80260416870993,-1.052753998552508,-0.811982355360766,-0.24077164319174205
1012,2017-03-26 08:00:00,0.0056194319992447,8.622684718841036,-1.0515532032942854,-0.8202308494622542,-0.23132235383203115
1013,2017-03-26 10:00:00,0.005631811604582,8.638839730688495,-1.0512007225507725,-0.8194902151393373,-0.23171050741143517
1014,2017-03-26 12:00:00,0.0057308642584948,8.420969618394514,-1.048380426414764,-0.8294785756943359,-0.21890185072042811
1015,2017-03-26 14:00:00,0.005597520000000001,8.573328960000001,-1.0521770969948665,-0.8224935880709562,-0.22968350892391032
1016,2017-03-26 16:00:00,0.005348006999999999,8.69784888,-1.0592814048754353,-0.8167849121807942,-0.24249649269464113
1017,2017-03-26 18:00:00,0.0055828221956019,8.734418535583071,-1.0525955831162812,-0.8151083586531448,-0.23748722446313641
1018,2017-03-26 20:00:00,0.0053947163795268,8.771646226411194,-1.0579514628961848,-0.8134016371817775,-0.2445498257144073
1019,2017-03-26 22:00:00,0.0054315873802740005,8.69817677438265,-1.056901646088352,-0.8167698797044101,-0.24013176638394196
1020,2017-03-27 00:00:00,0.0055416121,8.765578384300001,-1.0537689456542794,-0.8136798203348464,-0.24008912531943294
1021,2017-03-27 02:00:00,0.00558325,8.76614916,-1.0525834023715634,-0.8136536528471282,-0.23892974952443524
1022,2017-03-27 04:00:00,0.0055109279822247,8.74771856158349,-1.0546426052219946,-0.8144986125356792,-0.24014399268631537
1023,2017-03-27 06:00:00,0.0055248273000557,8.92399465448997,-1.0542468541661327,-0.8064171498943026,-0.24782970427183015
1024,2017-03-27 08:00:00,0.005852977000590001,8.928270000900001,-1.0449035473904853,-0.8062211445726396,-0.2386824028178457
1025,2017-03-27 10:00:00,0.0059318276818631005,9.005851310445568,-1.0426584558868095,-0.8026643919556289,-0.2399940639311806
1026,2017-03-27 12:00:00,0.0059616620286416,9.144560379992015,-1.04180899159064,-0.7963052076494822,-0.2455037839411579
1027,2017-03-27 14:00:00,0.006265440000000001,9.143554365,-1.0331596136589707,-0.7963513288928147,-0.236808284766156
1028,2017-03-27 16:00:00,0.0069563999999319994,9.05654738991147,-1.0134861194014586,-0.8003402057003475,-0.21314591370111113
1029,2017-03-27 18:00:00,0.0064452500000000005,8.950513599999997,-1.0280399381310221,-0.8052013760256267,-0.22283856210539543
1030,2017-03-27 20:00:00,0.006703044675023699,9.071384725580758,-1.0206998286323605,-0.7996599808784112,-0.22103984775394936
1031,2017-03-27 22:00:00,0.007073700000067998,9.006484500086579,-1.010146272117522,-0.8026353630706317,-0.2075109090468904
1032,2017-03-28 00:00:00,0.008331973204563,8.760966960731272,-0.9743198412598024,-0.8138912332762147,-0.1604286079835877
1033,2017-03-28 02:00:00,0.008429670945618301,8.87806100717213,-0.9715381231461453,-0.8085230001469413,-0.16301512299920395
1034,2017-03-28 04:00:00,0.008015092966608002,8.877239524289251,-0.9833422760495734,-0.8085606614265798,-0.17478161462299358
1035,2017-03-28 06:00:00,0.008093310000000001,8.769776700000001,-0.9811152262095993,-0.8134873465232998,-0.16762787968629955
1036,2017-03-28 08:00:00,0.008499003599999999,9.2513874075,-0.969564035531854,-0.7914076709633638,-0.17815636456849016
1037,2017-03-28 10:00:00,0.010337193,9.0637147638,-0.9172258269399258,-0.8000116139817435,-0.11721421295818235
1038,2017-03-28 12:00:00,0.008903999999580001,8.927796999578877,-0.9580326960299519,-0.8062428295467219,-0.15178986648323
1039,2017-03-28 14:00:00,0.008405535,9.134025272999999,-0.9722253385964867,-0.7967881947192266,-0.17543714387726017
1040,2017-03-28 16:00:00,0.00944394,8.97084258,-0.9426591483590167,-0.8042693841162389,-0.1383897642427777
1041,2017-03-28 18:00:00,0.0102154786883744,8.838557542308289,-0.9206913615744329,-0.8103340555784424,-0.11035730599599047
1042,2017-03-28 20:00:00,0.0102780594000994,8.92755961928634,-0.9189095199730752,-0.8062537123609159,-0.11265580761215932
1043,2017-03-28 22:00:00,0.0097042455222111,9.125764085055707,-0.9352475482708454,-0.7971669328716577,-0.1380806153991877
1044,2017-03-29 00:00:00,0.008252870999201,9.14445995011468,-0.9765720943324823,-0.7963098119057281,-0.18026228242675413
1045,2017-03-29 02:00:00,0.00852104,9.01946012,-0.9689365998063432,-0.8020404895069507,-0.16689611029939244
1046,2017-03-29 04:00:00,0.0084756580260078,8.933817289994478,-0.9702287469708939,-0.8059668264241107,-0.16426192054678324
1047,2017-03-29 06:00:00,0.009608730396596002,9.040241106940373,-0.9379671214378582,-0.8010877751210093,-0.13687934631684895
1048,2017-03-29 08:00:00,0.00954841,9.21891193,-0.9396846057729269,-0.7928965249188253,-0.14678808085410155
1049,2017-03-29 10:00:00,0.0090806400000864,9.080640000086401,-0.9530032789349656,-0.7992356683473142,-0.15376761058765143
1050,2017-03-29 12:00:00,0.009139418710701602,9.057612055195325,-0.9513296905566717,-0.8002913956060506,-0.15103829495062115
1051,2017-03-29 14:00:00,0.0092762010002673,9.422694181271524,-0.9474351299618979,-0.7835540291584947,-0.16388110080340323
1052,2017-03-29 16:00:00,0.008984216,9.389309354,-0.9557487302088061,-0.7850845726935546,-0.17066415751525155
1053,2017-03-29 18:00:00,0.008430324080103,9.275989663412394,-0.9715195266462967,-0.7902797686552779,-0.18123975799101877
1054,2017-03-29 20:00:00,0.0076306070296224,9.330804264491775,-0.9942896273783404,-0.7877667667868964,-0.20652286059144398
1055,2017-03-29 22:00:00,0.007841599999999999,9.309872,-0.9882820886040155,-0.7887264165652667,-0.1995556720387488
1056,2017-03-30 00:00:00,0.008320000000000001,9.4194048,-0.9746607506774783,-0.7837048324320457,-0.19095591824543257
1057,2017-03-30 02:00:00,0.0075930812675536,9.459769372796185,-0.9953580870064549,-0.7818542990913699,-0.21350378791508495
1058,2017-03-30 04:00:00,0.00795809,9.45941549,-0.9849653042079821,-0.781870523019128,-0.20309478118885416
1059,2017-03-30 06:00:00,0.0081917534319528,9.674858867881033,-0.978312276265458,-0.7719934172756893,-0.20631885898976876
1060,2017-03-30 08:00:00,0.007801511757883199,9.404330284648305,-0.9894235089484004,-0.7843959308711074,-0.205027578077293
1061,2017-03-30 10:00:00,0.008039459999844,9.28351489981986,-0.9826484809116666,-0.7899347705566037,-0.1927137103550629
1062,2017-03-30 12:00:00,0.00822959999992,9.46097447390803,-0.9772346824284162,-0.7817990506486919,-0.19543563177972423
1063,2017-03-30 14:00:00,0.008372924399999999,9.637534649600001,-0.9731538503075804,-0.773704564094769,-0.19944928621281144
1064,2017-03-30 16:00:00,0.008441475921801599,9.769415257804035,-0.9712020036440394,-0.7676584338978151,-0.20354356974622434
1065,2017-03-30 18:00:00,0.008557299999999999,10.0005969,-0.9679041798372459,-0.757059799823426,-0.2108443800138199
1066,2017-03-30 20:00:00,0.008707142,10.115312064,-0.9636377740730564,-0.751800627708934,-0.21183714636412243
1067,2017-03-30 22:00:00,0.008668190416284699,9.95922008277543,-0.9647468306879392,-0.7589567399989542,-0.20579009068898502
1068,2017-03-31 00:00:00,0.008600263904578001,9.9932339658251,-0.9666808816288418,-0.7573973570978372,-0.20928352453100463
1069,2017-03-31 02:00:00,0.008685720000000001,10.14259218,-0.9642477161739391,-0.7505499576114103,-0.21369775856252882
1070,2017-03-31 04:00:00,0.0084005724795718,10.101840098218034,-0.9723666349336938,-0.7524182564887515,-0.2199483784449423
1071,2017-03-31 06:00:00,0.009005800711922,10.086831119420832,-0.9551341552607783,-0.7531063503728107,-0.20202780488796757
1072,2017-03-31 08:00:00,0.008686982731041,10.451679722373717,-0.9642117628164563,-0.7363796899056624,-0.22783207291079388
1073,2017-03-31 10:00:00,0.0089832015216398,10.765126883336023,-0.9557776151430943,-0.7220095533795122,-0.2337680617635821
1074,2017-03-31 12:00:00,0.0087857105990845,12.126911079011785,-0.9614007142098779,-0.6595778990268746,-0.30182281518300336
1075,2017-03-31 14:00:00,0.008662876420500001,11.223600897,-0.964898134476241,-0.7009905907262322,-0.2639075437500088
1076,2017-03-31 16:00:00,0.008309480458533101,12.427972863600203,-0.974960270387246,-0.6457755760641783,-0.32918469432306763
1077,2017-03-31 18:00:00,0.0081755242998486,12.95987999976,-0.9787743634156373,-0.6213900364332452,-0.3573843269823921
1078,2017-03-31 20:00:00,0.008294015999923198,11.88580010588994,-0.9754005852212266,-0.6706317480745949,-0.3047688371466317
1079,2017-03-31 22:00:00,0.0082832402056558,11.893629945111575,-0.9757074011391679,-0.6702727853127461,-0.30543461582642173
1080,2017-04-01 00:00:00,0.0082929116784489,12.591120252574694,-0.9754320282312203,-0.6382960051972715,-0.33713602303394885
1081,2017-04-01 02:00:00,0.008351363408667201,12.456798586631908,-0.973767749866475,-0.6444540468655764,-0.32931370300089857
1082,2017-04-01 04:00:00,0.0083931317348418,12.731957932016432,-0.9725784929988954,-0.6318392337421064,-0.34073925925678905
1083,2017-04-01 06:00:00,0.009052959999917402,12.700261679884127,-0.9537914031743231,-0.6332923637341284,-0.32049903944019464
1084,2017-04-01 08:00:00,0.009090294377746999,12.431098035349931,-0.9527283927715346,-0.6456323010554867,-0.3070960917160479
1085,2017-04-01 10:00:00,0.008998652599507398,12.387998937321859,-0.9553376812949258,-0.6476082000265155,-0.30772948126841027
1086,2017-04-01 12:00:00,0.00902279,12.84784851,-0.95465042442039,-0.6265261742056744,-0.3281242502147157
1087,2017-04-01 14:00:00,0.0093939677801926,13.080327212518561,-0.9440819921987653,-0.6158680757741632,-0.32821391642460207
1088,2017-04-01 16:00:00,0.0095213824258001,13.143831727618572,-0.9404541536857852,-0.6129566805992557,-0.32749747308652954
1089,2017-04-01 18:00:00,0.009513740709,13.474537998605438,-0.9406717339677103,-0.5977952918358502,-0.3428764421318601
1090,2017-04-01 20:00:00,0.0089757416014161,13.028391298855484,-0.9559900191863051,-0.6182491028271999,-0.3377409163591052
1091,2017-04-01 22:00:00,0.0093478127865365,12.806098043846795,-0.9453961493174671,-0.6284402444968521,-0.316955904820615
1092,2017-04-02 00:00:00,0.0090534401278464,12.90473220838552,-0.9537777326375989,-0.6239183135716756,-0.3298594190659233
1093,2017-04-02 02:00:00,0.008996247548605998,12.826990659884519,-0.955406159578911,-0.6274824124210127,-0.3279237471578983
1094,2017-04-02 04:00:00,0.0087394456356732,12.648967073065155,-0.9627180024640255,-0.6356439897650704,-0.3270740126989551
1095,2017-04-02 06:00:00,0.009084337426474302,12.680036528297686,-0.952898003236203,-0.6342195955797351,-0.31867840765646793
1096,2017-04-02 08:00:00,0.008993424328008003,11.845423385086296,-0.9554865442816837,-0.6724828383465415,-0.2830037059351421
1097,2017-04-02 10:00:00,0.009256905199335,12.114163339115152,-0.9479845334423788,-0.660162325321093,-0.2878222081212858
1098,2017-04-02 12:00:00,0.0090111192793523,12.449226305581016,-0.9549827213053995,-0.6448012017486566,-0.3101815195567429
1099,2017-04-02 14:00:00,0.0093523882141912,12.257833936656759,-0.9452658745552533,-0.6535756773670068,-0.2916901971882465
1100,2017-04-02 16:00:00,0.0098066718619756,11.331500130812787,-0.9323311942020526,-0.6960438982240684,-0.23628729597798415
1101,2017-04-02 18:00:00,0.009354150003042,11.76990075382761,-0.9452157116762985,-0.6759452098629067,-0.26927050181339174
1102,2017-04-02 20:00:00,0.009711324804604802,11.29404953306735,-0.9350459820129818,-0.69776083897075,-0.2372851430422318
1103,2017-04-02 22:00:00,0.0114315135578606,11.636506159163414,-0.8860675700031035,-0.6820607495005603,-0.20400682050254326
1104,2017-04-03 00:00:00,0.0126463285558142,11.197515289942553,-0.8514785114634895,-0.7021864979841961,-0.14929201347929344
1105,2017-04-03 02:00:00,0.0113457607999009,11.209817748702084,-0.8885091822403562,-0.7016224858188314,-0.1868866964215249
1106,2017-04-03 04:00:00,0.011901432237395001,10.55179611561041,-0.872687718138701,-0.7317898054897367,-0.14089791264896434
1107,2017-04-03 06:00:00,0.0113850529995988,11.671450080588707,-0.8873904273700342,-0.680458728540795,-0.20693169882923912
1108,2017-04-03 08:00:00,0.011043230345342998,11.746114879663756,-0.8971230400049925,-0.6770356847553225,-0.22008735524967005
1109,2017-04-03 10:00:00,0.010515389600911999,11.247764910762127,-0.9121520892342766,-0.6998827798412476,-0.21226930939302902
1110,2017-04-03 12:00:00,0.0138566531800156,11.176654588669685,-0.8170173059721512,-0.7031428669122223,-0.11387443905992889
1111,2017-04-03 14:00:00,0.0111761343040401,11.700068290287296,-0.8933389059473258,-0.679146712891203,-0.2141921930561228
1112,2017-04-03 16:00:00,0.0108148030603951,11.653787903502948,-0.9036269807238818,-0.6812684595821998,-0.22235852114168198
1113,2017-04-03 18:00:00,0.0107201700000933,12.070762050105053,-0.9063214391130817,-0.6621520783836866,-0.2441693607293951
1114,2017-04-03 20:00:00,0.010746502921907104,11.3827329119016,-0.9055716698266709,-0.6936951066235947,-0.21187656320307624
1115,2017-04-03 22:00:00,0.010337867625634,10.943438728875899,-0.9172066185291093,-0.7138347606751496,-0.20337185785395973
1116,2017-04-04 00:00:00,0.010377986,10.828628325999999,-0.9160643402383432,-0.719098299061919,-0.19696604117642413
1117,2017-04-04 02:00:00,0.0106665482567207,10.248750239534957,-0.9078481947290689,-0.7456830900852055,-0.16216510464386336
1118,2017-04-04 04:00:00,0.010729499984139,10.746979984113162,-0.9060557893105408,-0.7228415067414703,-0.18321428256907046
1119,2017-04-04 06:00:00,0.009911491400086,10.489146948871012,-0.9293466993234879,-0.7346619868058181,-0.19468471251766983
1120,2017-04-04 08:00:00,0.010539140611766402,10.496972493244103,-0.9114758339145762,-0.7343032209433756,-0.17717261297120057
1121,2017-04-04 10:00:00,0.0105845599999078,10.368116079909687,-0.9101826214683167,-0.7402107054654904,-0.16997191600282635
1122,2017-04-04 12:00:00,0.0107355388206967,10.521706510264906,-0.9058838473510181,-0.7331692779836186,-0.17271456936739948
1123,2017-04-04 14:00:00,0.0104548209994462,10.762813456429882,-0.913876640631232,-0.7221156135536815,-0.1917610270775505
1124,2017-04-04 16:00:00,0.0107653932,10.9444984548,-0.9050338126748533,-0.713786177028187,-0.19124763564666625
1125,2017-04-04 18:00:00,0.0108622881849745,11.071663055036293,-0.9022749511913157,-0.7079562544949005,-0.19431869669641522
1126,2017-04-04 20:00:00,0.010773,10.9610886,-0.9048172265683743,-0.7130255938065022,-0.19179163276187206
1127,2017-04-04 22:00:00,0.0108213713967062,11.161684080693526,-0.9034399624786716,-0.7038291970829048,-0.19961076539576683
1128,2017-04-05 00:00:00,0.0111260994000974,10.716843996393818,-0.894763534573424,-0.724223105657689,-0.17054042891573495
1129,2017-04-05 02:00:00,0.0108527999999048,10.438660799908432,-0.9025451054035729,-0.7369765486957537,-0.16556855670781923
1130,2017-04-05 04:00:00,0.011340001012200002,10.584178604735856,-0.8886731789265164,-0.730305214631231,-0.15836796429528543
1131,2017-04-05 06:00:00,0.0122614160937654,10.823863757222943,-0.8624380071108599,-0.7193167330193501,-0.14312127409150988
1132,2017-04-05 08:00:00,0.0120390600005365,10.840191780483076,-0.8687690846315445,-0.7185681669046342,-0.15020091772691024
1133,2017-04-05 10:00:00,0.01112616477,11.00844385947,-0.8947616733160377,-0.7108545690579419,-0.18390710425809587
1134,2017-04-05 12:00:00,0.0120238353229159,11.029992649561406,-0.86920257225423,-0.709866654365602,-0.159335917888628
1135,2017-04-05 14:00:00,0.01193218180112,10.534602578750661,-0.8718121951483336,-0.7325780514935718,-0.13923414365476183
1136,2017-04-05 16:00:00,0.0118230310962852,10.51141639369674,-0.8749200100218172,-0.7336410333490225,-0.14127897667279465
1137,2017-04-05 18:00:00,0.0120292648,10.785750857,-0.869047980401958,-0.721064037343083,-0.14798394305887497
1138,2017-04-05 20:00:00,0.0123266365138968,10.728907828226166,-0.8605810058936348,-0.7236700334590858,-0.13691097243454908
1139,2017-04-05 22:00:00,0.0126653999993334,10.51535999944656,-0.8509354960435022,-0.7334602368381966,-0.11747525920530555
1140,2017-04-06 00:00:00,0.0123263616282428,10.555638539730607,-0.860588832629388,-0.7316136476996037,-0.12897518492978433
1141,2017-04-06 02:00:00,0.0122266583969742,10.68387745677973,-0.8634276524568907,-0.7257344725930116,-0.13769317986387908
1142,2017-04-06 04:00:00,0.0118342409346975,10.723715765385489,-0.8746008356967423,-0.7239080660883934,-0.15069276960834888
1143,2017-04-06 06:00:00,0.0123429848978724,10.628454150162602,-0.860115523321134,-0.7282753808608475,-0.1318401424602864
1144,2017-04-06 08:00:00,0.0124594163323218,10.974263186266084,-0.8568004064442386,-0.7124215985342595,-0.14437880790997915
1145,2017-04-06 10:00:00,0.011224800413559005,10.718173591107695,-0.891953250589201,-0.7241621497456807,-0.16779110084352034
1146,2017-04-06 12:00:00,0.010909441096316998,10.763694689013162,-0.900932380665362,-0.722075213020162,-0.1788571676452
1147,2017-04-06 14:00:00,0.0112943666,10.789133491400001,-0.8899725136875011,-0.7209089588348048,-0.1690635548526963
1148,2017-04-06 16:00:00,0.0118734872961582,10.583047101175737,-0.8734833859646286,-0.7303570889585939,-0.14312629700603474
1149,2017-04-06 18:00:00,0.0115249335869094,10.109662227527878,-0.883407649884415,-0.7520596471915336,-0.13134800269288138
1150,2017-04-06 20:00:00,0.0101263940808952,9.621252983287409,-0.923227840551287,-0.7744510049528289,-0.1487768355984581
1151,2017-04-06 22:00:00,0.0115093888000964,10.506496000088001,-0.8838502518789297,-0.7338666111711436,-0.14998364070778614
1152,2017-04-07 00:00:00,0.0112213317,10.480879161699999,-0.8920520142170387,-0.7350410275029865,-0.15701098671405223
1153,2017-04-07 02:00:00,0.0106513717398792,10.428602196782943,-0.9082803110845159,-0.7374376902155296,-0.17084262086898627
1154,2017-04-07 04:00:00,0.0108382064,10.460523863999999,-0.9029606245420929,-0.7359742259600451,-0.16698639858204778
1155,2017-04-07 06:00:00,0.010432437306460198,10.318552853389678,-0.9145139647244722,-0.7424829555301661,-0.17203100919430614
1156,2017-04-07 08:00:00,0.010782090000090002,10.00087965918348,-0.9045584097561288,-0.7570468365920535,-0.14751157316407526
1157,2017-04-07 10:00:00,0.0108390684005448,9.799281821292537,-0.9029360810623405,-0.766289186865623,-0.1366468941967175
1158,2017-04-07 12:00:00,0.0107674435715091,9.986726406059503,-0.9049754330695013,-0.7576956993192075,-0.1472797337502938
1159,2017-04-07 14:00:00,0.010714589997854402,9.9730301080029,-0.9064803168223771,-0.7583236127205348,-0.14815670410184223
1160,2017-04-07 16:00:00,0.0107969290231932,10.004486868307707,-0.9041359027574074,-0.7568814623470472,-0.14725444041036018
1161,2017-04-07 18:00:00,0.0113181893030789,9.652755634799602,-0.8892942170968631,-0.7730067506747679,-0.1162874664220952
1162,2017-04-07 20:00:00,0.011739420000000002,9.613758428999999,-0.8773006433765599,-0.7747945964148862,-0.10250604696167365
1163,2017-04-07 22:00:00,0.0122393697996934,9.672934429757689,-0.8630657245472783,-0.7720816440711837,-0.09098408047609452
1164,2017-04-08 00:00:00,0.0126474251995764,10.116017368861185,-0.8514472870586609,-0.7517682926668277,-0.09967899439183325
1165,2017-04-08 02:00:00,0.012015820200000001,10.19297934,-0.8694307844151,-0.7482399339182875,-0.12119085049681255
1166,2017-04-08 04:00:00,0.0121376243996964,10.100074675247368,-0.8659626904248491,-0.7524991931577486,-0.11346349726710048
1167,2017-04-08 06:00:00,0.012,10.043111999999999,-0.8698812281656548,-0.7551106745241339,-0.11477055364152089
1168,2017-04-08 08:00:00,0.0129983,10.05724594,-0.8414569354146891,-0.7544626972164791,-0.08699423819821006
1169,2017-04-08 10:00:00,0.01198,10.12210566,-0.8704506820923495,-0.7514891720182082,-0.11896151007414135
1170,2017-04-08 12:00:00,0.0122390514,9.9248090133,-0.8630747902450616,-0.7605343321036476,-0.10254045814141399
1171,2017-04-08 14:00:00,0.0118008674000994,9.99043151058415,-0.8755510702129709,-0.757525837012274,-0.1180252332006968
1172,2017-04-08 16:00:00,0.011549498999805998,10.107430936030225,-0.8827082063426728,-0.7521619418282197,-0.13054626451445306
1173,2017-04-08 18:00:00,0.0118394588927615,10.046827615874776,-0.8744522663612987,-0.7549403303192754,-0.11951193604202326
1174,2017-04-08 20:00:00,0.0121123200001023,10.087680000085198,-0.8666831749104247,-0.7530674330286438,-0.11361574188178092
1175,2017-04-08 22:00:00,0.0121586219708128,10.011292741241512,-0.8653648329586848,-0.75656944381436,-0.10879538914432485
1176,2017-04-09 00:00:00,0.011481963659187,10.119829545958043,-0.8846311195879804,-0.7515935215660923,-0.13303759802188808
1177,2017-04-09 02:00:00,0.0116612330363529,10.183806029545922,-0.8795268370498187,-0.7486604887678422,-0.13086634828197652
1178,2017-04-09 04:00:00,0.0122467,10.324907410000002,-0.8628570139798758,-0.7421916278123678,-0.120665386167508
1179,2017-04-09 06:00:00,0.012274108612,10.452957092403999,-0.8620766168934433,-0.7363211282595041,-0.12575548863393915
1180,2017-04-09 08:00:00,0.0121991399998974,10.401800039912516,-0.8642111754204771,-0.7386664480458475,-0.12554472737462963
1181,2017-04-09 10:00:00,0.011984904299999998,10.2552211422,-0.8703110434477151,-0.7453864284263199,-0.12492461502139529
1182,2017-04-09 12:00:00,0.0121214130316335,10.532110677864187,-0.8664242717848747,-0.7326922938935934,-0.13373197789128133
1183,2017-04-09 14:00:00,0.0117127999989352,10.571576399038946,-0.8780585865833083,-0.7308829688397529,-0.14717561774355536
1184,2017-04-09 16:00:00,0.011995379450685502,10.365423373384418,-0.8700127876631861,-0.740334153897035,-0.12967863376615107
1185,2017-04-09 18:00:00,0.011526055880123998,10.279549721973314,-0.8833756951705173,-0.7442710729330477,-0.13910462223746956
1186,2017-04-09 20:00:00,0.0114547481086674,10.17403924616355,-0.8854060196935076,-0.7491082516705119,-0.13629776802299576
1187,2017-04-09 22:00:00,0.0116301374505948,10.232452835847065,-0.8804122122204598,-0.746430252430839,-0.1339819597896208
1188,2017-04-10 00:00:00,0.01163712,10.32799872,-0.8802134002116033,-0.7420499052119517,-0.13816349499965164
1189,2017-04-10 02:00:00,0.0116394846903944,10.192471778548226,-0.8801460711000779,-0.7482632033182559,-0.131882867781822
1190,2017-04-10 04:00:00,0.0111857040093122,10.10850372841542,-0.8930664306351004,-0.7521127591430355,-0.14095367149206484
1191,2017-04-10 06:00:00,0.011259498320065802,10.198826914272217,-0.8909653076337821,-0.7479718490507118,-0.14299345858307033
1192,2017-04-10 08:00:00,0.011369062650151798,10.102019250529542,-0.8878457157341249,-0.7524100431644789,-0.13543567256964595
1193,2017-04-10 10:00:00,0.0119584069753808,10.0414473818017,-0.8710654937252804,-0.7551869897496413,-0.11587850397563915
1194,2017-04-10 12:00:00,0.011967155156747998,10.011210524497796,-0.8708164094137311,-0.756573213080696,-0.11424319633303504
1195,2017-04-10 14:00:00,0.0112181885202336,10.154190233797157,-0.8921415090200532,-0.750018239231856,-0.14212326978819723
1196,2017-04-10 16:00:00,0.0118850035154928,10.114113637168973,-0.8731554881485903,-0.7518555701659833,-0.12129991798260709
1197,2017-04-10 18:00:00,0.01190464,10.20188736,-0.872596384488135,-0.7478315414377664,-0.12476484305036861
1198,2017-04-10 20:00:00,0.01216456,10.266792,-0.865195761256811,-0.7448559568603941,-0.1203398043964169
1199,2017-04-10 22:00:00,0.012243779999899602,10.358920799915056,-0.8629401542560318,-0.7406322675192455,-0.12230788673678628
1200,2017-04-11 00:00:00,0.0121511003994024,10.613791000478006,-0.8655789923774132,-0.7289476200421632,-0.13663137233525002
1201,2017-04-11 02:00:00,0.01175148,10.66238862,-0.876957262658763,-0.7267196386968131,-0.15023762396194984
1202,2017-04-11 04:00:00,0.011712606399999999,10.708504497,-0.878064098867001,-0.7246054340363574,-0.15345866483064363
1203,2017-04-11 06:00:00,0.0118725757312594,10.397646735176046,-0.8735093406751815,-0.7388568583080255,-0.134652482367156
1204,2017-04-11 08:00:00,0.0120281633998018,10.38713837022884,-0.8690793402353444,-0.7393386193758059,-0.12974072085953847
1205,2017-04-11 10:00:00,0.012300717991,10.502240863524998,-0.8613189761255203,-0.7340616899626058,-0.12725728616291454
1206,2017-04-11 12:00:00,0.0119900762997057,10.52677365454162,-0.8701637826706513,-0.7329369723062262,-0.13722681036442508
1207,2017-04-11 14:00:00,0.0122516134095492,10.345148853614113,-0.8627171159618131,-0.7412636490508817,-0.1214534669109314
1208,2017-04-11 16:00:00,0.0119373378137608,10.617828575772304,-0.8716653895661141,-0.7287625154521725,-0.14290287411394154
1209,2017-04-11 18:00:00,0.0120022529250975,10.50522115025234,-0.8698170813134888,-0.7339250572777619,-0.13589202403572687
1210,2017-04-11 20:00:00,0.011278046653873998,10.359579885223507,-0.8904371865577461,-0.740602051434864,-0.14983513512288205
1211,2017-04-11 22:00:00,0.0120757199903277,10.303889271746883,-0.8677252758745851,-0.7431552145148141,-0.124570061359771
1212,2017-04-12 00:00:00,0.0116017290000943,10.319805612083881,-0.881221077404901,-0.7424255222026007,-0.13879555520230025
1213,2017-04-12 02:00:00,0.011998498120851998,10.360319670199264,-0.8699239907145673,-0.7405681356352473,-0.12935585507932001
1214,2017-04-12 04:00:00,0.0120686793063222,10.287352112839356,-0.8679257431322625,-0.7439133685543219,-0.12401237457794057
1215,2017-04-12 06:00:00,0.0123615,10.2031821,-0.8595883484406482,-0.7477721834569548,-0.1118161649836934
1216,2017-04-12 08:00:00,0.0129255,10.26955595,-0.8435297477078579,-0.7447292422373312,-0.09880050547052677
1217,2017-04-12 10:00:00,0.0122167110413692,10.690670012296454,-0.8637108804923656,-0.7254230646037444,-0.13828781588862116
1218,2017-04-12 12:00:00,0.0125990116,10.4716894486,-0.8528257527778712,-0.7354623343397679,-0.11736341843810327
1219,2017-04-12 14:00:00,0.0122119290484645,10.483910281020377,-0.8638470367242158,-0.7349020643733569,-0.1289449723508589
1220,2017-04-12 16:00:00,0.01209383,10.67928162,-0.8672096350685666,-0.7259451709505079,-0.1412644641180587
1221,2017-04-12 18:00:00,0.0125598366826496,10.731411473548759,-0.8539411683035275,-0.7235552526297164,-0.13038591567381108
1222,2017-04-12 20:00:00,0.012454619200203602,10.673351732174485,-0.8569369937303176,-0.7262170295227016,-0.130719964207616
1223,2017-04-12 22:00:00,0.0121841100043692,10.81951422387986,-0.864639119919064,-0.7195161394767997,-0.14512298044226424
1224,2017-04-13 00:00:00,0.012176113992802202,10.839841052592128,-0.8648667879283,-0.7185842461942376,-0.1462825417340624
1225,2017-04-13 02:00:00,0.01205878,10.8005576,-0.8682076030750991,-0.7203852150568502,-0.14782238801824898
1226,2017-04-13 04:00:00,0.0119643629987286,10.838880998848197,-0.870895909681136,-0.7186282603219469,-0.15226764935918902
1227,2017-04-13 06:00:00,0.0118903712,10.8069967904,-0.8730026556975962,-0.7200900072620761,-0.1529126484355201
1228,2017-04-13 08:00:00,0.0115482400012584,10.773243341173947,-0.8827440534260046,-0.7216374504487292,-0.16110660297727541
1229,2017-04-13 10:00:00,0.011929500004751998,10.930446554354038,-0.8718885531219513,-0.7144303931928523,-0.15745815992909906
1230,2017-04-13 12:00:00,0.0118424500001982,11.015342700184355,-0.8743671014675489,-0.710538288372441,-0.16382881309510788
1231,2017-04-13 14:00:00,0.011768557110060598,11.109245326989319,-0.8764710312897328,-0.7062332770805578,-0.17023775420917497
1232,2017-04-13 16:00:00,0.011051859434299198,10.92288985429047,-0.8968773465754972,-0.7147768337580411,-0.1821005128174561
1233,2017-04-13 18:00:00,0.011838889997000002,10.84017307574308,-0.874468464357562,-0.718569024432476,-0.15589943992508604
1234,2017-04-13 20:00:00,0.0116381999987286,10.896127898809668,-0.8801826497357619,-0.7160037485362296,-0.16417890119953227
1235,2017-04-13 22:00:00,0.0117176800003952,10.707753560361141,-0.8779196397836248,-0.7246398610893565,-0.15327977869426823
1236,2017-04-14 00:00:00,0.011810700000297,10.521281740264572,-0.8752711095733637,-0.7331887517694978,-0.1420823578038659
1237,2017-04-14 02:00:00,0.0118275850196218,10.824913732958384,-0.8747903475455225,-0.719268596374497,-0.1555217511710255
1238,2017-04-14 04:00:00,0.011798329921593999,10.756243928519199,-0.875623319067911,-0.7224167967346011,-0.1532065223333099
1239,2017-04-14 06:00:00,0.0118668778372196,10.58984323660334,-0.8736715750819242,-0.7300455168465829,-0.14362605823534125
1240,2017-04-14 08:00:00,0.011785950001782,10.8064185066339,-0.8759758087653664,-0.720116518960712,-0.15585928980465436
1241,2017-04-14 10:00:00,0.0118564200011916,10.729510861078344,-0.8739693378714679,-0.7236423871266419,-0.15032695074482605
1242,2017-04-14 12:00:00,0.0117233038610682,10.922949430082538,-0.8777595133064535,-0.7147741024770717,-0.16298541082938178
1243,2017-04-14 14:00:00,0.0117976499965044,10.88835614677382,-0.8756426783685175,-0.7163600482629832,-0.15928263010553434
1244,2017-04-14 16:00:00,0.011712340379807598,10.992141021359432,-0.8780716731791582,-0.7116019805473085,-0.16646969263184974
1245,2017-04-14 18:00:00,0.0116098410147994,10.958566384969199,-0.8809901064735397,-0.7131412259731157,-0.167848880500424
1246,2017-04-14 20:00:00,0.011657199994113502,10.957393514466881,-0.8796416686368064,-0.7131949967879289,-0.16644667184887751
1247,2017-04-14 22:00:00,0.011893926014135,11.16064434402294,-0.8729014405542039,-0.7038768643128829,-0.16902457624132106
1248,2017-04-15 00:00:00,0.011977779,11.247812697,-0.8705139199509089,-0.6998805890580859,-0.17063333089282295
1249,2017-04-15 02:00:00,0.011923600622245602,11.229673670413632,-0.8720565244486185,-0.7007121814952206,-0.17134434295339784
1250,2017-04-15 04:00:00,0.0117269600011688,10.988185601095168,-0.8776554131396118,-0.7117833187002568,-0.16587209443935502
1251,2017-04-15 06:00:00,0.011891639999508,11.169815034537864,-0.8729665295544952,-0.7034564295757044,-0.16951009997879074
1252,2017-04-15 08:00:00,0.012033853377487498,11.489608752375,-0.8689173312285482,-0.6887953320834944,-0.18012199914505378
1253,2017-04-15 10:00:00,0.011784354116379998,11.359574588318019,-0.8760212479258026,-0.6947568111564771,-0.18126443676932547
1254,2017-04-15 12:00:00,0.012051751707732,11.579773166455098,-0.8684077175065977,-0.684661700959979,-0.1837460165466187
1255,2017-04-15 14:00:00,0.0123428865086912,11.508733342996061,-0.8601183247264129,-0.687918555987046,-0.17219976873936693
1256,2017-04-15 16:00:00,0.0126050886283854,11.457020546529751,-0.8526527233940362,-0.690289354124405,-0.16236336926963124
1257,2017-04-15 18:00:00,0.0122484583328935,11.438343122327002,-0.8628069495013437,-0.691145629660372,-0.17166131984097177
1258,2017-04-15 20:00:00,0.01566629997959,11.456319288074749,-0.7654917821747449,-0.6903215036570649,-0.07517027851767999
1259,2017-04-15 22:00:00,0.0149557609735956,11.552333875935819,-0.7857227435264077,-0.685919668490239,-0.0998030750361687
1260,2017-04-16 00:00:00,0.01593852,11.64326916,-0.7577409441973757,-0.6817506964598824,-0.0759902477374933
1261,2017-04-16 02:00:00,0.015677740000000003,11.6271426152,-0.7651660539475478,-0.6824900256972556,-0.08267602825029219
1262,2017-04-16 04:00:00,0.0151273602061449,11.749516048126814,-0.7808368506867579,-0.6768797565439694,-0.10395709414278853
1263,2017-04-16 06:00:00,0.016838055,11.71088541,-0.7321287572999101,-0.6786507968120334,-0.053477960487876675
1264,2017-04-16 08:00:00,0.0139881299982645,11.877034648526424,-0.8132738064510932,-0.6710336047021719,-0.14224020174892127
1265,2017-04-16 10:00:00,0.015501744840000003,11.972140001450002,-0.7701771106946107,-0.6666734538503226,-0.10350365684428808
1266,2017-04-16 12:00:00,0.0157307699998694,11.87058839990145,-0.7636561468646353,-0.6713291360846798,-0.09232701077995553
1267,2017-04-16 14:00:00,0.015355053321641,12.36058874402068,-0.7743538137517278,-0.6488648335807543,-0.12548898017097354
1268,2017-04-16 16:00:00,0.0152954399871276,12.075713509837275,-0.7760511661228288,-0.6619250763201256,-0.11412608980270311
1269,2017-04-16 18:00:00,0.014835149999877903,12.1135499999003,-0.7891568631557083,-0.6601904441537128,-0.12896641900199557
1270,2017-04-16 20:00:00,0.0150657399997518,11.926153899803527,-0.7825913441114724,-0.6687817088969994,-0.11380963521447296
1271,2017-04-16 22:00:00,0.014586375,12.040901,-0.7962401581829055,-0.663521072652151,-0.1327190855307545
1272,2017-04-17 00:00:00,0.01572999999974,11.775889399805358,-0.7636780708444975,-0.6756706574948367,-0.08800741334966078
1273,2017-04-17 02:00:00,0.01570104,11.9192216,-0.7645026401229486,-0.669099523530608,-0.09540311659234058
1274,2017-04-17 04:00:00,0.0164859852697954,12.095367035799999,-0.7421531318166777,-0.6610240509274007,-0.08112908088927706
1275,2017-04-17 06:00:00,0.015933768357148,12.556461795600393,-0.7578762362813918,-0.6398849389013681,-0.11799129738002367
1276,2017-04-17 08:00:00,0.0161440519756788,12.655312647607298,-0.7518888946667951,-0.6353530738345273,-0.11653582083226777
1277,2017-04-17 10:00:00,0.0158323043178762,12.51108842470033,-0.7607651910604734,-0.6419651030109546,-0.1188000880495188
1278,2017-04-17 12:00:00,0.0167062499973875,12.746115448006783,-0.7358816011146948,-0.6311901755817839,-0.10469142553291089
1279,2017-04-17 14:00:00,0.0159263999996256,11.959706421941073,-0.7580860332876129,-0.6672434773097904,-0.09084255597782254
1280,2017-04-17 16:00:00,0.0156689259984712,12.202994004809367,-0.7654170123365712,-0.6560898405366856,-0.1093271717998856
1281,2017-04-17 18:00:00,0.0156035931621918,12.022531556129534,-0.7672772143446415,-0.6643632286809936,-0.10291398566364784
1282,2017-04-17 20:00:00,0.016089920000130598,12.278814240099663,-0.7534301779685784,-0.6526138252197136,-0.1008163527488648
1283,2017-04-17 22:00:00,0.016776059999864604,12.228991949901301,-0.7338939221130372,-0.6548979521838816,-0.07899596992915559
1284,2017-04-18 00:00:00,0.016780499996085003,12.097037587177686,-0.7337675034489263,-0.6609474636924179,-0.07282003975650841
1285,2017-04-18 02:00:00,0.0167517600002676,12.283659960196225,-0.7345858086224968,-0.6523916708408342,-0.08219413778166262
1286,2017-04-18 04:00:00,0.0160103875017878,12.234832213866202,-0.7556946826426357,-0.6546302024608766,-0.10106448018175918
1287,2017-04-18 06:00:00,0.017212432120907502,12.572838166359745,-0.7214692312216386,-0.639134156272193,-0.08233507494944559
1288,2017-04-18 08:00:00,0.015957675,12.464201675,-0.7571955496990839,-0.6441146487027791,-0.11308090099630475
1289,2017-04-18 10:00:00,0.016543093499869498,12.808132025498965,-0.7405271065235637,-0.6283469956253561,-0.11218011089820756
1290,2017-04-18 12:00:00,0.016269758000000002,12.634622,-0.7483097052088508,-0.6363016465700995,-0.1120080586387513
1291,2017-04-18 14:00:00,0.0164603919998696,12.829259819898367,-0.7428818412194879,-0.6273783816839067,-0.11550345953558117
1292,2017-04-18 16:00:00,0.01719135,12.7589671,-0.72206949604833,-0.6306009853872959,-0.09146851066103412
1293,2017-04-18 18:00:00,0.01711515149946,12.930864616652016,-0.7242390728153676,-0.6227202606896723,-0.10151881212569525
1294,2017-04-18 20:00:00,0.016647900008021497,13.095567306309869,-0.737542982643048,-0.6151693863115435,-0.12237359633150446
1295,2017-04-18 22:00:00,0.016814317810110602,13.05536674347565,-0.7328046190994709,-0.6170124005362768,-0.1157922185631941
1296,2017-04-19 00:00:00,0.01635672,13.04133186,-0.7458336625901896,-0.617655836549717,-0.12817782604047256
1297,2017-04-19 02:00:00,0.014395700001137997,13.118050001037,-0.8016691895241291,-0.6141386563099932,-0.18753053321413593
1298,2017-04-19 04:00:00,0.015075719998218001,12.942949768470099,-0.782307186645723,-0.6221662110660231,-0.16014097557969986
1299,2017-04-19 06:00:00,0.0152865960042315,12.78817953553991,-0.776302978162219,-0.6292617271669276,-0.14704125099529142
1300,2017-04-19 08:00:00,0.0151703999997592,12.880627199795544,-0.7796113917128683,-0.6250234193360364,-0.15458797237683186
1301,2017-04-19 10:00:00,0.014900819990584,12.897261051850073,-0.7872870614520288,-0.6242608323524902,-0.16302622909953857
1302,2017-04-19 12:00:00,0.0149160300308241,12.871788746599655,-0.7868539905950332,-0.6254286224928141,-0.1614253681022192
1303,2017-04-19 14:00:00,0.01519389,12.70197837,-0.7789425680691091,-0.6332136612464031,-0.145728906822706
1304,2017-04-19 16:00:00,0.0156096864039424,12.880816737853193,-0.7671037233225826,-0.6250147298722144,-0.14208899345036818
1305,2017-04-19 18:00:00,0.0160105665998736,12.743511685786894,-0.7556895832372246,-0.6313095463186781,-0.12438003691854649
1306,2017-04-19 20:00:00,0.0152908000199864,12.777139816700828,-0.7761832784982433,-0.6297678484105875,-0.14641543008765578
1307,2017-04-19 22:00:00,0.0154704024998775,12.376309371002,-0.7710695116273387,-0.6481441138418844,-0.1229253977854543
1308,2017-04-20 00:00:00,0.014992992072697603,12.675561757460912,-0.7846626737474679,-0.6344247436105874,-0.15023793013688047
1309,2017-04-20 02:00:00,0.014415362900412,12.597320092511357,-0.80110933376404,-0.6380117705401235,-0.16309756322391655
1310,2017-04-20 04:00:00,0.0145981000091166,12.814842158002946,-0.7959063155588065,-0.6280393663589281,-0.16786694919987843
1311,2017-04-20 06:00:00,0.0146800499971125,12.811972327479944,-0.7935729784359641,-0.6281709351257208,-0.16540204331024333
1312,2017-04-20 08:00:00,0.0148577562,12.253835925,-0.7885132036843495,-0.6537589681429207,-0.13475423554142885
1313,2017-04-20 10:00:00,0.0140817148890978,12.275346625182113,-0.8106091922728774,-0.6527727997008743,-0.1578363925720031
1314,2017-04-20 12:00:00,0.0138751999984824,11.998425598687673,-0.8164892280419705,-0.6654683779459276,-0.15102085009604294
1315,2017-04-20 14:00:00,0.0135017700036435,12.255223303307115,-0.8271217868873001,-0.6536953631141642,-0.17342642377313588
1316,2017-04-20 16:00:00,0.0128337110000979,11.835408214090286,-0.8461432280289394,-0.6729419886993587,-0.17320123932958065
1317,2017-04-20 18:00:00,0.0130989599997984,12.067351924814274,-0.8385908738073748,-0.6623084172251338,-0.17628245658224106
1318,2017-04-20 20:00:00,0.01354818,11.79477118,-0.8258003691541453,-0.6748050131596934,-0.1509953559944519
1319,2017-04-20 22:00:00,0.0140464875024725,11.9819805021091,-0.8116122109549259,-0.6662223113434875,-0.14538989961143833
1320,2017-04-21 00:00:00,0.0134488079998974,11.742736259910414,-0.8286297579372418,-0.6771905792101851,-0.1514391787270567
1321,2017-04-21 02:00:00,0.0134742,11.87078341,-0.827906779228989,-0.671320195752499,-0.15658658347649002
1322,2017-04-21 04:00:00,0.0139251888244566,12.097250162041664,-0.8150659113798773,-0.6609377180950802,-0.1541281932847971
1323,2017-04-21 06:00:00,0.013506355191808,11.976839605135698,-0.8269912342170547,-0.6664579982488907,-0.16053323596816393
1324,2017-04-21 08:00:00,0.0139919999995776,11.998285749637787,-0.8131636170788903,-0.665474789393183,-0.14768882768570724
1325,2017-04-21 10:00:00,0.0139048440955022,11.778758870589927,-0.8156451806694084,-0.6755391052204264,-0.14010607544898201
1326,2017-04-21 12:00:00,0.013142510004499999,11.810135482753791,-0.8373508877481299,-0.6741006292771812,-0.16325025847094876
1327,2017-04-21 14:00:00,0.0133442399998986,11.937317559909289,-0.8316070908475381,-0.6682699055060902,-0.16333718534144792
1328,2017-04-21 16:00:00,0.0133866999950118,11.87243804557605,-0.8303981403003058,-0.6712443381851314,-0.15915380211517438
1329,2017-04-21 18:00:00,0.013773143748104002,11.956757442692986,-0.8193950446680562,-0.6673786746881226,-0.15201636997993362
1330,2017-04-21 20:00:00,0.0136217888107203,11.895898901879034,-0.8237045278389453,-0.670168763893569,-0.15353576394537627
1331,2017-04-21 22:00:00,0.01369168,11.92694064,-0.8217145372301109,-0.6687456404126041,-0.1529688968175068
1332,2017-04-22 00:00:00,0.0136569787003818,11.870728173318353,-0.8227025767965604,-0.6713227281048549,-0.1513798486917055
1333,2017-04-22 02:00:00,0.013516119751233,11.858089546128669,-0.8267132108817041,-0.6719021520743089,-0.1548110588073952
1334,2017-04-22 04:00:00,0.0134759210814123,11.972464965386253,-0.8278577754005692,-0.6666585557216694,-0.16119921967889972
1335,2017-04-22 06:00:00,0.0135368437170275,11.965249178172595,-0.826123143696786,-0.6669893669725533,-0.15913377672423268
1336,2017-04-22 08:00:00,0.013864493226764798,11.984673735980802,-0.8167940787018111,-0.6660988387354907,-0.1506952399663204
1337,2017-04-22 10:00:00,0.01379385,11.957901702000001,-0.8188054818455911,-0.6673262155673807,-0.1514792662782104
1338,2017-04-22 12:00:00,0.0136031262736455,12.03523279769066,-0.8242359005899117,-0.6637809341254307,-0.16045496646448099
1339,2017-04-22 14:00:00,0.0137229221353517,12.209345308792887,-0.8208249893973932,-0.6557986619371345,-0.1650263274602587
1340,2017-04-22 16:00:00,0.0142186227043562,12.426456896742529,-0.806711057623173,-0.6458450762971587,-0.16086598132601426
1341,2017-04-22 18:00:00,0.013753526174561602,12.888394861610196,-0.8199536098823533,-0.6246673071274498,-0.19528630275490355
1342,2017-04-22 20:00:00,0.013876971320000002,13.284272549800002,-0.8164387937422887,-0.6065181032569182,-0.20992069048537043
1343,2017-04-22 22:00:00,0.013863800000000004,13.12967814,-0.8168138167369763,-0.6136055586614761,-0.20320825807550014
1344,2017-04-23 00:00:00,0.0144635699997862,12.7045752898122,-0.79973674766238,-0.6330946042029952,-0.16664214345938477
1345,2017-04-23 02:00:00,0.0142351750717,12.838220938390212,-0.806239767094172,-0.6269675548773742,-0.1792722122167978
1346,2017-04-23 04:00:00,0.0142393939233202,13.091371307302545,-0.8061196450131086,-0.6153617539131953,-0.19075789109991337
1347,2017-04-23 06:00:00,0.014118656,13.079735776,-0.8095573792398912,-0.6158951904670901,-0.19366218877280117
1348,2017-04-23 08:00:00,0.014245555426328504,12.80502595756357,-0.8059442104089877,-0.6284893948104503,-0.17745481559853737
1349,2017-04-23 10:00:00,0.0140708572234592,12.970900183352427,-0.8109183392895092,-0.620884810792406,-0.1900335284971032
1350,2017-04-23 12:00:00,0.0137618,13.358929000000002,-0.8197180317631194,-0.6030954422296558,-0.21662258953346358
1351,2017-04-23 14:00:00,0.013470257766975998,13.307854255995116,-0.8280190252327622,-0.6054369885436665,-0.2225820366890957
1352,2017-04-23 16:00:00,0.013552564061228402,13.22936780493558,-0.8256755431100762,-0.609035237810675,-0.21664030529940115
1353,2017-04-23 18:00:00,0.01365524,13.15242252,-0.8227520822845487,-0.6125628315721664,-0.21018925071238226
1354,2017-04-23 20:00:00,0.0131573958352494,12.815898533683738,-0.836927048009512,-0.6279909363054886,-0.20893611170402338
1355,2017-04-23 22:00:00,0.0135354576231875,12.985899112976124,-0.8261626095257836,-0.620197177617561,-0.20596543190822258
1356,2017-04-24 00:00:00,0.013542333415899999,13.024867313745046,-0.8259668371678202,-0.618410661627087,-0.20755617554073313
1357,2017-04-24 02:00:00,0.0135019999997,13.0473336517101,-0.8271152382794251,-0.6173806815091963,-0.20973455677022879
1358,2017-04-24 04:00:00,0.01352351,13.07289746,-0.8265027905727231,-0.6162086963678207,-0.21029409420490242
1359,2017-04-24 06:00:00,0.013433,12.8521757,-0.82907985431798,-0.6263277920895828,-0.20275206222839726
1360,2017-04-24 08:00:00,0.013305336000000001,13.048108392,-0.8327147926228575,-0.6173451631663153,-0.21536962945654226
1361,2017-04-24 10:00:00,0.0132706415608203,13.177092224540598,-0.8337026368541252,-0.6114318370491347,-0.22227079980499043
1362,2017-04-24 12:00:00,0.013704251354115302,13.128217328478,-0.8213565968818696,-0.613672530271446,-0.2076840666104236
1363,2017-04-24 14:00:00,0.0133844834401697,12.695175870775914,-0.8304612515932341,-0.6335255251097383,-0.1969357264834959
1364,2017-04-24 16:00:00,0.0133761940018962,13.322541792888591,-0.830697274251981,-0.6047636313189778,-0.22593364293300322
1365,2017-04-24 18:00:00,0.013374900020196,16.142180344374573,-0.8307341173999936,-0.4754959397091553,-0.35523817769083826
1366,2017-04-24 20:00:00,0.013342366570599,15.339408872044814,-0.8316604324310903,-0.5122993856911224,-0.3193610467399679
1367,2017-04-24 22:00:00,0.0130293484316317,14.954350449967125,-0.8405729028491701,-0.5299525750797663,-0.31062032776940374
1368,2017-04-25 00:00:00,0.0131142316983762,15.014919215441987,-0.8381560473712536,-0.5271757707647361,-0.3109802766065175
1369,2017-04-25 02:00:00,0.0130649042553165,15.4918214544465,-0.8395605326784614,-0.5053119572177195,-0.33424857546074194
1370,2017-04-25 04:00:00,0.0133779303480993,15.325476784273755,-0.8306478357938082,-0.5129381089858231,-0.31770972680798504
1371,2017-04-25 06:00:00,0.013468700000000002,14.9912051,-0.82806337905883,-0.5282629558438799,-0.29980042321495004
1372,2017-04-25 08:00:00,0.0134607949397697,14.882054261275337,-0.8282884574382752,-0.5332670287779009,-0.2950214286603743
1373,2017-04-25 10:00:00,0.013430576639901602,14.857466216211145,-0.8291488539141714,-0.5343942795827856,-0.29475457433138574
1374,2017-04-25 12:00:00,0.0133756729881045,14.63586507403554,-0.8307121089194583,-0.5445536910052333,-0.286158417914225
1375,2017-04-25 14:00:00,0.0134504,14.7011104,-0.8285844294017556,-0.5415624875152288,-0.28702194188652674
1376,2017-04-25 16:00:00,0.0135214557742755,14.653867399846373,-0.8265612799179799,-0.5437283656811956,-0.28283291423678425
1377,2017-04-25 18:00:00,0.013309999999999999,14.63122375,-0.8325819959671524,-0.5447664747479478,-0.2878155212192046
1378,2017-04-25 20:00:00,0.0133470767197518,14.3319229379791,-0.8315263217845714,-0.5584880650725295,-0.27303825671204196
1379,2017-04-25 22:00:00,0.013315323000097102,14.57021334310625,-0.8324304358017979,-0.5475635263271919,-0.284866909474606
1380,2017-04-26 00:00:00,0.0131353423814314,14.330030444846912,-0.837554969303204,-0.5585748273344713,-0.2789801419687328
1381,2017-04-26 02:00:00,0.0133212599999028,14.557149489893785,-0.8322613934091908,-0.5481624449890944,-0.2840989484200964
1382,2017-04-26 04:00:00,0.013338000000195001,14.530595040212438,-0.8317847604642277,-0.5493798465636572,-0.28240491390057043
1383,2017-04-26 06:00:00,0.0134366637371712,14.543522679594181,-0.8289755378420541,-0.5487871726906314,-0.28018836515142276
1384,2017-04-26 08:00:00,0.0132538752707868,14.594142408356593,-0.834180018338909,-0.5464664867702378,-0.2877135315686712
1385,2017-04-26 10:00:00,0.013573835,14.546950025,-0.8250699021296777,-0.5486300443846908,-0.2764398577449869
1386,2017-04-26 12:00:00,0.013257289170020002,14.476889998455682,-0.8340828154227247,-0.5518419801488453,-0.28224083527387933
1387,2017-04-26 14:00:00,0.0134182399976175,14.660462077396936,-0.8295001113837169,-0.5434260295028854,-0.2860740818808315
1388,2017-04-26 16:00:00,0.0134468299998094,14.049722079800857,-0.8286860769330975,-0.571425699751906,-0.25726037718119144
1389,2017-04-26 18:00:00,0.0132227517659735,14.256832650899534,-0.8350661884403309,-0.5619306155611297,-0.2731355728792012
1390,2017-04-26 20:00:00,0.012943504304690398,14.205796174335742,-0.8430171166076901,-0.5642704074858157,-0.2787467091218744
1391,2017-04-26 22:00:00,0.0129932571326541,13.823496892235884,-0.8416005194452854,-0.581797102769187,-0.2598034166760984
1392,2017-04-27 00:00:00,0.013125638938159002,14.447762789319166,-0.8378312524969003,-0.5531773311235757,-0.28465392137332457
1393,2017-04-27 02:00:00,0.013241241000039998,14.45605472810193,-0.8345397500932936,-0.5527971831840984,-0.2817425669091952
1394,2017-04-27 04:00:00,0.0132868499064756,14.709830496459427,-0.8332411415501934,-0.5411627104802145,-0.2920784310699789
1395,2017-04-27 06:00:00,0.0132625885768656,14.639183058575233,-0.8339319270208558,-0.5444015764010345,-0.28953035061982135
1396,2017-04-27 08:00:00,0.0131524180452288,14.485927097036722,-0.8370687791131867,-0.5514276699984164,-0.28564110911477025
1397,2017-04-27 10:00:00,0.0131740465678452,14.509143700888572,-0.836452956756561,-0.5503632935784789,-0.28608966317808204
1398,2017-04-27 12:00:00,0.013081840263628,14.536626217292982,-0.8390783188566855,-0.549103344336632,-0.2899749745200535
1399,2017-04-27 14:00:00,0.013277879997690001,14.497533747477814,-0.8334965390391961,-0.5508955575015677,-0.28260098153762836
1400,2017-04-27 16:00:00,0.0132968739100635,14.429130694275768,-0.8329557311399769,-0.5540315285223328,-0.27892420261764406
1401,2017-04-27 18:00:00,0.0134592771479389,14.726423036451335,-0.8283316730641729,-0.5404020174681378,-0.2879296555960351
1402,2017-04-27 20:00:00,0.0134509445342828,15.035462920133405,-0.8285689250424777,-0.5262339346981332,-0.3023349903443445
1403,2017-04-27 22:00:00,0.0134870001009926,15.071816172625141,-0.8275423258403727,-0.5245673022747542,-0.30297502356561845
1404,2017-04-28 00:00:00,0.0131074644661688,14.38436180986383,-0.8383487287189215,-0.5560839796568332,-0.2822647490620883
1405,2017-04-28 02:00:00,0.0132832602188725,14.209440922738882,-0.8333433496352529,-0.5641033122344318,-0.26924003740082114
1406,2017-04-28 04:00:00,0.013231679998613998,14.715060158458614,-0.834811977583552,-0.5409229540993201,-0.29388902348423185
1407,2017-04-28 06:00:00,0.013237072028775896,14.920165023261076,-0.8346584519461246,-0.5315198224826857,-0.30313862946343895
1408,2017-04-28 08:00:00,0.0134605629084465,14.94166639181494,-0.8282950639956808,-0.5305340818536448,-0.29776098214203595
1409,2017-04-28 10:00:00,0.01280658,14.81859606,-0.8469157207559845,-0.5361763006731413,-0.3107394200828433
1410,2017-04-28 12:00:00,0.01273266,15.45552131,-0.8490204224690481,-0.5069761548771072,-0.34204426759194084
1411,2017-04-28 14:00:00,0.013933327136229,15.816811402055034,-0.8148341917001043,-0.4904126360612499,-0.3244215556388544
1412,2017-04-28 16:00:00,0.014108500000000001,15.960925199999998,-0.8098465479438667,-0.483805669370554,-0.32604087857331265
1413,2017-04-28 18:00:00,0.0138257320576707,16.33068068300237,-0.8178977136990067,-0.4668540506169369,-0.35104366308206975
1414,2017-04-28 20:00:00,0.014996440141596004,15.917041053584585,-0.7845644979287825,-0.4858175592641712,-0.2987469386646113
1415,2017-04-28 22:00:00,0.015334304999782998,15.45084571778135,-0.774944574419446,-0.507190509661232,-0.26775406475821395
1416,2017-04-29 00:00:00,0.0167740111863218,15.355780552236496,-0.7339522573588879,-0.5115488181032883,-0.22240343925559958
1417,2017-04-29 02:00:00,0.0159810299998869,16.026811199886573,-0.7565305698794064,-0.4807850938750693,-0.2757454760043371
1418,2017-04-29 04:00:00,0.015974797058543398,16.21114432340242,-0.7567080385255521,-0.47233425277291324,-0.2843737857526389
1419,2017-04-29 06:00:00,0.015949747821390598,15.661336187981444,-0.7574212578484205,-0.49754047236326254,-0.259880785485158
1420,2017-04-29 08:00:00,0.015811802974502,16.082362067731168,-0.7613489195848211,-0.47823833750113315,-0.28311058208368794
1421,2017-04-29 10:00:00,0.0154390675125265,16.348489328255212,-0.7719617032068364,-0.46603760467165084,-0.3059240985351856
1422,2017-04-29 12:00:00,0.015628274641742403,16.12026176278132,-0.7665744660723052,-0.4765008076715501,-0.29007365840075505
1423,2017-04-29 14:00:00,0.016131000000000003,16.4259709,-0.7522605196068659,-0.4624854245823018,-0.2897750950245641
1424,2017-04-29 16:00:00,0.015549000000219,17.7714704002503,-0.768831628867446,-0.400800349958867,-0.36803127890857906
1425,2017-04-29 18:00:00,0.015611296100000003,17.494691557289997,-0.7670578909355431,-0.41348940973110637,-0.35356848120443674
1426,2017-04-29 20:00:00,0.015633179,17.940753505,-0.7664348257689199,-0.3930394842379735,-0.37339534153094633
1427,2017-04-29 22:00:00,0.0159132104274723,18.127896228916462,-0.7584615759703188,-0.3844598356480838,-0.37400174032223504
1428,2017-04-30 00:00:00,0.015443173809603,18.27732326904049,-0.7718447858571171,-0.377609280802768,-0.3942355050543491
1429,2017-04-30 02:00:00,0.0154956706108367,18.24986568813705,-0.770350060377045,-0.3788680868645262,-0.3914819735125188
1430,2017-04-30 04:00:00,0.0157681428791346,18.223586006575196,-0.7625920402221625,-0.3800728915619055,-0.38251914866025705
1431,2017-04-30 06:00:00,0.0155685699960724,17.506407455583524,-0.7682744183182401,-0.4129522887136832,-0.35532212960455684
1432,2017-04-30 08:00:00,0.0155635748651176,17.602925250661976,-0.7684166431650684,-0.4085273837688682,-0.3598892593962002
1433,2017-04-30 10:00:00,0.015563009115830001,17.461229337687787,-0.7684327515727358,-0.4150235013549562,-0.35340925021777964
1434,2017-04-30 12:00:00,0.01572498501093,18.205932261473446,-0.7638208610980067,-0.3808822360349298,-0.3829386250630769
1435,2017-04-30 14:00:00,0.015918410037451498,18.355323374957468,-0.7583135290543221,-0.37403332826378194,-0.3842802007905402
1436,2017-04-30 16:00:00,0.015567276421729996,17.559364177140893,-0.7683112498676778,-0.4105244622295626,-0.3577867876381152
1437,2017-04-30 18:00:00,0.0148566916862543,17.918402330130505,-0.788543513260975,-0.394064184648111,-0.39447932861286406
1438,2017-04-30 20:00:00,0.014715315307593001,17.887354985959284,-0.7925688799595028,-0.3954875651411583,-0.39708131481834447
1439,2017-04-30 22:00:00,0.0143652486368391,17.847881447470673,-0.8025362219727901,-0.397297248583529,-0.40523897338926107
1440,2017-05-01 00:00:00,0.0148861413427545,18.2085554975142,-0.7877050021342826,-0.38076197251130994,-0.4069430296229727
1441,2017-05-01 02:00:00,0.014769344817709,18.684595767087885,-0.7910305141248554,-0.3589376763692824,-0.43209283775557294
1442,2017-05-01 04:00:00,0.0151751697148436,18.85347851611065,-0.779475585063667,-0.3511951651501091,-0.42828041991355786
1443,2017-05-01 06:00:00,0.0150669927601031,18.742052965088252,-0.7825556746464095,-0.35630352336837323,-0.4262521512780363
1444,2017-05-01 08:00:00,0.015081289599999999,18.064223670479997,-0.7821486050654789,-0.3873789348509358,-0.3947696702145431
1445,2017-05-01 10:00:00,0.0155091699998937,18.235544939875016,-0.7699656963717207,-0.37952462848720436,-0.3904410678845164
1446,2017-05-01 12:00:00,0.0155610640022218,19.825942762830735,-0.7684881342018387,-0.30661207194465523,-0.4618760622571835
1447,2017-05-01 14:00:00,0.014972,19.102295696,-0.7852603746588235,-0.3397880213301286,-0.4454723533286949
1448,2017-05-01 16:00:00,0.0139398822847908,17.212680542872178,-0.8146475489456751,-0.42641834093156955,-0.3882292080141056
1449,2017-05-01 18:00:00,0.0147805404622538,17.632693111079192,-0.7907117439374597,-0.40716266182666433,-0.38354908211079536
1450,2017-05-01 20:00:00,0.0144525,17.246890875000002,-0.800051940404718,-0.42484995172755663,-0.3752019886771614
1451,2017-05-01 22:00:00,0.014489099999905303,17.150489099887906,-0.799009839721563,-0.42926953768096276,-0.36974030204060027
1452,2017-05-02 00:00:00,0.0146738288237366,18.996757272223658,-0.7937501120163418,-0.3446264813556226,-0.4491236306607192
1453,2017-05-02 02:00:00,0.014830699000366002,18.43995883188349,-0.7892835951131967,-0.37015317485213145,-0.41913042026106523
1454,2017-05-02 04:00:00,0.0150502799954598,18.272099354487874,-0.7830315321190122,-0.3778487736891976,-0.4051827584298146
1455,2017-05-02 06:00:00,0.0149168699818956,17.83781927835049,-0.7868300749232384,-0.3977585535880545,-0.3890715213351839
1456,2017-05-02 08:00:00,0.014951964185355996,17.77331849845719,-0.7858308483250012,-0.40071562300372343,-0.38511522532127773
1457,2017-05-02 10:00:00,0.0144754102420272,16.777825822847884,-0.7993996240405223,-0.4463544656570424,-0.35304515838347994
1458,2017-05-02 12:00:00,0.014332499999999996,17.610169499999994,-0.8034686639648863,-0.40819526765814257,-0.3952733963067437
1459,2017-05-02 14:00:00,0.0139686399999104,18.013808479884453,-0.8138287392557939,-0.38969024362025323,-0.4241384956355407
1460,2017-05-02 16:00:00,0.0140359296,18.2725872252,-0.811912822905957,-0.37782640702070136,-0.43408641588525565
1461,2017-05-02 18:00:00,0.013874908195568,17.869539022840396,-0.8164975364577419,-0.3963043465775487,-0.4201931898801932
1462,2017-05-02 20:00:00,0.0140631712762555,17.470722151079663,-0.811137178930285,-0.4145882987388606,-0.3965488801914244
1463,2017-05-02 22:00:00,0.01404154393,17.660263782020003,-0.811752967792744,-0.40589867109750705,-0.4058542966952369
1464,2017-05-03 00:00:00,0.0141350999988443,17.207377498593107,-0.8090891742542687,-0.42666146155853746,-0.3824277126957313
1465,2017-05-03 02:00:00,0.0140616365999106,17.21040509089058,-0.8111808753038254,-0.4265226601269768,-0.3846582151768486
1466,2017-05-03 04:00:00,0.01412848,17.82236176,-0.8092776634710989,-0.3984672109846316,-0.41081045248646725
1467,2017-05-03 06:00:00,0.014301550565636001,17.603731955750376,-0.8043498778112642,-0.4084903999843571,-0.3958594778269071
1468,2017-05-03 08:00:00,0.014528299993684596,17.882147017064003,-0.7978937102023618,-0.3957263269912238,-0.402167383211138
1469,2017-05-03 10:00:00,0.0148032018944775,17.49284185773865,-0.790066511859244,-0.41357421010066026,-0.3764923017585838
1470,2017-05-03 12:00:00,0.01451626165561,17.637398090058532,-0.7982364741467346,-0.4069469597922984,-0.3912895143544362
1471,2017-05-03 14:00:00,0.014874299999999997,18.06301938,-0.7880421570907271,-0.3874341461298051,-0.400608010960922
1472,2017-05-03 16:00:00,0.015072,17.924896,-0.7824131050253499,-0.3937664792157379,-0.388646625809612
1473,2017-05-03 18:00:00,0.01509344,18.18313504,-0.7818026504159332,-0.38192738566711837,-0.39987526474881485
1474,2017-05-03 20:00:00,0.014908599999814797,17.688908999780267,-0.7870655436117189,-0.4045854172502795,-0.38248012636143935
1475,2017-05-03 22:00:00,0.015913857000197,17.887805360021435,-0.7584431663014701,-0.39546691752469537,-0.36297624877677476
1476,2017-05-04 00:00:00,0.0161308602838788,18.223564079783536,-0.752264497701558,-0.3800738968062624,-0.3721906008952956
1477,2017-05-04 02:00:00,0.015689700002535,18.13866102293068,-0.7648255204272061,-0.38396631846584073,-0.38085920196136536
1478,2017-05-04 04:00:00,0.0156477070888044,17.943776108429198,-0.7660211719080682,-0.3929009115234891,-0.37312026038457907
1479,2017-05-04 06:00:00,0.015373937422,18.023304257277,-0.7738161324966513,-0.3892549051181149,-0.3845612273785364
1480,2017-05-04 08:00:00,0.015363039999999996,18.30246376,-0.7741264114840889,-0.37645670284891625,-0.39766970863517265
1481,2017-05-04 10:00:00,0.0155875197988042,18.203500980173573,-0.7677348663394545,-0.38099369930071725,-0.3867411670387373
1482,2017-05-04 12:00:00,0.01553249999886,18.164245048666846,-0.7693014283956635,-0.3827934064458737,-0.38650802194978984
1483,2017-05-04 14:00:00,0.01573403,18.44455925,-0.7635633258708656,-0.3699422664610372,-0.39362105940982844
1484,2017-05-04 16:00:00,0.01661002,18.44262,-0.7386215286086014,-0.37003117231417293,-0.3685903562944285
1485,2017-05-04 18:00:00,0.01585579,18.10103761,-0.7600964903651483,-0.38569118200818,-0.3744053083569683
1486,2017-05-04 20:00:00,0.0161036,17.891416600000003,-0.7530406714864377,-0.3953013584832244,-0.3577393130032133
1487,2017-05-04 22:00:00,0.0160871026733486,18.05073965559725,-0.7535103948585179,-0.38799711602759984,-0.36551327883091805
1488,2017-05-05 00:00:00,0.016252857531739398,18.34862846166713,-0.7487909071095498,-0.3743402597980078,-0.374450647311542
1489,2017-05-05 02:00:00,0.0159430346719386,18.33439206270073,-0.757612399314217,-0.37499293438647696,-0.38261946492774
1490,2017-05-05 04:00:00,0.016038375787741997,18.5754453253292,-0.7548977806757321,-0.3639417311042064,-0.3909560495715257
1491,2017-05-05 06:00:00,0.0155895,18.74419122,-0.7676784846721249,-0.35620549403891555,-0.4114729906332093
1492,2017-05-05 08:00:00,0.01593328,19.3868349,-0.7578901411261697,-0.3267431840568574,-0.4311469570693123
1493,2017-05-05 10:00:00,0.0153317377368672,18.524873221576303,-0.775017671316859,-0.3662602336330302,-0.4087574376838288
1494,2017-05-05 12:00:00,0.0155078625249021,18.354802776121907,-0.7700029237101218,-0.37405719536890863,-0.39594572834121317
1495,2017-05-05 14:00:00,0.015227043036864,17.847236467432374,-0.7779986117179062,-0.397326818004986,-0.3806717937129202
1496,2017-05-05 16:00:00,0.0152882700023208,17.614237202673888,-0.7762553149229575,-0.4080087818638793,-0.36824653305907823
1497,2017-05-05 18:00:00,0.015143010396399998,17.0242418142386,-0.7803912475720437,-0.4350574054838381,-0.3453338420882056
1498,2017-05-05 20:00:00,0.0148250147734344,17.46383612670325,-0.7894454403805179,-0.41490399185315674,-0.37454144852736115
1499,2017-05-05 22:00:00,0.015125320000000003,16.996399254000007,-0.7808949408567818,-0.43633386110920663,-0.34456107974757516
1500,2017-05-06 00:00:00,0.01568565022,17.460434485442338,-0.7649408286555469,-0.41505994174015587,-0.34988088691539104
1501,2017-05-06 02:00:00,0.01580154,17.43330921,-0.7616411341413076,-0.4163035130975072,-0.34533762104380045
1502,2017-05-06 04:00:00,0.0159121485376422,17.2002314639835,-0.7584918108369922,-0.42698907496758987,-0.3315027358694024
1503,2017-05-06 06:00:00,0.0155099625887829,17.485436256549548,-0.7699431292289602,-0.41391372346495076,-0.3560294057640095
1504,2017-05-06 08:00:00,0.0156329600004985,17.41301632055526,-0.7664410612752236,-0.4172338504179529,-0.3492072108572707
1505,2017-05-06 10:00:00,0.0162499264860669,17.733673439351882,-0.7488743618829261,-0.4025331698916312,-0.3463411919912949
1506,2017-05-06 12:00:00,0.016194999999999998,17.609068399999998,-0.750438267041443,-0.4082457481196032,-0.34219251892183983
1507,2017-05-06 14:00:00,0.017093999999999998,17.38052652,-0.7248413130365166,-0.4187233610208026,-0.30611795201571396
1508,2017-05-06 16:00:00,0.017557161258339,17.68273450449211,-0.7116538631738165,-0.4048684899697723,-0.3067853732040442
1509,2017-05-06 18:00:00,0.0189529894100484,17.69951120900706,-0.6719108720747209,-0.4040993538461636,-0.2678115182285573
1510,2017-05-06 20:00:00,0.018226110000113697,17.935053290111878,-0.6926070887857628,-0.3933008133433935,-0.2993062754423693
1511,2017-05-06 22:00:00,0.017979815437875003,17.734458880895218,-0.6996197590652815,-0.40249716094461635,-0.29712259812066516
1512,2017-05-07 00:00:00,0.0187407074184777,17.9097146840652,-0.6779551127580462,-0.39446247397912937,-0.28349263877891684
1513,2017-05-07 02:00:00,0.01824885,17.89865505,-0.6919596196743482,-0.39496950824595217,-0.296990111428396
1514,2017-05-07 04:00:00,0.01881922,17.87635143,-0.6757196478659055,-0.395992028480123,-0.27972761938578256
1515,2017-05-07 06:00:00,0.0198511818367265,17.887986950285487,-0.646336911859757,-0.39545859243131043,-0.2508783194284465
1516,2017-05-07 08:00:00,0.019225965000119898,18.082124310112764,-0.6641385209918201,-0.3865582713788579,-0.27758024961296224
1517,2017-05-07 10:00:00,0.01919355297744,18.3778269758988,-0.6650613786711794,-0.37300163980674145,-0.292059738864438
1518,2017-05-07 12:00:00,0.0185838202321173,18.068242003802048,-0.6824221139740968,-0.3871947124184589,-0.2952274015556379
1519,2017-05-07 14:00:00,0.0194383889850672,18.023425122681275,-0.6580902373742014,-0.3892493639852638,-0.2688408733889376
1520,2017-05-07 16:00:00,0.0198781098893388,18.40386429449966,-0.6455701975948412,-0.3718079463563987,-0.27376225123844256
1521,2017-05-07 18:00:00,0.0185382199960458,18.016583496157068,-0.6837204756485528,-0.38956302165857604,-0.2941574539899767
1522,2017-05-07 20:00:00,0.0188136297,18.1606379643,-0.6758788187802256,-0.38295877497131753,-0.29292004380890807
1523,2017-05-07 22:00:00,0.018340098000000003,17.5271553345,-0.6893615430791963,-0.4120010921810923,-0.27736045089810396
1524,2017-05-08 00:00:00,0.0186871999986368,17.071645498754652,-0.6794786132748313,-0.43288416066564644,-0.24659445260918483
1525,2017-05-08 02:00:00,0.017646906632462104,16.946401881227278,-0.7090985703889623,-0.43862601481858204,-0.27047255557038025
1526,2017-05-08 04:00:00,0.0184827437783601,16.918195436476218,-0.6853000331485173,-0.43991915290522365,-0.24538088024329363
1527,2017-05-08 06:00:00,0.0188662620690756,17.222297324823288,-0.6743802333181584,-0.4259774549169845,-0.24840277840117392
1528,2017-05-08 08:00:00,0.0193690906242756,17.05334690420623,-0.6600633485575155,-0.43372306857309156,-0.2263402799844239
1529,2017-05-08 10:00:00,0.0189141728,17.106737111199998,-0.6730160856253729,-0.4312753687397148,-0.24174071688565807
1530,2017-05-08 12:00:00,0.019349290850828697,16.879736398129634,-0.6606271014943657,-0.44168232609846025,-0.2189447753959054
1531,2017-05-08 14:00:00,0.019205581485312002,17.262738239643532,-0.66471889461918,-0.4241234216393336,-0.2405954729798464
1532,2017-05-08 16:00:00,0.0197339885781855,17.399749159597224,-0.6496737199226729,-0.41784208982167276,-0.2318316301010001
1533,2017-05-08 18:00:00,0.0195066429687166,17.48638876498578,-0.656146862424116,-0.4138700552555181,-0.2422768071685979
1534,2017-05-08 20:00:00,0.0194857,16.8459538,-0.6567431652127316,-0.4432311056306803,-0.21351205958205127
1535,2017-05-08 22:00:00,0.019564084842674,17.309422140831188,-0.654511337390029,-0.4219831756355722,-0.23252816175445679
1536,2017-05-09 00:00:00,0.0196682250014898,17.180143051301336,-0.6515461862718156,-0.4279100379520689,-0.2236361483197467
1537,2017-05-09 02:00:00,0.0203058900001161,16.790400000095996,-0.63339014440264,-0.4457779964262966,-0.18761214797634335
1538,2017-05-09 04:00:00,0.0193043199998888,16.526615839904803,-0.661907542877092,-0.4578713086890264,-0.20403623418806555
1539,2017-05-09 06:00:00,0.0193120000001088,15.786779000088938,-0.6616888725629773,-0.4917894860385669,-0.16989938652441033
1540,2017-05-09 08:00:00,0.018370500936528,15.344561481304092,-0.6884958894997504,-0.5120631618303148,-0.17643272766943563
1541,2017-05-09 10:00:00,0.0186739469997922,15.221513429830615,-0.6798559618864581,-0.5177043591967929,-0.16215160268966522
1542,2017-05-09 12:00:00,0.0182775679978349,15.36154246218032,-0.6911419408426536,-0.5112846605582337,-0.17985728028441983
1543,2017-05-09 14:00:00,0.0180252599998977,15.589101179911527,-0.6983258298507442,-0.50085212120623,-0.1974737086445142
1544,2017-05-09 16:00:00,0.018265689999897902,15.785152049911769,-0.6914801394709783,-0.49186407435544743,-0.19961606511553087
1545,2017-05-09 18:00:00,0.018913958,16.028532606000002,-0.6730222015605455,-0.4807061751801576,-0.19231602638038786
1546,2017-05-09 20:00:00,0.0182873955,16.4654109114,-0.6908621253577777,-0.46067727820550597,-0.23018484715227172
1547,2017-05-09 22:00:00,0.0202580805862656,16.735319951261918,-0.6347514073251469,-0.4483031678752347,-0.18644823944991218
1548,2017-05-10 00:00:00,0.019493560923660003,15.973328298369513,-0.6565193435204498,-0.4832370433336488,-0.17328230018680102
1549,2017-05-10 02:00:00,0.017236145824176596,15.831667367194171,-0.7207940381494857,-0.4897315571622683,-0.23106248098721743
1550,2017-05-10 04:00:00,0.0184119264559366,15.853528720883947,-0.6873163932651206,-0.48872931284075627,-0.19858708042436435
1551,2017-05-10 06:00:00,0.01848015,16.528765500000002,-0.685373885012124,-0.45777275648342347,-0.22760112852870057
1552,2017-05-10 08:00:00,0.019276662548279,16.909720975966096,-0.6626950250981705,-0.4403076686414711,-0.22238735645669938
1553,2017-05-10 10:00:00,0.0189844829724707,17.079966010116866,-0.6710141654353717,-0.43250270280246045,-0.2385114626329113
1554,2017-05-10 12:00:00,0.018451033304319003,16.33219187687419,-0.68620291584652,-0.46678476920379897,-0.21941814664272108
1555,2017-05-10 14:00:00,0.0185249701021988,16.535463998898162,-0.6840977358525259,-0.45746566056527477,-0.2266320752872511
1556,2017-05-10 16:00:00,0.0194215,16.520858699999998,-0.6585711123174216,-0.4581352475493377,-0.2004358647680839
1557,2017-05-10 18:00:00,0.0482317,16.94424446,0.1617329636255505,-0.43872492283703474,0.6004578864625852
1558,2017-05-10 20:00:00,0.049383006194211,17.298507467551964,0.1945137552816193,-0.4224835641051288,0.6169973193867481
1559,2017-05-10 22:00:00,0.0363959999993934,17.315675999711402,-0.17526132840073994,-0.42169646445385967,0.24643513605311973
1560,2017-05-11 00:00:00,0.036095484476877,17.430420548749723,-0.1838178156172235,-0.41643594516808924,0.23261812955086575
1561,2017-05-11 02:00:00,0.0363873632944212,18.38637008872693,-0.17550723867874604,-0.37260997667180773,0.1971027379930617
1562,2017-05-11 04:00:00,0.03777424,17.801231552,-0.13601911938708372,-0.39943593557876644,0.2634168161916827
1563,2017-05-11 06:00:00,0.038442887327088,18.4432773003754,-0.11698092708787518,-0.37000103806090945,0.2530201109730343
1564,2017-05-11 08:00:00,0.04475222,18.361763685,0.062662786182768,-0.3737380691384551,0.4364008553212231
1565,2017-05-11 10:00:00,0.0451037017666032,18.219719128763877,0.07267041979045694,-0.38025017044332204,0.45292059023377895
1566,2017-05-11 12:00:00,0.0548201157864583,18.101568543303614,0.34932292564034945,-0.3856668411143725,0.7349897667547219
1567,2017-05-11 14:00:00,0.051267897813244805,18.0987159977401,0.24818170197425513,-0.3857976174438467,0.6339793194181018
1568,2017-05-11 16:00:00,0.043119500020958906,17.346808222066073,0.016174846019876555,-0.42026919267948587,0.43644403869936244
1569,2017-05-11 18:00:00,0.0346314355257618,17.300865096759008,-0.22550323682151344,-0.4223754774551197,0.19687224063360628
1570,2017-05-11 20:00:00,0.040842477272102,18.153896623126727,-0.04865813125560881,-0.38326783501426676,0.33460970375865795
1571,2017-05-11 22:00:00,0.036644034469628994,17.90652596682054,-0.16819911824917508,-0.39460866226173624,0.22640954401256116
1572,2017-05-12 00:00:00,0.035378333773954905,17.970603104108683,-0.2042370298077658,-0.3916710149459699,0.18743398513820408
1573,2017-05-12 02:00:00,0.0376248487119469,17.67054929540285,-0.14027269216687452,-0.40542712676735815,0.2651544346004836
1574,2017-05-12 04:00:00,0.036949072672082,17.602735521853358,-0.15951385814023733,-0.40853608197776065,0.24902222383752332
1575,2017-05-12 06:00:00,0.0396009128351298,17.754106077928732,-0.08400881844952411,-0.40159642570470866,0.31758760725518453
1576,2017-05-12 08:00:00,0.037842,18.010899900000005,-0.1340898094834421,-0.3898235888702418,0.25573377938679975
1577,2017-05-12 10:00:00,0.0377346000002062,17.611938300096238,-0.13714777706392145,-0.40811417616319184,0.2709663990992704
1578,2017-05-12 12:00:00,0.0384746577666484,17.462067788200947,-0.1160763370098508,-0.41498506218611014,0.2989087251762593
1579,2017-05-12 14:00:00,0.039257997610000005,17.470532252850006,-0.09377253952320196,-0.41459700471494243,0.32082446519174046
1580,2017-05-12 16:00:00,0.037264752275644,17.57932063820385,-0.15052560864894712,-0.4096095486308142,0.2590839399818671
1581,2017-05-12 18:00:00,0.0360752959576585,16.847438727613312,-0.18439263719437976,-0.4431630284068534,0.25877039121247364
1582,2017-05-12 20:00:00,0.03440053499961,17.05320962300667,-0.23207759738616396,-0.43372936229600834,0.20165176490984438
1583,2017-05-12 22:00:00,0.0339156998428424,16.954118153014747,-0.24588216157721135,-0.43827225861061897,0.19239009703340762
1584,2017-05-13 00:00:00,0.034147007937482994,16.260771537457053,-0.23929619643874367,-0.470059069168799,0.23076287273005536
1585,2017-05-13 02:00:00,0.033779,16.590062,-0.24977437469146888,-0.45496258882750695,0.20518821413603808
1586,2017-05-13 04:00:00,0.0336435889998061,16.67084079990392,-0.25362989098037253,-0.45125924572025355,0.19762935473988102
1587,2017-05-13 06:00:00,0.03235312500075,16.679770065386666,-0.2903728805564042,-0.45084987923031195,0.16047699867390774
1588,2017-05-13 08:00:00,0.030748821,16.964444081999993,-0.3360517411983589,-0.4377988614076526,0.10174712020929372
1589,2017-05-13 10:00:00,0.0309057255036855,16.852865702009698,-0.33158424691136934,-0.44291422614378434,0.111329979232415
1590,2017-05-13 12:00:00,0.0305196,16.70651674,-0.342578281124903,-0.449623665010875,0.10704538388597196
1591,2017-05-13 14:00:00,0.0313071,16.558272719999998,-0.3201560327612996,-0.456419983727067,0.13626395096576738
1592,2017-05-13 16:00:00,0.0297594263998328,16.652606109506436,-0.3642224732041457,-0.4520952239110257,0.08787275070688
1593,2017-05-13 18:00:00,0.0290745000001638,16.68700575009401,-0.3837241745935643,-0.45051815576921733,0.06679398117565305
1594,2017-05-13 20:00:00,0.030853840000000007,16.725360000000002,-0.33306156710198115,-0.4487597866526648,0.11569821955068366
1595,2017-05-13 22:00:00,0.0309588738064527,16.4711595088274,-0.3300709714259723,-0.46041373097919824,0.13034275955322594
1596,2017-05-14 00:00:00,0.030537485,16.79278546,-0.34206904695095636,-0.4456686338645399,0.10359958691358356
1597,2017-05-14 02:00:00,0.030154772582443607,16.902023834874132,-0.3529659013995717,-0.44066054779345626,0.08769464639388458
1598,2017-05-14 04:00:00,0.031561508068379006,16.88358245195454,-0.3129123490852377,-0.4415060019027613,0.1285936528175236
1599,2017-05-14 06:00:00,0.031935800000692,17.1124200003708,-0.3022552485559487,-0.43101483394017565,0.12875958538422694
1600,2017-05-14 08:00:00,0.034761199981012,17.429949800479044,-0.22180849289213214,-0.41645752684998527,0.19464903395785313
1601,2017-05-14 10:00:00,0.033306000000183,16.946347600093116,-0.2632419600525879,-0.43862850336340187,0.175386543310814
1602,2017-05-14 12:00:00,0.0331557879998189,17.12907464790644,-0.267518900724788,-0.4302512935777513,0.16273239285296331
1603,2017-05-14 14:00:00,0.032835165,16.82463,-0.27664790203656325,-0.444208705543583,0.16756080350701974
1604,2017-05-14 16:00:00,0.036329307069167004,16.824460027938816,-0.17716025595074977,-0.4442164979948444,0.2670562420440946
1605,2017-05-14 18:00:00,0.031964076,16.720536870000004,-0.30145015461409086,-0.4489809053776536,0.14753075076356276
1606,2017-05-14 20:00:00,0.0322695,17.19828,-0.29275390980875093,-0.4270785407766999,0.13432463096794894
1607,2017-05-14 22:00:00,0.031955000000000004,17.41578542,-0.3017085728060248,-0.41710689971610826,0.11539832691008345
1608,2017-05-15 00:00:00,0.031181849998803007,17.391959479332368,-0.3237222380113067,-0.4181992114767466,0.09447697346543993
1609,2017-05-15 02:00:00,0.0299478600110484,17.145131966325202,-0.3588572602127465,-0.4295151380572703,0.07065787784452382
1610,2017-05-15 04:00:00,0.0288829599988667,16.849862159338848,-0.38917783488645125,-0.44305192500859375,0.053874090122142504
1611,2017-05-15 06:00:00,0.029693887999664395,16.811199999809993,-0.36608852817040505,-0.444824410390563,0.07873588222015793
1612,2017-05-15 08:00:00,0.0288669960001644,16.824085614095814,-0.38963237297379,-0.4442336631783627,0.05460129020457272
1613,2017-05-15 10:00:00,0.030368240000170795,16.95330112009535,-0.3468879084372655,-0.4383097158795317,0.09142180744226619
1614,2017-05-15 12:00:00,0.030374239999828207,16.71675823990545,-0.3467170722690115,-0.4491541384998611,0.10243706623084958
1615,2017-05-15 14:00:00,0.029145959786160008,16.362958194804314,-0.38168952180674914,-0.4653742724945435,0.08368475068779435
1616,2017-05-15 16:00:00,0.0280266997463576,16.227895978261785,-0.41355787303964614,-0.47156626506286664,0.0580083920232205
1617,2017-05-15 18:00:00,0.0282800549288708,16.222242049299624,-0.4063441678631165,-0.4718254721676494,0.06548130430453292
1618,2017-05-15 20:00:00,0.0287089492167786,16.33127307143528,-0.3941323910438155,-0.46682689228303687,0.07269450123922139
1619,2017-05-15 22:00:00,0.0286740818543889,16.243805382069993,-0.3951251588651305,-0.4708368907591667,0.07571173189403618
1620,2017-05-16 00:00:00,0.02760975,16.23476089,-0.4254295565545307,-0.47125153986766866,0.04582198331313797
1621,2017-05-16 02:00:00,0.0258288999965661,15.7256999979093,-0.47613515792001526,-0.494589682401832,0.018454524481816725
1622,2017-05-16 04:00:00,0.026265600000152,15.601991040090287,-0.4637011313285364,-0.5002611793390167,0.036560048010480295
1623,2017-05-16 06:00:00,0.0255737533510761,15.6293532895065,-0.4833998708778782,-0.49900674379534676,0.01560687291746854
1624,2017-05-16 08:00:00,0.025928427470444004,15.548034090274994,-0.4733013423793265,-0.5027348617708497,0.029433519391523222
1625,2017-05-16 10:00:00,0.0264528000001503,15.356281600087247,-0.4583710425747225,-0.5115258473225056,0.05315480474778311
1626,2017-05-16 12:00:00,0.0260570000048444,15.432435752869127,-0.4696405356503568,-0.5080345233968105,0.03839398774645375
1627,2017-05-16 14:00:00,0.026549852499557502,15.849109948635848,-0.4556076962305742,-0.4889318935892569,0.03332419735868275
1628,2017-05-16 16:00:00,0.025737186716064,15.539469909491544,-0.47874648230561395,-0.5031274907763733,0.024381008470759358
1629,2017-05-16 18:00:00,0.0264727452,15.767339455200002,-0.45780314895606633,-0.492680701365586,0.034877552409519674
1630,2017-05-16 20:00:00,0.0256870652657331,15.626000526053588,-0.48017357514074205,-0.4991604528556245,0.018986877714882444
1631,2017-05-16 22:00:00,0.0268764800036096,14.584636241958766,-0.4463077304931265,-0.5469023015613423,0.10059457106821584
1632,2017-05-17 00:00:00,0.025554100000000003,13.82675167,-0.48395945477502783,-0.5816478859101507,0.09768843113512288
1633,2017-05-17 02:00:00,0.0251526632995899,14.94570517265632,-0.49538944004342256,-0.5303489219947657,0.03495948195134313
1634,2017-05-17 04:00:00,0.0258882285534114,14.923164647759078,-0.474445913936981,-0.5313823032484035,0.05693638931142253
1635,2017-05-17 06:00:00,0.0258439166596922,14.763735988842127,-0.47570759303086474,-0.5386913871392387,0.06298379410837396
1636,2017-05-17 08:00:00,0.0255492000005436,15.039060000319981,-0.4840989709715904,-0.5260690248191668,0.04197005384757646
1637,2017-05-17 10:00:00,0.0255102599987742,14.659465289295595,-0.48520769781724454,-0.5434717277349572,0.05826402991771268
1638,2017-05-17 12:00:00,0.026301346940000005,14.90188756232,-0.46268331956534814,-0.5323577615096919,0.0696744419443438
1639,2017-05-17 14:00:00,0.0296384199993704,15.079892519679664,-0.3676678516990709,-0.5241970382422144,0.15652918654314352
1640,2017-05-17 16:00:00,0.0285158500001529,14.941466150080116,-0.3996304464012741,-0.5305432620327181,0.13091281563144397
1641,2017-05-17 18:00:00,0.03200488,15.498227999999996,-0.3002883547128484,-0.5050182460417048,0.20472989132885633
1642,2017-05-17 20:00:00,0.030362244540036495,15.802357787786365,-0.34705861535305643,-0.4910752689901922,0.14401665363713578
1643,2017-05-17 22:00:00,0.030342599999028,15.918383509490068,-0.34761794840382654,-0.48575601372462024,0.1381380653207937
1644,2017-05-18 00:00:00,0.030916871579550007,16.17104157343674,-0.33126688807795535,-0.47417278271943325,0.1429058946414779
1645,2017-05-18 02:00:00,0.0315948,15.885884080000002,-0.3119644380257964,-0.487245965770638,0.17528152774484163
1646,2017-05-18 04:00:00,0.033370950376535,15.903053305551865,-0.2613926477098907,-0.4864588343304582,0.22506618662056754
1647,2017-05-18 06:00:00,0.0317599497554445,15.817359712685105,-0.3072621791892694,-0.49038749849551583,0.18312531930624643
1648,2017-05-18 08:00:00,0.03266961149795,15.868097013290004,-0.2813616566275847,-0.48806142243720246,0.20669976580961774
1649,2017-05-18 10:00:00,0.0341444622001822,16.491644061988,-0.23936868044385726,-0.45947460674310286,0.2201059262992456
1650,2017-05-18 12:00:00,0.0361734800001918,16.918759060089705,-0.18159707276641252,-0.43989331330836684,0.2582962405419543
1651,2017-05-18 14:00:00,0.035926856764905604,17.09135767123629,-0.18861910125380615,-0.4319804465949288,0.24336134534112264
1652,2017-05-18 16:00:00,0.034373108584998986,16.76167194582258,-0.23285850136093394,-0.44709504795348937,0.21423654659255542
1653,2017-05-18 18:00:00,0.0344724953526261,16.584262868550276,-0.23002869210659627,-0.4552284528104819,0.22519976070388564
1654,2017-05-18 20:00:00,0.03213483,16.46570094,-0.2965883278241495,-0.46066398170422096,0.16407565388007145
1655,2017-05-18 22:00:00,0.0330941456733456,16.366647594122693,-0.26927402396782885,-0.46520513020037874,0.1959311062325499
1656,2017-05-19 00:00:00,0.0348667004385925,15.995977859919591,-0.21880461040026694,-0.4821986632419841,0.2633940528417172
1657,2017-05-19 02:00:00,0.0329053599986528,16.247119199334815,-0.2746492611557049,-0.4706849672056976,0.19603570604999265
1658,2017-05-19 04:00:00,0.0318560799974048,16.812173878630375,-0.30452509200134925,-0.44477976244554457,0.14025467044419532
1659,2017-05-19 06:00:00,0.033230053499999995,16.9565370387,-0.2654043616899845,-0.4381613636277724,0.17275700193778792
1660,2017-05-19 08:00:00,0.0331500415987143,16.545587041491626,-0.2676825162584569,-0.4570015647869576,0.18931904852850068
1661,2017-05-19 10:00:00,0.03450125,16.462025,-0.22920996976370694,-0.46083250694943223,0.23162253718572529
1662,2017-05-19 12:00:00,0.0335354999264766,16.65750546348,-0.2567074783423863,-0.45187061066114365,0.19516313231875737
1663,2017-05-19 14:00:00,0.033905108142719985,16.656830564175642,-0.24618373583846545,-0.4519015517458076,0.20571781590734214
1664,2017-05-19 16:00:00,0.033756100617293595,16.72416622243193,-0.2504263818615213,-0.448814515962008,0.19838813410048672
1665,2017-05-19 18:00:00,0.0340198377486256,16.870386821895412,-0.24291707460891102,-0.4421109619378628,0.1991938873289518
1666,2017-05-19 20:00:00,0.0336072550008525,16.92140072542924,-0.25466441789920496,-0.4397722048846409,0.18510778698543595
1667,2017-05-19 22:00:00,0.032711209997339195,17.071888048611342,-0.28017723518649557,-0.4328730408502864,0.15269580566379082
1668,2017-05-20 00:00:00,0.0332395687566864,16.921331833035154,-0.2651334366758055,-0.43977536328973094,0.1746419266139254
1669,2017-05-20 02:00:00,0.03469646157017,16.806727384281558,-0.22365177000522973,-0.44502945961026324,0.2213776896050335
1670,2017-05-20 04:00:00,0.034939773000349804,16.646554422166655,-0.21672403753895017,-0.45237266644079444,0.23564862890184426
1671,2017-05-20 06:00:00,0.0355508999948322,16.755566097564355,-0.19932360420309386,-0.44737497351673033,0.24805136931363647
1672,2017-05-20 08:00:00,0.03523601298096,16.916245738151762,-0.20828928652882844,-0.4400085377668419,0.23171925123801346
1673,2017-05-20 10:00:00,0.03605455676232,16.975789214520148,-0.18498313800547966,-0.43727873832623315,0.2522956003207535
1674,2017-05-20 12:00:00,0.03773568,17.1254912,-0.13711702655775107,-0.43041557847824874,0.2932985519204977
1675,2017-05-20 14:00:00,0.03743189999905951,17.233360199567002,-0.14576646227709497,-0.4254702720796897,0.2797038098025947
1676,2017-05-20 16:00:00,0.037908,17.2935,-0.13221061152534969,-0.4227131338742441,0.2905025223488944
1677,2017-05-20 18:00:00,0.036687418720953005,18.27822079365162,-0.16696385163551672,-0.37756813335336087,0.21060428171784415
1678,2017-05-20 20:00:00,0.03687376,17.71536844,-0.16165821298258562,-0.4033723714303853,0.24171415844779967
1679,2017-05-20 22:00:00,0.0374259005218032,17.712803233043722,-0.14593728357118105,-0.40348997458259234,0.2575526910114113
1680,2017-05-21 00:00:00,0.037345622455115,17.664996673657967,-0.14822301658633374,-0.4056816893938215,0.25745867280748774
1681,2017-05-21 02:00:00,0.039446295,17.278325295000002,-0.08841120511710901,-0.4234088255561358,0.3349976204390268
1682,2017-05-21 04:00:00,0.0400306549992244,17.28192949966516,-0.07177290030902678,-0.423243589052007,0.3514706887429802
1683,2017-05-21 06:00:00,0.042518400000000005,17.207283,-0.0009400923436888781,-0.42666579389219234,0.4257257015485035
1684,2017-05-21 08:00:00,0.039404858721864,17.217438270364,-0.08959100768171692,-0.4262002206161652,0.3366092129344483
1685,2017-05-21 10:00:00,0.039080448211563805,17.580850776082578,-0.09882784962929068,-0.4095393987205274,0.3107115490912367
1686,2017-05-21 12:00:00,0.03816527,17.75473407,-0.1248854409393124,-0.4015676351048073,0.2766821941654949
1687,2017-05-21 14:00:00,0.038410320000000005,17.725957079999993,-0.11790820670248559,-0.4028869301140274,0.2849787234115418
1688,2017-05-21 16:00:00,0.038228906774478995,18.35697634683415,-0.12307353038385002,-0.3739575469695157,0.2508840165856657
1689,2017-05-21 18:00:00,0.037286572316813996,17.820219599117323,-0.14990433324270241,-0.3985654193852135,0.2486610861425111
1690,2017-05-21 20:00:00,0.03902846,17.188720222,-0.10030809419013281,-0.42751681341760667,0.32720871922747385
1691,2017-05-21 22:00:00,0.03755318999981511,17.15177468991555,-0.14231300891714105,-0.4292105991850544,0.28689759026791334
1692,2017-05-22 00:00:00,0.03688755,17.1503823,-0.16126557450012965,-0.42927443397342074,0.2680088594732911
1693,2017-05-22 02:00:00,0.0350268525383901,17.500715751617168,-0.21424464829535983,-0.41321322763178303,0.1989685793364232
1694,2017-05-22 04:00:00,0.0354362400011613,17.81654688058388,-0.20258828338462795,-0.39873379694073413,0.19614551355610618
1695,2017-05-22 06:00:00,0.0345177705455388,18.188171743342775,-0.22873958528729652,-0.38169647556904895,0.15295689028175244
1696,2017-05-22 08:00:00,0.034504332054710686,17.78513360825131,-0.22912221535584246,-0.40017395358712476,0.1710517382312823
1697,2017-05-22 10:00:00,0.036051557812140506,17.972140178809102,-0.18506852620326342,-0.39160054701374136,0.20653202081047795
1698,2017-05-22 12:00:00,0.0334341,18.0196562,-0.2595946076573189,-0.3894221520664196,0.12982754440910071
1699,2017-05-22 14:00:00,0.03267,19.71094356,-0.28135059492668973,-0.3118842659565666,0.030533671029876863
1700,2017-05-22 16:00:00,0.032655000000899985,20.329413790560288,-0.2817776853460857,-0.2835301994426904,0.001752514096604707
1701,2017-05-22 18:00:00,0.0333396555356802,19.5661298896656,-0.2622836962103934,-0.3185233186350769,0.0562396224246835
1702,2017-05-22 20:00:00,0.0330241046121765,18.753309580592955,-0.27126828183345914,-0.3557874583922913,0.08451917655883218
1703,2017-05-22 22:00:00,0.034004300000976186,19.437000000558,-0.2433594761794586,-0.324443340786134,0.08108386460667541
1704,2017-05-23 00:00:00,0.03349548,20.361874680000003,-0.2578469535562929,-0.2820420142839004,0.02419506072760752
1705,2017-05-23 02:00:00,0.0335240628552244,21.092854739464567,-0.25703312259910893,-0.24852988030843162,-0.00850324229067731
1706,2017-05-23 04:00:00,0.03429189,27.9801,-0.23517101346834696,0.06721920601006429,-0.30239021947841127
1707,2017-05-23 06:00:00,0.034207740004471604,27.26549658356412,-0.2375669907375962,0.03445786714608955,-0.27202485788368574
1708,2017-05-23 08:00:00,0.0340726499982279,26.979384148596807,-0.2414133674632306,0.021340904339066574,-0.26275427180229716
1709,2017-05-23 10:00:00,0.03694404,25.956,-0.1596571518841805,-0.025576636368225256,-0.13408051551595523
1710,2017-05-23 12:00:00,0.037384200000172,25.54082023511751,-0.14712460986058631,-0.044610753269905344,-0.10251385659068096
1711,2017-05-23 14:00:00,0.036170026,22.855906,-0.1816954174650137,-0.16770194350812986,-0.013993473956883828
1712,2017-05-23 16:00:00,0.03616133,25.823210000000003,-0.18194301603234062,-0.03166445807140827,-0.15027855796093234
1713,2017-05-23 18:00:00,0.0359723990996762,28.440191999744002,-0.18732238818550817,0.08831234601686058,-0.2756347342023687
1714,2017-05-23 20:00:00,0.035074419998420016,26.638755600800014,-0.21289027445051342,0.00572462400168359,-0.218614898452197
1715,2017-05-23 22:00:00,0.0366366856967712,28.73690034340491,-0.16840835762718803,0.10191508337701119,-0.27032344100419925
1716,2017-05-24 00:00:00,0.037168930002,29.848872224884,-0.15325392714851654,0.15289397149658232,-0.30614789864509884
1717,2017-05-24 02:00:00,0.0384109537680582,29.830351748872147,-0.11789016161701799,0.15204489132625135,-0.26993505294326936
1718,2017-05-24 04:00:00,0.0393812325,31.504985999999995,-0.09026370992238761,0.2288193076144509,-0.31908301753683854
1719,2017-05-24 06:00:00,0.038655199999999994,30.511135600000003,-0.11093581282403607,0.18325575587985318,-0.29419156870388924
1720,2017-05-24 08:00:00,0.039551642100173916,30.23781035503295,-0.08541168912411222,0.17072502797610822,-0.25613671710022046
1721,2017-05-24 10:00:00,0.039039651,29.086307222,-0.09998945624545078,0.11793381053080801,-0.21792326677625878
1722,2017-05-24 12:00:00,0.0364408,27.62375,-0.1739857515876722,0.050882168101115434,-0.22486791968878764
1723,2017-05-24 14:00:00,0.037699499999508,29.88374999961,-0.13814716872515032,0.15449295992896178,-0.2926401286541121
1724,2017-05-24 16:00:00,0.039453439999833605,30.154283159872822,-0.08820776770653503,0.166895683360536,-0.25510345106707105
1725,2017-05-24 18:00:00,0.038712149775,30.834481503150002,-0.10931429917412935,0.19807970502385444,-0.3073940041979838
1726,2017-05-24 20:00:00,0.0395249901412464,28.49388285289249,-0.0861705422573812,0.09077382911844796,-0.17694437137582916
1727,2017-05-24 22:00:00,0.0378656500026945,26.57203474189085,-0.133416430138406,0.0026657739909731965,-0.13608220412937921
1728,2017-05-25 00:00:00,0.0360372999998541,22.773572899907798,-0.18547448456289198,-0.17147654425842482,-0.01399794030446716
1729,2017-05-25 02:00:00,0.0350566108197984,24.5494473528,-0.2133973497853778,-0.09006072200941732,-0.12333662777596048
1730,2017-05-25 04:00:00,0.033233791190002804,23.44183676783917,-0.26529793957754116,-0.14083966438308973,-0.12445827519445143
1731,2017-05-25 06:00:00,0.034634795499999996,27.1901633,-0.22540756929533667,0.03100417636625897,-0.25641174566159564
1732,2017-05-25 08:00:00,0.036438499999564986,26.724347719680967,-0.1740512388016282,0.009648636042838055,-0.18369987484446626
1733,2017-05-25 10:00:00,0.0351620729989104,27.7042799286415,-0.21039455718472233,0.05457410158510908,-0.2649686587698314
1734,2017-05-25 12:00:00,0.0346233,30.04549185,-0.22573487717605242,0.1619080932004224,-0.3876429703764748
1735,2017-05-25 14:00:00,0.0341517771620776,29.66298412369319,-0.23916040375510922,0.14437184169168032,-0.38353224544678954
1736,2017-05-25 16:00:00,0.0314291,24.60424525,-0.3166823638084619,-0.08754848593845595,-0.22913387787000594
1737,2017-05-25 18:00:00,0.0323348000001412,25.02447880010927,-0.2908946427340723,-0.06828267581148158,-0.22261196692259072
1738,2017-05-25 20:00:00,0.0344999399977312,26.96250599822688,-0.22924726906050433,0.020567117381226168,-0.24981438644173048
1739,2017-05-25 22:00:00,0.0309842,22.830316600000003,-0.32934986640778535,-0.16887510191381871,-0.16047476449396664
1740,2017-05-26 00:00:00,0.0321564426005704,23.83888331562286,-0.29597295881110475,-0.12263687357978006,-0.17333608523132468
1741,2017-05-26 02:00:00,0.032381022999584494,25.171744770677005,-0.28957854930724286,-0.061531196244024804,-0.22804735306321805
1742,2017-05-26 04:00:00,0.0336510959390298,27.035402162150536,-0.25341614817945296,0.023909077233724294,-0.2773252254131773
1743,2017-05-26 06:00:00,0.0332601619081398,24.624510600007504,-0.2645470941278975,-0.0866194111768152,-0.1779276829510823
1744,2017-05-26 08:00:00,0.033561390012052,26.09597207589068,-0.25597031779771756,-0.0191595489260468,-0.23681076887167077
1745,2017-05-26 10:00:00,0.0336907512960852,25.21332513644401,-0.2522870532399689,-0.05962492428723091,-0.19266212895273802
1746,2017-05-26 12:00:00,0.0316444751998608,24.233507332993398,-0.31055005114479256,-0.10454514485362823,-0.20600490629116433
1747,2017-05-26 14:00:00,0.031998998166064295,24.724365878856663,-0.30045582638439106,-0.08204149767613504,-0.218414328708256
1748,2017-05-26 16:00:00,0.031171465045923306,22.92577272223931,-0.32401792562110093,-0.16449886987322718,-0.15951905574787376
1749,2017-05-26 18:00:00,0.0288004424337786,22.1788850338088,-0.3915273324594865,-0.19874029678389485,-0.19278703567559166
1750,2017-05-26 20:00:00,0.027675,20.871254999999998,-0.4235717131186892,-0.25868922742291417,-0.16488248569577502
1751,2017-05-26 22:00:00,0.028126928845488,21.184478324920995,-0.41070408033620215,-0.24432935276821696,-0.1663747275679852
1752,2017-05-27 00:00:00,0.0279547199998704,21.24364589990152,-0.4156073305036273,-0.24161678670833933,-0.17399054379528797
1753,2017-05-27 02:00:00,0.026137599999999997,19.45435862,-0.46734563646371036,-0.32364752649156137,-0.143698109972149
1754,2017-05-27 04:00:00,0.0230886,17.58315,-0.5541588875883162,-0.4094339896892377,-0.1447248978990785
1755,2017-05-27 06:00:00,0.02268828,17.938898820000006,-0.5655570773850371,-0.39312451316782915,-0.17243256421720798
1756,2017-05-27 08:00:00,0.018763176420000003,14.95670811218,-0.677315359700757,-0.529844486916589,-0.14747087278416793
1757,2017-05-27 10:00:00,0.022006900000000003,17.85238168,-0.5849578032135986,-0.3970909332490805,-0.18786686996451807
1758,2017-05-27 12:00:00,0.022516542,18.404685305999998,-0.5704469213081719,-0.3717703066875206,-0.19867661462065128
1759,2017-05-27 14:00:00,0.025272070046117995,20.036318905714282,-0.4919896080092095,-0.2969672760377464,-0.19502233197146307
1760,2017-05-27 16:00:00,0.025694400000000003,20.1068174,-0.4799647354792646,-0.29373523850815586,-0.18622949697110874
1761,2017-05-27 18:00:00,0.026901599999999998,19.74365488,-0.4455924964639731,-0.3103845996877529,-0.1352078967762202
1762,2017-05-27 20:00:00,0.0242189,18.30895444,-0.5219761989211656,-0.37615913448855454,-0.1458170644326111
1763,2017-05-27 22:00:00,0.0250344005397462,19.77364517525953,-0.49875669969215985,-0.30900968011274094,-0.18974701957941892
1764,2017-05-28 00:00:00,0.025578,21.1931797,-0.48327895733262777,-0.24393043402393266,-0.2393485233086951
1765,2017-05-28 02:00:00,0.029007977278875996,22.171582841122216,-0.3856182558361521,-0.19907506933542896,-0.18654318650072316
1766,2017-05-28 04:00:00,0.027116279699866498,21.537983637833968,-0.43947998656044224,-0.22812273091309118,-0.21135725564735106
1767,2017-05-28 06:00:00,0.02753703,22.60973601,-0.42750009103199255,-0.17898772562872928,-0.24851236540326327
1768,2017-05-28 08:00:00,0.029778432004334894,22.35276596990397,-0.36368133239849953,-0.1907686412636751,-0.17291269113482444
1769,2017-05-28 10:00:00,0.02884596,22.21413948,-0.39023132461856835,-0.19712403966621664,-0.19310728495235172
1770,2017-05-28 12:00:00,0.02842795497537,21.41193144763437,-0.40213305475125166,-0.2339016544708206,-0.16823140028043107
1771,2017-05-28 14:00:00,0.02417712,19.338322,-0.5231657881740308,-0.32896728139479214,-0.19419850677923867
1772,2017-05-28 16:00:00,0.025170466354165998,19.819264845800003,-0.49488253907664664,-0.30691822427714827,-0.18796431479949838
1773,2017-05-28 18:00:00,0.025960336426124102,19.24060318966967,-0.47239280837388853,-0.3334472474640611,-0.1389455609098274
1774,2017-05-28 20:00:00,0.030157599999999996,19.05749824,-0.3528853971980771,-0.3418417823428869,-0.011043614855190176
1775,2017-05-28 22:00:00,0.0295399560001436,19.44453204009452,-0.37047138724895917,-0.32409803079472166,-0.04637335645423751
1776,2017-05-29 00:00:00,0.028659359211278008,19.587138888283093,-0.3955443522116716,-0.3175601509436414,-0.07798420126803024
1777,2017-05-29 02:00:00,0.028576310701125606,19.497350729067982,-0.3979089672222931,-0.3216765324810961,-0.07623243474119695
1778,2017-05-29 04:00:00,0.0278911891645334,19.665621153046487,-0.4174162246860697,-0.3139620935994019,-0.10345413108666779
1779,2017-05-29 06:00:00,0.0298925998,20.13325965108,-0.36043066742132096,-0.292522980732677,-0.06790768668864394
1780,2017-05-29 08:00:00,0.033221999995095806,20.57330099696299,-0.2656336666895518,-0.2723490726389622,0.006715405949410391
1781,2017-05-29 10:00:00,0.03450276929,19.57405886685,-0.22916671148089252,-0.3181598108454298,0.08899309936453731
1782,2017-05-29 12:00:00,0.03475605,19.4224517,-0.22195512673761658,-0.3251103146537553,0.1031551879161387
1783,2017-05-29 14:00:00,0.038216500004295995,20.79255150233734,-0.12342678458376544,-0.26229742729630195,0.13887064271253652
1784,2017-05-29 16:00:00,0.03796231000436751,20.256706002330503,-0.13066425926305533,-0.28686352312049546,0.15619926385744012
1785,2017-05-29 18:00:00,0.0380985595889532,20.549800750931233,-0.1267848662154132,-0.27342645277166994,0.14664158655625673
1786,2017-05-29 20:00:00,0.037150800000166,20.641387320092228,-0.15377013718528432,-0.2692276222614026,0.1154574850761183
1787,2017-05-29 22:00:00,0.03692311,20.573654,-0.16025308541846636,-0.27233288904418834,0.11207980362572198
1788,2017-05-30 00:00:00,0.0352308004595292,20.24286826034566,-0.20843770106866588,-0.287497921087047,0.07906022001838114
1789,2017-05-30 02:00:00,0.035680437483361305,21.702075200422502,-0.1956353226282405,-0.22059987395070152,0.02496455132246103
1790,2017-05-30 04:00:00,0.034846515121947204,21.58225200820219,-0.21937934079152902,-0.22609322608673219,0.00671388529520317
1791,2017-05-30 06:00:00,0.0344685197967786,21.8084391966618,-0.230141886901004,-0.2157235651567946,-0.0144183217442094
1792,2017-05-30 08:00:00,0.034748320625322814,22.838495325172076,-0.2221752028756574,-0.16850014430701915,-0.053675058568638245
1793,2017-05-30 10:00:00,0.035927708983550896,23.32941148631889,-0.18859483629110796,-0.1459938557290167,-0.042600980562091245
1794,2017-05-30 12:00:00,0.03490515,22.20013845,-0.21770984771410748,-0.19776592365071033,-0.01994392406339715
1795,2017-05-30 14:00:00,0.03397987641116,21.882475525931103,-0.24405488163569897,-0.21232933387319144,-0.03172554776250752
1796,2017-05-30 16:00:00,0.0345475259998434,22.006178414900244,-0.22789236727257955,-0.20665811516536103,-0.02123425210721852
1797,2017-05-30 18:00:00,0.0342478000025136,21.364000001568,-0.23642637457817633,-0.23609909477225735,-0.0003272798059189841
1798,2017-05-30 20:00:00,0.033556600000616,21.02813444038601,-0.2561067023387748,-0.2514970136872021,-0.004609688651572685
1799,2017-05-30 22:00:00,0.0324423999998484,20.115957199906003,-0.2878309806167917,-0.2933162199658672,0.005485239349075521
1800,2017-05-31 00:00:00,0.031051895170411195,20.84118478908973,-0.32742240237733927,-0.26006781076954283,-0.06735459160779644
1801,2017-05-31 02:00:00,0.03029019,19.55511852,-0.3491102023910545,-0.3190281401971825,-0.030082062193871995
1802,2017-05-31 04:00:00,0.02955790183971,19.273799747763924,-0.3699604208085132,-0.3319253352203893,-0.03803508558812391
1803,2017-05-31 06:00:00,0.030059136432897007,19.643876883024603,-0.3556889204442353,-0.31495897016359425,-0.040729950280641025
1804,2017-05-31 08:00:00,0.03039255,20.14057395,-0.3461957371942311,-0.2921876531650232,-0.05400808402920787
1805,2017-05-31 10:00:00,0.0309183838442844,20.47568358636179,-0.33122382982339527,-0.2768243899886611,-0.054399439834734165
1806,2017-05-31 12:00:00,0.0310068908041818,20.348383664046032,-0.328703798030726,-0.2826605164280571,-0.046043281602668906
1807,2017-05-31 14:00:00,0.031829406299999995,20.9950928136,-0.3052845640876809,-0.25301182303019754,-0.05227274105748336
1808,2017-05-31 16:00:00,0.0336440399990964,21.71121835941689,-0.2536170498145326,-0.220180701409383,-0.033436348405149585
1809,2017-05-31 18:00:00,0.0354196380001618,21.580957767098578,-0.2030609871176358,-0.22615256119539787,0.023091574077762078
1810,2017-05-31 20:00:00,0.0335293900001543,21.32151946009812,-0.25688144441918875,-0.2380466357190404,-0.018834808700148364
1811,2017-05-31 22:00:00,0.033394399994984,21.091199996832,-0.26072497384462684,-0.24860574278385691,-0.012119231060769925
1812,2017-06-01 00:00:00,0.03422899,21.27927451,-0.2369619460678017,-0.23998337586556664,0.0030214297977649573
1813,2017-06-01 02:00:00,0.035324999714260015,22.90580981471745,-0.20575559429375703,-0.1654140790129983,-0.040341515280758744
1814,2017-06-01 04:00:00,0.034397884033295995,23.368436789322853,-0.23215307754501632,-0.14420472185899014,-0.08794835568602619
1815,2017-06-01 06:00:00,0.0351283364130649,23.17321732171082,-0.21135512874887205,-0.1531546526656202,-0.05820047608325185
1816,2017-06-01 08:00:00,0.0342503433007365,23.089335300496497,-0.23635396002018708,-0.15700026445306972,-0.07935369556711735
1817,2017-06-01 10:00:00,0.0349566119849106,24.240257795536426,-0.21624458624496526,-0.10423566663707598,-0.11200891960788928
1818,2017-06-01 12:00:00,0.034556837439999995,23.800503905039996,-0.22762724546456173,-0.12439639619971929,-0.10323084926484244
1819,2017-06-01 14:00:00,0.034199999999999994,23.3472,-0.23778736953454585,-0.14517833272536254,-0.09260903680918331
1820,2017-06-01 16:00:00,0.034577999999082,22.034999999415003,-0.22702469034615383,-0.2053367756990678,-0.021687914647086026
1821,2017-06-01 18:00:00,0.034302658141556,22.431831719271198,-0.2348644154437334,-0.1871438337858812,-0.0477205816578522
1822,2017-06-01 20:00:00,0.034729848997735,22.85702461970932,-0.22270113991877355,-0.16765065984713123,-0.055050480071642316
1823,2017-06-01 22:00:00,0.034742074729668095,22.690648486116448,-0.22235304036597264,-0.1752782540709312,-0.04707478629504144
1824,2017-06-02 00:00:00,0.03515171,22.827345750000006,-0.2106896197058153,-0.16901130196733843,-0.041678317738476856
1825,2017-06-02 02:00:00,0.036208095,23.608798499999995,-0.18061149038824664,-0.13318522311002906,-0.04742626727821758
1826,2017-06-02 04:00:00,0.035370192384600006,23.93333990035156,-0.2044688371146107,-0.11830646581925636,-0.08616237129535434
1827,2017-06-02 06:00:00,0.0354840036840775,24.10548201484941,-0.20122832254512638,-0.11041452741522091,-0.09081379512990546
1828,2017-06-02 08:00:00,0.035060955776332,24.349165739542,-0.21327363715740882,-0.09924272932879838,-0.11403090782861044
1829,2017-06-02 10:00:00,0.035496720779775,25.01170078153357,-0.2008662325410719,-0.06886849024637001,-0.13199774229470188
1830,2017-06-02 12:00:00,0.035354771999845214,23.674633331896338,-0.20490789704709866,-0.1301669934357767,-0.07474090361132196
1831,2017-06-02 14:00:00,0.03586716,23.15707114,-0.19031882911312942,-0.15389488216665695,-0.03642394694647247
1832,2017-06-02 16:00:00,0.036247981,23.116551941999997,-0.17947582842223953,-0.15575250437450383,-0.023723324047735694
1833,2017-06-02 18:00:00,0.036340379998910086,23.620850219291572,-0.17684497978463914,-0.13263270621670928,-0.044212273567929866
1834,2017-06-02 20:00:00,0.036813709249226015,23.900331008888745,-0.16336801977404608,-0.11981977439554474,-0.04354824537850134
1835,2017-06-02 22:00:00,0.03691464,23.87621096,-0.16049424915642166,-0.12092556968966879,-0.03956867946675287
1836,2017-06-03 00:00:00,0.0377451999987392,24.05300894919656,-0.13684596652454273,-0.11282018046073626,-0.024025786063806467
1837,2017-06-03 02:00:00,0.03848294708023001,24.16223287129392,-0.11584031790141833,-0.10781275698418608,-0.008027560917232252
1838,2017-06-03 04:00:00,0.0383603,24.0441509,-0.11933241097314914,-0.11322628200563173,-0.006106128967517416
1839,2017-06-03 06:00:00,0.038822950000162094,24.08962850010058,-0.10615951800926889,-0.11114133945799268,0.004981821448723792
1840,2017-06-03 08:00:00,0.043297425,24.10049265,0.021240849918477654,-0.11064326725719204,0.1318841171756697
1841,2017-06-03 10:00:00,0.0452537943,24.224138289779997,0.07694395891597494,-0.10497467316609603,0.18191863208207099
1842,2017-06-03 12:00:00,0.03999371998346,24.35965738992569,-0.07282453979700533,-0.0987617345482573,0.025937194751251974
1843,2017-06-03 14:00:00,0.04335819,24.48397038,0.02297099331125773,-0.09306254546050996,0.1160335387717677
1844,2017-06-03 16:00:00,0.0414911361283488,24.490486407030808,-0.030189064616857407,-0.09276381505327531,0.06257475043641791
1845,2017-06-03 18:00:00,0.0432279412462768,24.87357255480618,0.019262460098519577,-0.0752010455328615,0.09446350563138108
1846,2017-06-03 20:00:00,0.042750413217432,25.027621499425496,0.005665949541896999,-0.06813859724303596,0.07380454678493296
1847,2017-06-03 22:00:00,0.041371819294866,25.285105537555506,-0.03358633658423541,-0.05633411711990083,0.022747780535665417
1848,2017-06-04 00:00:00,0.0406021513143801,25.469712490447773,-0.05550085927117878,-0.0478707221776909,-0.007630137093487879
1849,2017-06-04 02:00:00,0.0413645579069758,25.412216739431113,-0.03379308787660161,-0.050506642660257645,0.016713554783656034
1850,2017-06-04 04:00:00,0.0420573178451954,25.437489052563187,-0.014068344522805597,-0.04934802125521899,0.03527967673241339
1851,2017-06-04 06:00:00,0.0443708370069608,25.76954991240705,0.05180378403473066,-0.034124530711238714,0.08592831474596938
1852,2017-06-04 08:00:00,0.04243654668949501,26.23150179713139,-0.0032706767976903887,-0.01294612337897571,0.009675446581285323
1853,2017-06-04 10:00:00,0.0427383990327594,26.199309110727004,0.005323873310004796,-0.01442201264003747,0.019745885950042265
1854,2017-06-04 12:00:00,0.0423362176290225,26.289724681683868,-0.006127315670073258,-0.010276867108168384,0.004149551438095127
1855,2017-06-04 14:00:00,0.04059948235133701,27.074079588300354,-0.05557685184543343,0.025682262521307123,-0.08125911436674055
1856,2017-06-04 16:00:00,0.0406268934,26.967988245999997,-0.05479638538063533,0.02081845367895496,-0.0756148390595903
1857,2017-06-04 18:00:00,0.040772829032166,26.601839310913505,-0.05064120444155528,0.00403217885692802,-0.0546733832984833
1858,2017-06-04 20:00:00,0.041616116041053614,28.038278124102945,-0.02663054951447166,0.0698864102164382,-0.09651695973090986
1859,2017-06-04 22:00:00,0.041773311000000014,28.575155083500004,-0.022154785183039708,0.09449979379469264,-0.11665457897773235
1860,2017-06-05 00:00:00,0.0432865728171072,29.105335450002666,0.020931859010401854,0.11880616883646174,-0.09787430982605988
1861,2017-06-05 02:00:00,0.043966168200138,28.34572140809897,0.04028177198192569,0.08398129610249072,-0.043699524120565034
1862,2017-06-05 04:00:00,0.043743585754225,28.5958069159048,0.03394424959000234,0.09544658702855371,-0.06150233743855137
1863,2017-06-05 06:00:00,0.044894955002683486,29.534305501765342,0.06672683657051236,0.138472508102494,-0.07174567153198165
1864,2017-06-05 08:00:00,0.0433702956548403,30.761449596845022,0.023315673945458856,0.19473152199630495,-0.1714158480508461
1865,2017-06-05 10:00:00,0.0457830073616966,30.75679278777154,0.09201208171803742,0.1945180283345449,-0.10250594661650748
1866,2017-06-05 12:00:00,0.05332817,30.37202531,0.3068432063146355,0.17687817742817674,0.12996502888645878
1867,2017-06-05 14:00:00,0.05267674,30.14204308,0.2882952377412993,0.16633453098536877,0.12196070675593051
1868,2017-06-05 16:00:00,0.0518370029941362,29.712677860138907,0.2643856609723,0.14665007504695185,0.11773558592534814
1869,2017-06-05 18:00:00,0.0496506524801788,29.888301441104,0.20213436670710005,0.1547016229631357,0.04743274374396436
1870,2017-06-05 20:00:00,0.05023565,28.59873475,0.2187908234455419,0.09558081499713626,0.12321000844840564
1871,2017-06-05 22:00:00,0.0576879542414065,27.934752767444788,0.4309780191051642,0.06514024022552543,0.36583777887963875
1872,2017-06-06 00:00:00,0.05064575317286309,28.241314777033573,0.23046756655238376,0.07919472366061882,0.15127284289176496
1873,2017-06-06 02:00:00,0.0505817199998166,29.79246759989198,0.2286443694608817,0.1503080742137574,0.07833629524712432
1874,2017-06-06 04:00:00,0.055379720999799015,30.214128797690343,0.36525639494713413,0.16963933553875984,0.1956170594083743
1875,2017-06-06 06:00:00,0.05499452,30.5091339,0.3542886838520205,0.18316398697629652,0.171124696875724
1876,2017-06-06 08:00:00,0.0558508080007912,31.370252472444403,0.3786695120736255,0.22264238395152924,0.15602712812209624
1877,2017-06-06 10:00:00,0.056398,31.6731168,0.39424954370389387,0.23652734536739595,0.15772219833649792
1878,2017-06-06 12:00:00,0.05467319,31.88754192,0.3451395523387804,0.24635776858634062,0.09878178375243979
1879,2017-06-06 14:00:00,0.052982100000000004,30.7941228,0.29698966029407403,0.1962294407799437,0.10076021951413033
1880,2017-06-06 16:00:00,0.05406718,30.49347447,0.32788481363296773,0.18244607284260064,0.1454387407903671
1881,2017-06-06 18:00:00,0.056037146,31.948500936,0.3839750573407197,0.2491524641252327,0.13482259321548698
1882,2017-06-06 20:00:00,0.057347800000404,31.286773650220407,0.4212929106941279,0.2188152570165838,0.20247765367754408
1883,2017-06-06 22:00:00,0.05643618,33.2982,0.3953366312499542,0.31103006977765557,0.08430656147229865
1884,2017-06-07 00:00:00,0.057712640000614414,33.47719186035639,0.43168088923088355,0.3192360380898084,0.11244485114107516
1885,2017-06-07 02:00:00,0.0575586183948744,36.646117741067954,0.42729547882165997,0.4645169760548261,-0.037221497233166145
1886,2017-06-07 04:00:00,0.0565111921495815,36.673952630317466,0.3974724294064039,0.46579307999999425,-0.06832065059359033
1887,2017-06-07 06:00:00,0.05964560535750951,37.4877239285476,0.48671762486331965,0.5031008183145734,-0.016383193451253775
1888,2017-06-07 08:00:00,0.06802182000000001,37.87224336,0.7252110408135095,0.520729297417605,0.20448174339590452
1889,2017-06-07 10:00:00,0.06714400000000001,35.490364,0.7002171385169527,0.41153088743061766,0.288686251086335
1890,2017-06-07 12:00:00,0.059120960677927215,37.3085264676948,0.4717795762179387,0.49488542414833336,-0.023105847930394663
1891,2017-06-07 14:00:00,0.0610775,37.097527500000005,0.5274875262022847,0.4852120745370554,0.04227545166522928
1892,2017-06-07 16:00:00,0.0595489530377118,36.48977254960398,0.48396567271167173,0.45734925521904984,0.02661641749262189
1893,2017-06-07 18:00:00,0.0639077981435472,34.842498435013155,0.6080737457802674,0.38182917760855317,0.22624456817171423
1894,2017-06-07 20:00:00,0.06064686,33.20104878,0.5152260442526945,0.30657612516129346,0.20864991909140101
1895,2017-06-07 22:00:00,0.061375699962304,33.87232288268753,0.5359780831759958,0.33735101070332174,0.19862707247267408
1896,2017-06-08 00:00:00,0.061711767999999986,33.896624968599994,0.5455468463611238,0.33846515157274365,0.20708169478838018
1897,2017-06-08 02:00:00,0.0619468199997698,34.21181321987286,0.5522394105734418,0.3529151092253327,0.19932430134810913
1898,2017-06-08 04:00:00,0.06733751039625961,35.723627328805804,0.7057269012672666,0.4222249574333342,0.28350194383393235
1899,2017-06-08 06:00:00,0.065385895,35.47710347999999,0.6501591487273738,0.4109229524848269,0.23923619624254688
1900,2017-06-08 08:00:00,0.06657865999855403,35.64397685722586,0.6841203843299029,0.41857334308320865,0.2655470412466942
1901,2017-06-08 10:00:00,0.06634061100291959,35.89714183657981,0.6773424875644148,0.43017981387014237,0.24716267369427247
1902,2017-06-08 12:00:00,0.06137752348,35.727615196,0.5360300036416151,0.42240778313146093,0.11362222051015419
1903,2017-06-08 14:00:00,0.06228528,35.30430426,0.5618762793814505,0.4030008887615868,0.15887539061986367
1904,2017-06-08 16:00:00,0.0627209700004628,34.20648289525239,0.5742815484607081,0.3526707379179339,0.2216108105427742
1905,2017-06-08 18:00:00,0.061138424999776515,34.1389032248752,0.5292222252201152,0.3495725152805649,0.17964970993955032
1906,2017-06-08 20:00:00,0.06298319999999999,34.5,0.5817479436073882,0.3661271713883607,0.21562077221902753
1907,2017-06-08 22:00:00,0.0642634,35.1288,0.6181986894551158,0.39495481117269365,0.22324387828242215
1908,2017-06-09 00:00:00,0.0640240601720148,35.850999336514874,0.6113840392120856,0.42806438866241237,0.18331965054967325
1909,2017-06-09 02:00:00,0.0628968158,35.7449177995,0.5792883525126697,0.42320102934811027,0.15608732316455948
1910,2017-06-09 04:00:00,0.0645516200002317,35.80519838012852,0.62640508999931,0.425964621689633,0.200440468309677
1911,2017-06-09 06:00:00,0.0663574999950125,35.5676199973267,0.6778233627076762,0.4150727259517906,0.26275063675588556
1912,2017-06-09 08:00:00,0.06533793,35.73825,0.6487934558476783,0.4228953408587016,0.22589811498897672
1913,2017-06-09 10:00:00,0.06540786,35.4959,0.6507845515023661,0.4117846880251565,0.23899986347720964
1914,2017-06-09 12:00:00,0.06628259750000001,35.7112828065,0.6756906867124716,0.42165901684436896,0.2540316698681026
1915,2017-06-09 14:00:00,0.06673999999788499,34.931999998893,0.6887141691374996,0.3859324200444033,0.3027817490930963
1916,2017-06-09 16:00:00,0.06635052,34.61841936,0.6776246234292671,0.37155616415803494,0.30606845927123216
1917,2017-06-09 18:00:00,0.06875511100253011,34.532982180473404,0.7460898128535421,0.36763925538643505,0.3784505574671071
1918,2017-06-09 20:00:00,0.0657343399997676,34.226377389879,0.6600803173951135,0.3535828106354707,0.3064975067596428
1919,2017-06-09 22:00:00,0.0659812168348641,34.493701651986406,0.6671095665528964,0.3658384205808348,0.3012711459720616
1920,2017-06-10 00:00:00,0.0660574101570624,34.524978941391055,0.6692789958785832,0.36727234302419925,0.30200665285438394
1921,2017-06-10 02:00:00,0.06769955880937319,34.72695362961157,0.7160353957923219,0.37653197018319107,0.3395034256091308
1922,2017-06-10 04:00:00,0.0675098624018781,34.06960201435206,0.7106342275859243,0.3463953678034984,0.36423885978242593
1923,2017-06-10 06:00:00,0.0679092144131352,33.034989322716825,0.7220048561331133,0.2989630491159035,0.4230418070172098
1924,2017-06-10 08:00:00,0.068089853462765,33.320695735327035,0.7271481369394175,0.3120613976318086,0.41508673930760887
1925,2017-06-10 10:00:00,0.0696637199973281,33.49259003871541,0.7719603608494336,0.31994197501580834,0.4520183858336253
1926,2017-06-10 12:00:00,0.0696018836058,33.3625701511011,0.7701997120510183,0.3139811504532371,0.45621856159778124
1927,2017-06-10 14:00:00,0.0745313499800518,33.10209693189721,0.9105549112173754,0.3020396298796437,0.6085152813377317
1928,2017-06-10 16:00:00,0.08374083545363059,32.130927026076606,1.1727737945057342,0.25751587635804557,0.9152579181476885
1929,2017-06-10 18:00:00,0.08488050000089999,32.96846329884957,1.2052231170835985,0.2959131314118177,0.9093099856717808
1930,2017-06-10 20:00:00,0.08257722445150201,33.12556164903762,1.1396426517903708,0.3031153811731633,0.8365272706172076
1931,2017-06-10 22:00:00,0.07732505605055001,32.84717768263404,0.9900992558111757,0.2903527337412035,0.6997465220699722
1932,2017-06-11 00:00:00,0.08154951166164,33.6651470087306,1.110380897605307,0.32785293267146,0.7825279649338469
1933,2017-06-11 02:00:00,0.09253100654142812,33.580938635041,1.4230536666189575,0.32399235909711477,1.0990613075218427
1934,2017-06-11 04:00:00,0.09522034927131437,34.198780723796375,1.4996265055070348,0.3523176281464784,1.1473088773605564
1935,2017-06-11 06:00:00,0.09162122256879901,33.13992684977177,1.39714966383608,0.3037739607409013,1.0933757030951787
1936,2017-06-11 08:00:00,0.09865759061783999,31.95723207416653,1.5974940345958533,0.24955274737264369,1.3479412872232095
1937,2017-06-11 10:00:00,0.104013922113376,32.71203932882378,1.750003234736425,0.2841572506230579,1.465845984113367
1938,2017-06-11 12:00:00,0.12236,32.90095375,2.2723655393356603,0.29281812352975933,1.979547415805901
1939,2017-06-11 14:00:00,0.100096,33.80807168,1.6384494281391286,0.3344053832752265,1.3040440448639021
1940,2017-06-11 16:00:00,0.10010406396576,33.87774123641232,1.6386790309874668,0.33759941774753677,1.30107961323993
1941,2017-06-11 18:00:00,0.09136215353959198,33.2515486081497,1.3897732700377339,0.30889131418017096,1.0808819558575629
1942,2017-06-11 20:00:00,0.1051999001838056,33.31672333671679,1.7837712281954214,0.31187928109838636,1.471891947097035
1943,2017-06-11 22:00:00,0.100066997,33.532312651,1.6376236345273323,0.32176307736668736,1.315860557160645
1944,2017-06-12 00:00:00,0.096348,34.220856000000005,1.531733762276543,0.3533296798489877,1.1784040824275552
1945,2017-06-12 02:00:00,0.0960455641374268,33.812655586040364,1.523122597800763,0.3346155346622127,1.1885070631385504
1946,2017-06-12 04:00:00,0.09105641133293599,32.768795533583344,1.3810679650309061,0.28675926625018033,1.0943086987807258
1947,2017-06-12 06:00:00,0.09495343,32.93937085,1.4920265941490123,0.29457937403923584,1.1974472201097766
1948,2017-06-12 08:00:00,0.0882819,32.8732425,1.3020701463709399,0.29154768788571755,1.0105224584852224
1949,2017-06-12 10:00:00,0.077385,30.0407625,0.9918060216809698,0.16169127386484022,0.8301147478161295
1950,2017-06-12 12:00:00,0.08213184,30.55451112,1.1269613555505418,0.18524432754972925,0.9417170280008125
1951,2017-06-12 14:00:00,0.08362383999999999,29.79,1.1694426184819655,0.15019494590456856,1.019247672577397
1952,2017-06-12 16:00:00,0.07691515,27.987,0.9784281253080949,0.06753553984357549,0.9108925854645193
1953,2017-06-12 18:00:00,0.07662057947394689,28.528954677012024,0.9700409081706216,0.09238171383902272,0.8776591943315989
1954,2017-06-12 20:00:00,0.07816749,30.27488,1.0140856218359366,0.17242450375861976,0.8416611180773169
1955,2017-06-12 22:00:00,0.0792397651378932,30.826891109777407,1.0446161862244552,0.19773171977263534,0.8468844664518198
1956,2017-06-13 00:00:00,0.07648441572249719,30.663825809023127,0.9661639590237959,0.19025591227984223,0.7759080467439536
1957,2017-06-13 02:00:00,0.07364073553016401,30.53113450689395,0.8851967164343936,0.18417261542822957,0.701024101006164
1958,2017-06-13 04:00:00,0.0793178400006092,31.494025920241885,1.0468391880819439,0.22831683746293316,0.8185223506190107
1959,2017-06-13 06:00:00,0.08453421825960589,32.938916089658,1.1953635422174684,0.294558525331654,0.9008050168858144
1960,2017-06-13 08:00:00,0.0775827,32.271262199999995,0.9974350737463471,0.26394961020495267,0.7334854635413944
1961,2017-06-13 10:00:00,0.07657540783920999,32.25464825423749,0.9687547499318143,0.2631879358349813,0.705566814096833
1962,2017-06-13 12:00:00,0.07989934951477601,32.2479092402003,1.0633963318945747,0.2628789824807103,0.8005173494138644
1963,2017-06-13 14:00:00,0.0797568,32.8848864,1.0593375628476935,0.2920815081065901,0.7672560547411034
1964,2017-06-13 16:00:00,0.0841974226,32.9981176936,1.1857740616746535,0.2972726514657105,0.888501410208943
1965,2017-06-13 18:00:00,0.08487007996851999,32.689943587874644,1.2049264306658447,0.283144260704404,0.9217821699614407
1966,2017-06-13 20:00:00,0.0837894363502854,32.321299756528084,1.1741575930777826,0.266243606158006,0.9079139869197765
1967,2017-06-13 22:00:00,0.08298001560018,32.656651300716,1.151111201852998,0.28161795971552683,0.8694932421374713
1968,2017-06-14 00:00:00,0.08275673196014899,33.24431379705065,1.144753714573881,0.30855963077007076,0.8361940838038103
1969,2017-06-14 02:00:00,0.084384800000313,33.225153520123236,1.1911092014937574,0.30768121861766684,0.8834279828760906
1970,2017-06-14 04:00:00,0.08837239205868201,33.702271988429445,1.3046466992784977,0.32955494530148377,0.975091753977014
1971,2017-06-14 06:00:00,0.08550326400000001,35.49389351200001,1.2229548873181784,0.41169269961342725,0.8112621877047511
1972,2017-06-14 08:00:00,0.093499000003515,34.25093140128763,1.4506150505189657,0.35470850115097396,1.0959065493679918
1973,2017-06-14 10:00:00,0.0934064974050768,33.33311997320825,1.4479812521234607,0.3126309928198405,1.1353502593036202
1974,2017-06-14 12:00:00,0.08096543,31.33735982,1.093750517818744,0.22113440440919702,0.8726161134095471
1975,2017-06-14 14:00:00,0.08350769999999999,31.3248,1.1661357995296495,0.2205585933934272,0.9455772061362223
1976,2017-06-14 16:00:00,0.0776815,30.8270079,1.0002481761442188,0.19773707407681362,0.8025111020674052
1977,2017-06-14 18:00:00,0.07718744832207,30.597059940788668,0.9861811927448518,0.18719499879486892,0.7989861939499829
1978,2017-06-14 20:00:00,0.0747479499984395,30.2967499993675,0.9167220977670265,0.1734271444454039,0.7432949533216227
1979,2017-06-14 22:00:00,0.07217624866404959,29.64598838603771,0.8434988266093105,0.14359266388792533,0.6999061627213852
1980,2017-06-15 00:00:00,0.0724881341419326,30.442291038831602,0.8523790471122871,0.1800995437130702,0.6722795033992168
1981,2017-06-15 02:00:00,0.07247261208537681,30.441069925723266,0.8519370923094834,0.1800435611926773,0.6718935311168062
1982,2017-06-15 04:00:00,0.06659563914775521,27.292831220391502,0.6846038264891302,0.03571103677728449,0.6488927897118457
1983,2017-06-15 06:00:00,0.070265,28.356509999999997,0.7890804237776591,0.08447590431035164,0.7046045194673074
1984,2017-06-15 08:00:00,0.06919873800255001,27.665271015986143,0.7587210697109982,0.05278571913853277,0.7059353505724654
1985,2017-06-15 10:00:00,0.0661673360018192,25.949882061713467,0.6724088810756829,-0.02585711620465487,0.6982659972803378
1986,2017-06-15 12:00:00,0.05920700352028881,23.596697040115103,0.47422944794027794,-0.13374002038487995,0.6079694683251579
1987,2017-06-15 14:00:00,0.0641156399976352,25.023687929077038,0.6139915637773632,-0.068318933676038,0.6823104974534012
1988,2017-06-15 16:00:00,0.06596544,25.26044331,0.6666603575246876,-0.05746476885693865,0.7241251263816262
1989,2017-06-15 18:00:00,0.0675209171706678,26.480850965692554,0.710948986660724,-0.0015145902813227825,0.7124635769420469
1990,2017-06-15 20:00:00,0.0719577092022516,27.536124536537965,0.8372764188763799,0.04686493639529672,0.7904114824810832
1991,2017-06-15 22:00:00,0.07211265167843449,27.887436949875198,0.8416880489500873,0.0629710237099444,0.778717025240143
1992,2017-06-16 00:00:00,0.07025267648168,27.07232506842631,0.7887295399827584,0.02560182571004217,0.7631277142727162
1993,2017-06-16 02:00:00,0.0730780500024292,27.34042430557146,0.8691755422712505,0.03789296476041571,0.8312825775108348
1994,2017-06-16 04:00:00,0.07681023166950203,27.76117177385743,0.9754408175438788,0.05718233571448383,0.918258481829395
1995,2017-06-16 06:00:00,0.07614810000000001,28.2658287,0.9565881435845369,0.08031857630212177,0.8762695672824151
1996,2017-06-16 08:00:00,0.0775048986289564,28.730734245661825,0.9952198589341966,0.10163239564702933,0.8935874632871673
1997,2017-06-16 10:00:00,0.07452115000000001,28.2310523,0.9102644902827404,0.07872423544303171,0.8315402548397086
1998,2017-06-16 12:00:00,0.07879490591310011,28.53973848710837,1.031949844605216,0.0928761028227379,0.9390737417824782
1999,2017-06-16 14:00:00,0.07707466836760601,28.266296855685074,0.9829700433487535,0.0803400391256782,0.9026300042230753
2000,2017-06-16 16:00:00,0.0783583,28.272785,1.0195184970235673,0.08063749123633253,0.9388810057872348
2001,2017-06-16 18:00:00,0.0793361722091159,29.04825628863699,1.0473611554879003,0.11618934710770604,0.9311718083801943
2002,2017-06-16 20:00:00,0.0785624447,28.121818551100002,1.0253310470750125,0.07371636145196704,0.9516146856230455
2003,2017-06-16 22:00:00,0.07645900000031397,27.850556000114373,0.9654403048839453,0.06128019875032427,0.904160106133621
2004,2017-06-17 00:00:00,0.07208136,27.568160568000003,0.8407970904922178,0.04833364373484378,0.7924634467573741
2005,2017-06-17 02:00:00,0.07486821675902798,28.446689422706953,0.9201464167204243,0.08861022351161633,0.831536193208808
2006,2017-06-17 04:00:00,0.07516910300000001,28.643374192000003,0.9287134592909209,0.09762733178172557,0.8310861275091953
2007,2017-06-17 06:00:00,0.076743621374973,28.79769441740969,0.9735442428549864,0.10470221707044623,0.8688420257845402
2008,2017-06-17 08:00:00,0.07929167151274201,29.321945137489877,1.0460941006733624,0.12873674460726048,0.9173573560661019
2009,2017-06-17 10:00:00,0.07775460494376811,29.87797484934892,1.002329671008696,0.15422819537516597,0.84810147563353
2010,2017-06-17 12:00:00,0.077674947458981,29.83664685188066,1.000061607633564,0.15233349336495147,0.8477281142686125
2011,2017-06-17 14:00:00,0.0787402621879947,30.278377564616104,1.030393990413691,0.17258485129818002,0.8578091391155109
2012,2017-06-17 16:00:00,0.07803576,30.893697999999997,1.0103349135477617,0.200794513930473,0.8095403996172887
2013,2017-06-17 18:00:00,0.0798041206480519,31.181407999801788,1.0606849092900381,0.21398471786914436,0.8467001914208938
2014,2017-06-17 20:00:00,0.07874553000000001,31.390915000000003,1.0305439792252666,0.22358966750974604,0.8069543117155206
2015,2017-06-17 22:00:00,0.07771907280941319,31.68294522860598,1.0013179753370833,0.2369779344251238,0.7643400409119595
2016,2017-06-18 00:00:00,0.07893184319999999,31.632118875,1.035848818392019,0.23464777568895276,0.8012010427030661
2017,2017-06-18 02:00:00,0.07970527784673602,31.979403102187405,1.0578705882232966,0.250569188863474,0.8073013993598226
2018,2017-06-18 04:00:00,0.07923028782158001,31.916374919605595,1.0443463414750016,0.24767963138298804,0.7966667100920135
2019,2017-06-18 06:00:00,0.0739267099996959,29.415877919878998,0.893339180664862,0.13304313839646806,0.7602960422683939
2020,2017-06-18 08:00:00,0.07566904689020999,30.194739235665,0.9429482098612755,0.16875041170026978,0.7741977981610058
2021,2017-06-18 10:00:00,0.0782104383753516,30.420220448611804,1.015308477885393,0.17908770684175346,0.8362207710436395
2022,2017-06-18 12:00:00,0.08103886790288801,29.621996447381076,1.095841492927134,0.14249274186928457,0.9533487510578496
2023,2017-06-18 14:00:00,0.07852300000000001,29.55565192,1.0242079501098982,0.13945114495929176,0.8847568051506064
2024,2017-06-18 16:00:00,0.07865811999968901,30.041053547881226,1.0280551808297926,0.1617046170955654,0.8663505637342273
2025,2017-06-18 18:00:00,0.07776131425001291,29.554235074430483,1.002520703048021,0.1393861889896543,0.8631345140583667
2026,2017-06-18 20:00:00,0.0764374951781106,29.539083789222477,0.9648280046116163,0.13869157099944104,0.8261364336121753
2027,2017-06-18 22:00:00,0.076588379,29.868396121000004,0.9691240738540973,0.15378905394635786,0.8153350199077394
2028,2017-06-19 00:00:00,0.07608077947639649,30.01069228269105,0.9546713467588787,0.16031269022486086,0.7943586565340178
2029,2017-06-19 02:00:00,0.0774201244883787,30.732566755281944,0.9928061105724897,0.19340737417103718,0.7993987364014525
2030,2017-06-19 04:00:00,0.0787821707273025,31.38878957455276,1.0315872395272343,0.22349222635328678,0.8080950131739475
2031,2017-06-19 06:00:00,0.082811926359247,30.775113326801566,1.1463252479387769,0.19535794229735085,0.9509673056414261
2032,2017-06-19 08:00:00,0.08441651752391499,30.846349880368546,1.1920122849117667,0.19862381651126026,0.9933884684005064
2033,2017-06-19 10:00:00,0.08330807999999999,31.1258468,1.16045207988731,0.21143748782163918,0.9490145920656707
2034,2017-06-19 12:00:00,0.08431808,32.1141128,1.1892095031853922,0.25674502004031546,0.9324644831450768
2035,2017-06-19 14:00:00,0.08356796097639001,31.15097039893091,1.1678515920112371,0.2125892913522789,0.9552623006589582
2036,2017-06-19 16:00:00,0.0865305,32.64896502,1.2522030660102856,0.28126557846272443,0.9709374875475612
2037,2017-06-19 18:00:00,0.08888245075337799,31.83270218067729,1.3191694456054675,0.24384361424304898,1.0753258313624185
2038,2017-06-19 20:00:00,0.08801399111386399,32.3911955669046,1.2944420580106122,0.269448013352612,1.0249940446580001
2039,2017-06-19 22:00:00,0.0929380344874548,32.5911317759659,1.4346428497259258,0.2786141854497243,1.1560286642762014
2040,2017-06-20 00:00:00,0.0957423266324128,32.705224079827204,1.5144886084031968,0.28384480224024333,1.2306438061629534
2041,2017-06-20 02:00:00,0.0930400516514508,32.381101543908194,1.4375475534573146,0.26898524799174184,1.1685623054655727
2042,2017-06-20 04:00:00,0.10001530000000003,32.150814426000004,1.6361516815449162,0.25842762381548623,1.3777240577294299
2043,2017-06-20 06:00:00,0.0926073694,31.6924153,1.4252279231023268,0.2374120944233406,1.1878158286789862
2044,2017-06-20 08:00:00,0.0912761341866682,31.667432703924337,1.387324067123025,0.2362667552367205,1.1510573118863043
2045,2017-06-20 10:00:00,0.0901738440599047,31.822070949008513,1.3559388950709113,0.24335622029105897,1.1125826747798522
2046,2017-06-20 12:00:00,0.093553486468,31.884877195999998,1.4521664270766004,0.24623560302718553,1.2059308240494149
2047,2017-06-20 14:00:00,0.092523131321862,32.270585717124405,1.4228294378836819,0.2639185965207005,1.1589108413629814
2048,2017-06-20 16:00:00,0.0909000913291152,32.600149193586546,1.3766171130310723,0.2790275933170159,1.0975895197140564
2049,2017-06-20 18:00:00,0.0906379,31.65048665,1.3691518189355745,0.2354898552076228,1.1336619637279517
2050,2017-06-20 20:00:00,0.0887184,31.11213195,1.3144984783210516,0.21080872389750394,1.1036897544235478
2051,2017-06-20 22:00:00,0.08671000009782501,30.78847991473513,1.2573139177877122,0.1959707399787987,1.0613431778089135
2052,2017-06-21 00:00:00,0.08922761752867099,31.536389435845535,1.3289972743832248,0.23025901330234155,1.0987382610808831
2053,2017-06-21 02:00:00,0.08918184,31.51181154,1.3276938647104208,0.22913222779328948,1.0985616369171314
2054,2017-06-21 04:00:00,0.0871669600009714,29.99232576033424,1.2703247983471493,0.1594706681342231,1.1108541302129262
2055,2017-06-21 06:00:00,0.0885693986049424,30.62928489390253,1.3102560068461246,0.18867236733881518,1.1215836395073095
2056,2017-06-21 08:00:00,0.08886416999999999,30.556240000000006,1.3186489432657655,0.1853235888885818,1.1333253543771837
2057,2017-06-21 10:00:00,0.09054867988581247,30.46095263915,1.366611481717363,0.18095509379541433,1.1856563879219486
2058,2017-06-21 12:00:00,0.08786475478498401,30.037401946988602,1.2901928973363022,0.16153720768849048,1.1286556896478117
2059,2017-06-21 14:00:00,0.0883638302769898,29.573971733046307,1.3044029222682911,0.14029102563902343,1.1641118966292676
2060,2017-06-21 16:00:00,0.0844865212314075,28.692873276799496,1.1940054792175065,0.09989664123823627,1.0941088379792703
2061,2017-06-21 18:00:00,0.08603088,29.20599864,1.2379775374675257,0.12342112141404607,1.1145564160534795
2062,2017-06-21 20:00:00,0.07946399999692,28.379999998900004,1.0510007572731874,0.08555281465835386,0.9654479426148336
2063,2017-06-21 22:00:00,0.08001480000000001,29.474292600000002,1.0666835185020553,0.13572118762777424,0.9309623308742812
2064,2017-06-22 00:00:00,0.0798781624668846,29.727152496455364,1.0627930795137333,0.14731367174183108,0.9154794077719022
2065,2017-06-22 02:00:00,0.0815885999965614,29.56085999875414,1.1114938478957543,0.13968991184588972,0.9718039360498646
2066,2017-06-22 04:00:00,0.07864741198439999,28.83875329833096,1.0277502947621207,0.10658458130254894,0.9211657134595717
2067,2017-06-22 06:00:00,0.081666,29.276026,1.113697634689969,0.12663155956469466,0.9870660751252743
2068,2017-06-22 08:00:00,0.07958297000030409,29.977211600114547,1.054388154052485,0.15877775215703482,0.8956104018954503
2069,2017-06-22 10:00:00,0.08088929359999998,30.0737892837,1.0915827092215236,0.1632054027193864,0.9283773065021371
2070,2017-06-22 12:00:00,0.08268374685118031,30.51544865810884,1.1426756317292583,0.18345349011256706,0.9592221416166913
2071,2017-06-22 14:00:00,0.08450135999906039,30.980999099655513,1.194427978942869,0.20479687502087593,0.9896311039219929
2072,2017-06-22 16:00:00,0.08174909999999999,31.9810872,1.1160637157553852,0.25064639714130976,0.8654173186140754
2073,2017-06-22 18:00:00,0.08219475000000001,31.13809776,1.1287525728769603,0.21199913900149328,0.916753433875467
2074,2017-06-22 20:00:00,0.0811068349860155,31.052773961031367,1.0977766990457805,0.20808742821634915,0.8896892708294313
2075,2017-06-22 22:00:00,0.08100330400706099,30.60489288356285,1.094828892920771,0.18755410384058369,0.9072747890801873
2076,2017-06-23 00:00:00,0.08310977,30.6020599,1.1548056594771687,0.18742422434048064,0.9673814351366881
2077,2017-06-23 02:00:00,0.0833368192484487,30.936590074497236,1.1612703637812782,0.20276092180771405,0.9585094419735642
2078,2017-06-23 04:00:00,0.08185459699999999,30.750142301999997,1.1190674998006105,0.19421313360138187,0.9248543661992286
2079,2017-06-23 06:00:00,0.0812212499990925,30.286799999661604,1.1010344029692567,0.17297098190186735,0.9280634210673894
2080,2017-06-23 08:00:00,0.08194140795337561,33.003706047037056,1.1215392417146035,0.2975288522288641,0.8240103894857393
2081,2017-06-23 10:00:00,0.081904429423653,32.59458374947854,1.1204863632669066,0.27877244284312036,0.8417139204237862
2082,2017-06-23 12:00:00,0.08385,32.25026875,1.1758820034850292,0.262987155347398,0.9128948481376312
2083,2017-06-23 14:00:00,0.0862760199996804,31.748549549882394,1.2449573342379225,0.2399855962286418,1.0049717380092806
2084,2017-06-23 16:00:00,0.08475822,31.726660000000006,1.2017414757501619,0.23898205923905738,0.9627594165111045
2085,2017-06-23 18:00:00,0.08633872000000001,30.67244544,1.2467425723072105,0.19065108342627227,1.0560914888809383
2086,2017-06-23 20:00:00,0.087240779593488,31.09980313358562,1.2724266411884282,0.21024350335271885,1.0621831378357094
2087,2017-06-23 22:00:00,0.08544,31.078266,1.2211535906572575,0.20925612305851823,1.0118974675987393
2088,2017-06-24 00:00:00,0.0838572,31.3207044,1.1760870068986398,0.22037082863277088,0.9557161782658689
2089,2017-06-24 02:00:00,0.0837578601660451,31.12597181048685,1.1732585339724986,0.21144321898780347,0.9618153149846951
2090,2017-06-24 04:00:00,0.084286,31.2199364,1.1882960990869738,0.21575107098997887,0.972545028096995
2091,2017-06-24 06:00:00,0.08429511856408442,30.502226045685802,1.1885557291931583,0.18284729305795633,1.005708436135202
2092,2017-06-24 08:00:00,0.0830414,30.51512945,1.152858981228763,0.18343885586260217,0.969420125366161
2093,2017-06-24 10:00:00,0.0840503841855496,30.2555800198981,1.1815874815504661,0.1715396868466886,1.0100477947037776
2094,2017-06-24 12:00:00,0.0781,28.579475,1.0121639995603053,0.0946978424536625,0.9174661571066428
2095,2017-06-24 14:00:00,0.07972790000030701,29.83428406011488,1.058514701932361,0.15222517003494307,0.906289531897418
2096,2017-06-24 16:00:00,0.07897525000000001,29.0975,1.037084727027282,0.11844694884564588,0.9186377781816362
2097,2017-06-24 18:00:00,0.0768616203003103,28.480165578114978,0.9769039904239404,0.09014495402921634,0.8867590363947241
2098,2017-06-24 20:00:00,0.07756421794435679,28.727245386333408,0.9969088397883763,0.10147244720558878,0.8954363925827875
2099,2017-06-24 22:00:00,0.0761308887898727,28.396996762365212,0.9560980940250288,0.08633203949085153,0.8697660545341772
2100,2017-06-25 00:00:00,0.075567856,27.752239424000003,0.940067032372485,0.05677282781989481,0.8832942045525902
2101,2017-06-25 02:00:00,0.0749794751806665,28.350382388851102,0.9233142439744197,0.08419498101687392,0.8391192629575458
2102,2017-06-25 04:00:00,0.0762611470117002,28.97116442917841,0.9598068968202256,0.11265503356639502,0.8471518632538305
2103,2017-06-25 06:00:00,0.07663160379450999,28.547357798082825,0.9703548003023116,0.09322541381538485,0.8771293864869267
2104,2017-06-25 08:00:00,0.0782373400003049,28.86388194011248,1.016074439683599,0.10773661602511132,0.9083378236584877
2105,2017-06-25 10:00:00,0.0795065472866304,29.14114242043971,1.0522121933329776,0.12044775669512484,0.9317644366378527
2106,2017-06-25 12:00:00,0.08503236000000003,29.314002060000004,1.2095469807233672,0.12837259038229687,1.0811743903410704
2107,2017-06-25 14:00:00,0.0801874800009531,28.30544848033644,1.0716001837322746,0.08213496427265822,0.9894652194596164
2108,2017-06-25 16:00:00,0.08274914056857459,28.167046831285873,1.144537567186825,0.07578987380766547,1.0687476933791595
2109,2017-06-25 18:00:00,0.08071206,26.6735076,1.0865363907484122,0.007317846194308664,1.0792185445541036
2110,2017-06-25 20:00:00,0.07313135999999999,25.49402428,0.870693421643689,-0.04675613644021608,0.917449558083905
2111,2017-06-25 22:00:00,0.07333753862203499,26.57427282317049,0.8765638829396055,0.002768379908494663,0.8737955030311109
2112,2017-06-26 00:00:00,0.074425,26.926775,0.9075268405301555,0.01892901250524146,0.888597828024914
2113,2017-06-26 02:00:00,0.0769475444514357,26.80180879165668,0.9793504826867538,0.013199876310370052,0.9661506063763838
2114,2017-06-26 04:00:00,0.0759720772875896,26.700376734511558,0.9515763023460592,0.008549674646942182,0.9430266276991169
2115,2017-06-26 06:00:00,0.06974496000000001,24.52854972,0.7742734827757441,-0.0910187840811471,0.8652922668568912
2116,2017-06-26 08:00:00,0.0715004135341938,24.81248882706555,0.8242559781845806,-0.07800145854175329,0.902257436726334
2117,2017-06-26 10:00:00,0.0703944826226666,24.65232633370781,0.7927671431734702,-0.08534418542705484,0.878111328600525
2118,2017-06-26 12:00:00,0.0667677100011068,24.599473280407786,0.6895031476446688,-0.08776725918983348,0.7772704068345023
2119,2017-06-26 14:00:00,0.05894307167722501,23.0080697477887,0.4667145967196555,-0.16072592297777571,0.6274405196974312
2120,2017-06-26 16:00:00,0.059432892049025986,22.54264482929958,0.48066110342451146,-0.18206355322086873,0.6627246566453802
2121,2017-06-26 18:00:00,0.0543377120014586,21.104937216566526,0.33558758915932646,-0.24797595330843522,0.5835635424677617
2122,2017-06-26 20:00:00,0.0620695747546942,23.27099935286563,0.555734569434049,-0.14867178820710986,0.7044063576411588
2123,2017-06-26 22:00:00,0.0651758115110232,24.431851171627198,0.6441775053407957,-0.09545197574806674,0.7396294810888624
2124,2017-06-27 00:00:00,0.06591272523992,24.613822912010733,0.6651594261685715,-0.08710939339643711,0.7522688195650086
2125,2017-06-27 02:00:00,0.0663363300506906,25.10345531936165,0.6772205973115755,-0.06466195913141157,0.7418825564429871
2126,2017-06-27 04:00:00,0.0641921882054859,24.68464676642923,0.6161710976544644,-0.08386243957437217,0.7000335372288367
2127,2017-06-27 06:00:00,0.056940985022915,23.309082734359965,0.40970979137566177,-0.14692583718375102,0.5566356285594127
2128,2017-06-27 08:00:00,0.058255858000499615,22.977668238197055,0.4471477703851768,-0.16211969487250835,0.6092674652576852
2129,2017-06-27 10:00:00,0.05795388,23.08454676,0.43854964247718087,-0.15721979740555977,0.5957694398827407
2130,2017-06-27 12:00:00,0.054588910000964,21.623935707381865,0.3427398735191365,-0.2241822167597122,0.5669220902788487
2131,2017-06-27 14:00:00,0.0567452241540848,21.32854963538198,0.4041359516032355,-0.2377243339367506,0.6418602855399861
2132,2017-06-27 16:00:00,0.05509826,21.87500553,0.35724244136978606,-0.2126717994455392,0.5699142408153253
2133,2017-06-27 18:00:00,0.05691983512300599,23.599701932746743,0.40910759669804236,-0.13360225963046593,0.5427098563285083
2134,2017-06-27 20:00:00,0.05848811573483589,24.60525668827298,0.45376077432632694,-0.08750211606218762,0.5412628903885146
2135,2017-06-27 22:00:00,0.06076709999999999,25.38865,0.5186496012599828,-0.051587071214983155,0.570236672474966
2136,2017-06-28 00:00:00,0.05703875999976441,24.65553662989816,0.41249370860063067,-0.08519700784725757,0.49769071644788826
2137,2017-06-28 02:00:00,0.05983764899975901,25.821907026496,0.49218562517210607,-0.03172419352118871,0.5239098186932948
2138,2017-06-28 04:00:00,0.058313518075199994,25.703724064777035,0.44878950818275876,-0.03714234849746088,0.48593185668021965
2139,2017-06-28 06:00:00,0.0600462516460311,26.16368825430069,0.49812510497403323,-0.016055068011963658,0.5141801729859969
2140,2017-06-28 08:00:00,0.0611572,26.2709941,0.5297568001001631,-0.011135579674538605,0.5408923797747017
2141,2017-06-28 10:00:00,0.0642112215390698,26.62842087505228,0.6167130279818365,0.005250823506891125,0.6114622044749454
2142,2017-06-28 12:00:00,0.065182,26.899834230000003,0.6443537083082032,0.017693899889032094,0.626659808419171
2143,2017-06-28 14:00:00,0.0631635,26.90022,0.5868815707565411,0.017711585701054255,0.5691699850554869
2144,2017-06-28 16:00:00,0.0632928248559938,27.17054571503641,0.590563798109786,0.030104798706003185,0.5604589994037829
2145,2017-06-28 18:00:00,0.06277420000603841,26.93282640259073,0.5757971502453587,0.019206441980552515,0.5565907082648062
2146,2017-06-28 20:00:00,0.064515,27.914085000000004,0.6253624198529352,0.06419271644205754,0.5611697034108776
2147,2017-06-28 22:00:00,0.065086700000518,27.55001900021925,0.6416402603622517,0.047501934795424916,0.5941383255668269
2148,2017-06-29 00:00:00,0.0645045722964558,27.74735134882267,0.6250655150164525,0.0565487316518749,0.5685167833645776
2149,2017-06-29 02:00:00,0.0650950199997423,28.00985411988912,0.6418771531736707,0.06858329801111931,0.5732938551625514
2150,2017-06-29 04:00:00,0.0638490185476705,28.028291369160492,0.6064001321961916,0.06942856261132457,0.536971569584867
2151,2017-06-29 06:00:00,0.06395069538320121,27.8468301805958,0.6092951458585343,0.0611093867544863,0.548185759104048
2152,2017-06-29 08:00:00,0.0626428,26.77989604,0.5720558377750449,0.012195275624234114,0.5598605621508108
2153,2017-06-29 10:00:00,0.059437149116663486,26.44399542286032,0.48078231361863044,-0.003204250448027194,0.48398656406665763
2154,2017-06-29 12:00:00,0.0587853127231236,26.235553608855337,0.4622227739254407,-0.012760366112989885,0.47498314003843056
2155,2017-06-29 14:00:00,0.059686153280445985,26.653625825517864,0.48787213356009407,0.006406356637940365,0.4814657769221537
2156,2017-06-29 16:00:00,0.062293658932736015,26.72726627940887,0.5621148501888522,0.009782438823571249,0.552332411365281
2157,2017-06-29 18:00:00,0.06062184,26.39781904,0.5145136573903997,-0.005321229028880662,0.5198348864192803
2158,2017-06-29 20:00:00,0.060274531570792,26.65405867772775,0.5046248499510666,0.0064262009566211295,0.4981986489944455
2159,2017-06-29 22:00:00,0.05768825428095031,26.126213046506802,0.4309865620399836,-0.01777313701820614,0.44875969905818974
2160,2017-06-30 00:00:00,0.060719085,26.686112207399997,0.5172824847454708,0.007895710510068906,0.5093867742354019
2161,2017-06-30 02:00:00,0.05832059558240099,26.496178534011694,0.4489910238960997,-0.000811890506714114,0.4498029144028138
2162,2017-06-30 04:00:00,0.0572688,26.4000804,0.4190435676721809,-0.005217555887177963,0.4242611235593589
2163,2017-06-30 06:00:00,0.0574837899983529,26.042379999253804,0.4251649126102881,-0.021616503570738584,0.4467814161810267
2164,2017-06-30 08:00:00,0.056675545406784,26.61522681832132,0.40215200979035526,0.00464593560177954,0.3975060741885757
2165,2017-06-30 10:00:00,0.058078497674535004,26.977349759826012,0.4420978436821569,0.02124763680302049,0.4208502068791364
2166,2017-06-30 12:00:00,0.05677890479235,29.0295234585472,0.40509493018892073,0.11533053146208017,0.28976439872684057
2167,2017-06-30 14:00:00,0.0659883899489472,28.633624308346075,0.6673138044519586,0.09718034365527106,0.5701334607966876
2168,2017-06-30 16:00:00,0.06944652,29.37690624,0.7657760912816056,0.13125646290451182,0.6345196283770937
2169,2017-06-30 18:00:00,0.070972685275716,29.19606535035769,0.8092301317336839,0.12296572495144743,0.6862644067822364
2170,2017-06-30 20:00:00,0.0666795929650227,28.742083279727296,0.6869942180343291,0.10215269759667872,0.5848415204376505
2171,2017-06-30 22:00:00,0.06473599566279599,27.557029977012,0.6316547622510187,0.04782335641361462,0.5838314058374041
2172,2017-07-01 00:00:00,0.061827999999999994,26.77266544,0.548856284801503,0.011863785274004167,0.5369924995274988
2173,2017-07-01 02:00:00,0.060367400255009,27.507775756200644,0.5072690717957835,0.04556527286493813,0.4617037989308454
2174,2017-07-01 04:00:00,0.0598467476195006,26.72017071569703,0.4924446874090736,0.009457139277210412,0.4829875481318632
2175,2017-07-01 06:00:00,0.0631157716502595,26.575363853189263,0.585522615947822,0.002818398706801131,0.5827042172410208
2176,2017-07-01 08:00:00,0.06523849,27.35276615,0.6459621309241521,0.038458782580804145,0.607503348343348
2177,2017-07-01 10:00:00,0.06566330000000001,26.64304147,0.658057617054111,0.0059211117457356995,0.6521365053083753
2178,2017-07-01 12:00:00,0.0635909699208,25.815091733323197,0.5990527920037128,-0.03203664392928379,0.6310894359329966
2179,2017-07-01 14:00:00,0.0607261378091988,25.801612802439784,0.517483297240095,-0.03265459202754227,0.5501378892676373
2180,2017-07-01 16:00:00,0.06085163094613921,25.24672103572053,0.5210564252202927,-0.05809387315075286,0.5791502983710456
2181,2017-07-01 18:00:00,0.0577141095,23.911757345500003,0.4317227298406534,-0.11929592847333755,0.551018658313991
2182,2017-07-01 20:00:00,0.0543403909666128,23.900230111419663,0.33566386652065333,-0.11982440008876015,0.4554882666094135
2183,2017-07-01 22:00:00,0.056270086110055406,24.053138735099182,0.3906074903585069,-0.11281423036332869,0.5034217207218356
2184,2017-07-02 00:00:00,0.05484739,23.50460814,0.35009949604029117,-0.1379618805004233,0.48806137654071446
2185,2017-07-02 02:00:00,0.0509278963746958,23.189045857390123,0.23850094426107643,-0.15242898580035869,0.3909299300614351
2186,2017-07-02 04:00:00,0.0532629312772536,23.354268870131694,0.30498568397261133,-0.14485425695907964,0.449839940931691
2187,2017-07-02 06:00:00,0.0515825,23.7537765,0.2571392745039794,-0.1265386366586086,0.383677911162588
2188,2017-07-02 08:00:00,0.054326,24.34877148,0.33525411689832374,-0.09926080434797502,0.43451492124629876
2189,2017-07-02 10:00:00,0.05440864,24.24185516,0.3376071005234263,-0.10416243469152857,0.4417695352149549
2190,2017-07-02 12:00:00,0.051890800000000015,24.184141720000003,0.2659174067839784,-0.10680833523070578,0.37272574201468417
2191,2017-07-02 14:00:00,0.05247,24.59896155,0.2824087925010563,-0.08779071971760444,0.37019951221866076
2192,2017-07-02 16:00:00,0.0550779122134149,24.83191170300931,0.3566630850212643,-0.0771110074105788,0.4337740924318431
2193,2017-07-02 18:00:00,0.054540000000000005,25.25551056,0.34134727391395714,-0.05769091316378681,0.39903818707774397
2194,2017-07-02 20:00:00,0.0544496257197787,25.8604966618949,0.3387740744767458,-0.029955033042994968,0.36872910751974075
2195,2017-07-02 22:00:00,0.0543767488209561,25.49456181856616,0.33669907266675253,-0.04673149272495614,0.38343056539170867
2196,2017-07-03 00:00:00,0.055309063437537,25.63704682741961,0.3632445836330951,-0.04019919865705743,0.40344378229015254
2197,2017-07-03 02:00:00,0.05677168,25.33562164,0.4048892208702575,-0.05401818199811595,0.4589074028683735
2198,2017-07-03 04:00:00,0.055112200000225486,25.466480000104198,0.3576393507631124,-0.04801891725916497,0.40565826802227734
2199,2017-07-03 06:00:00,0.053619868840704,25.394544730355808,0.31514865882719467,-0.051316824453973224,0.3664654832811679
2200,2017-07-03 08:00:00,0.0539217,25.4889504,0.32374260577019065,-0.04698875092009675,0.3707313566902874
2201,2017-07-03 10:00:00,0.055439999999999996,25.74631136,0.3669727006152181,-0.035189913373293115,0.4021626139885112
2202,2017-07-03 12:00:00,0.0566476853951745,28.032592194005552,0.4013587601399157,0.06962573600415045,0.3317330241357653
2203,2017-07-03 14:00:00,0.0593230051085152,28.48339997138953,0.4775323259361949,0.09029323635148048,0.3872390895847144
2204,2017-07-03 16:00:00,0.0578358000004572,28.184200000222802,0.43518758650699324,0.0765762691245764,0.35861131738241686
2205,2017-07-03 18:00:00,0.05842238999792911,28.704943788982497,0.45188938537800366,0.10045001970074259,0.3514393656772611
2206,2017-07-03 20:00:00,0.0581938006,28.982791294599995,0.4453808288654282,0.11318807282879072,0.33219275603663745
2207,2017-07-03 22:00:00,0.058947277159484,28.494565904029397,0.46683433813895686,0.09080514392781347,0.3760291942111434
2208,2017-07-04 00:00:00,0.05994846,28.9161873,0.495340713132516,0.11013458051879343,0.38520613261372255
2209,2017-07-04 02:00:00,0.06068250000000001,28.4744475,0.5162408111500647,0.08988280597553115,0.42635800517453354
2210,2017-07-04 04:00:00,0.06010327000230901,28.11089026107994,0.49974857131783984,0.07321534871634833,0.4265332226014915
2211,2017-07-04 06:00:00,0.06147865,27.5886684,0.5389093483369636,0.04927383520057774,0.48963551313638587
2212,2017-07-04 08:00:00,0.06140232,27.7048674,0.5367360274257333,0.05460103449335726,0.4821349929323761
2213,2017-07-04 10:00:00,0.06053453999953561,28.036303679784922,0.5120279909871548,0.06979589086278967,0.4422321001243651
2214,2017-07-04 12:00:00,0.06137546434589701,28.282559970708466,0.5359713745415882,0.08108562949092236,0.4548857450506658
2215,2017-07-04 14:00:00,0.060364018863,27.129705244514998,0.5071727944479226,0.0282324476041998,0.47894034684372283
2216,2017-07-04 16:00:00,0.05952624467620361,27.380204358507928,0.4833191044301897,0.039716700505730916,0.4436024039244588
2217,2017-07-04 18:00:00,0.0586900416776,26.965894379021602,0.4595101503767546,0.02072245933574649,0.43878769104100807
2218,2017-07-04 20:00:00,0.05946600000069961,27.776665500326786,0.4816037760787797,0.05789265308976302,0.4237111229890167
2219,2017-07-04 22:00:00,0.059855999999999986,27.3821076,0.49270812762940597,0.03980395553142442,0.45290417209798156
2220,2017-07-05 00:00:00,0.05734752,26.84862942,0.4212849383276512,0.015346390636638237,0.40593854769101295
2221,2017-07-05 02:00:00,0.05743393665630661,26.681643676354213,0.42374545354093246,0.007690848545449025,0.4160546049954834
2222,2017-07-05 04:00:00,0.0584699686013927,27.07637729890768,0.45324407650645304,0.02578760217416438,0.42745647433228867
2223,2017-07-05 06:00:00,0.05616245,25.711074800000002,0.3875428000822473,-0.03680535048989453,0.4243481505721418
2224,2017-07-05 08:00:00,0.0571270049997729,26.041663439896478,0.415006281688931,-0.02164935458065759,0.4366556362695886
2225,2017-07-05 10:00:00,0.0574946380005875,26.21415808969894,0.4254737844837525,-0.013741254025266261,0.4392150385090188
2226,2017-07-05 12:00:00,0.057496835199098414,26.529151999584,0.42553634464974077,0.000699793952509005,0.42483655069723175
2227,2017-07-05 14:00:00,0.0574875,26.46486885,0.42527054636058725,-0.0022472980964890017,0.42751784445707625
2228,2017-07-05 16:00:00,0.05693256,26.425387680000004,0.4094699082565897,-0.004057331409185991,0.4135272396657757
2229,2017-07-05 18:00:00,0.0570467999991232,27.193132124582053,0.412722629060905,0.03114028356351463,0.3815823454973904
2230,2017-07-05 20:00:00,0.056586317290124,26.867105756466717,0.3996114447201747,0.016193447208197733,0.38341799751197697
2231,2017-07-05 22:00:00,0.0567621623143848,26.86243341527201,0.4046182266979266,0.015979241468836294,0.3886389852290903
2232,2017-07-06 00:00:00,0.0558800415152732,26.97415334874692,0.3795018690542684,0.02110109579285716,0.35840077326141123
2233,2017-07-06 02:00:00,0.056005938600000006,26.729003202700003,0.3830864985171232,0.009862068910991438,0.3732244296061317
2234,2017-07-06 04:00:00,0.055338011727329696,26.9615231474856,0.3640688194977725,0.02052205811415969,0.3435467613836128
2235,2017-07-06 06:00:00,0.0543257118361364,27.20748522726819,0.3352459120961409,0.031798308490396776,0.30344760360574413
2236,2017-07-06 08:00:00,0.055821189974810385,26.932774124194196,0.3778262070138394,0.019204045252206783,0.35862216176163264
2237,2017-07-06 10:00:00,0.054639962470412994,27.304589696482438,0.3441934749788961,0.03625010979439994,0.30794336518449617
2238,2017-07-06 12:00:00,0.0540216398330422,27.225697995571426,0.32658816228814525,0.032633281652167154,0.2939548806359781
2239,2017-07-06 14:00:00,0.05439322,27.18662676,0.3371680515459446,0.03084204198139438,0.3063260095645502
2240,2017-07-06 16:00:00,0.0548536451195356,27.584782419380545,0.35027759615936577,0.049095680541693304,0.3011819156176725
2241,2017-07-06 18:00:00,0.0545389387566392,27.25985547276373,0.3413170574540076,0.03419924769612589,0.3071178097578817
2242,2017-07-06 20:00:00,0.0542169169888518,27.340314633236193,0.3321482294466227,0.037887936779220775,0.29426029266740195
2243,2017-07-06 22:00:00,0.05449245770894399,27.571163443072955,0.3399936166976616,0.04847131199330497,0.29152230470435664
2244,2017-07-07 00:00:00,0.052588379904408,28.123569550202195,0.2857793875714001,0.07379663685174549,0.2119827507196546
2245,2017-07-07 02:00:00,0.051767293856122006,27.680202671227196,0.2624008538538658,0.053470268086803975,0.20893058576706183
2246,2017-07-07 04:00:00,0.0514063180220022,28.10322686087419,0.25212289854479497,0.07286401643159236,0.17925888211320262
2247,2017-07-07 06:00:00,0.04968364323117869,27.750117068555983,0.20307370234217462,0.05667552740921653,0.1463981749329581
2248,2017-07-07 08:00:00,0.0466744792650188,27.52990326372311,0.11739469051227852,0.04657971913749343,0.0708149713747851
2249,2017-07-07 10:00:00,0.04627692,26.97651324,0.10607510628433782,0.021209286147459497,0.08486582013687832
2250,2017-07-07 12:00:00,0.0450771472645672,26.018400325576373,0.07191434151766578,-0.02271586329548227,0.09463020481314804
2251,2017-07-07 14:00:00,0.044699983907821206,24.65669112348937,0.061175483792447916,-0.08514407953081247,0.1463195633232604
2252,2017-07-07 16:00:00,0.04446767115417,25.031885991131247,0.05456091330305121,-0.06794308956053491,0.12250400286358612
2253,2017-07-07 18:00:00,0.0452673599514224,25.02108254252975,0.07733020958950786,-0.06843837888100644,0.1457685884705143
2254,2017-07-07 20:00:00,0.0443475193602168,22.75845972215255,0.051139867759748124,-0.17216941519405593,0.22330928295380406
2255,2017-07-07 22:00:00,0.043917210000000005,22.82349909,0.0388878000163013,-0.16918765395342783,0.20807545396972912
2256,2017-07-08 00:00:00,0.04110192,23.4026352,-0.04127109724791394,-0.14263687919964307,0.10136578195172913
2257,2017-07-08 02:00:00,0.041189498309331614,23.734986220564853,-0.03877750664080545,-0.12740008609722725,0.0886225794564218
2258,2017-07-08 04:00:00,0.039722253805079405,23.207099203540803,-0.08055391385918687,-0.1516013214241919,0.07104740756500502
2259,2017-07-08 06:00:00,0.0392981040008025,21.05692800043,-0.0926306024368004,-0.25017695901631054,0.15754635657951016
2260,2017-07-08 08:00:00,0.0379925220122959,21.161908724227164,-0.1298040419356477,-0.2453640670157965,0.11556002508014879
2261,2017-07-08 10:00:00,0.0371414921239535,22.37449205715953,-0.15403515751820407,-0.18977259829718937,0.0357374407789853
2262,2017-07-08 12:00:00,0.0383636054902455,22.71115461000285,-0.11923829475315162,-0.17433814091449015,0.055099846161338534
2263,2017-07-08 14:00:00,0.0410482018906172,23.38477924014773,-0.04280059666404654,-0.14345549430559845,0.10065489764155192
2264,2017-07-08 16:00:00,0.0411197437551586,22.25802503083964,-0.040763606879738394,-0.19511208538609232,0.15434847850635391
2265,2017-07-08 18:00:00,0.04274171,22.144543366,0.005418145474820641,-0.20031470713565266,0.2057328526104733
2266,2017-07-08 20:00:00,0.0421110003069184,22.775066408780408,-0.01253986009166542,-0.17140807362261964,0.15886821353095423
2267,2017-07-08 22:00:00,0.043821994832987404,23.577813769117345,0.036176767479490474,-0.1346057330666123,0.17078250054610278
2268,2017-07-09 00:00:00,0.043539455866758406,24.569536332675494,0.02813212129132235,-0.08913973302168608,0.11727185431300843
2269,2017-07-09 02:00:00,0.043682190840180005,24.00851938106296,0.032196170845901956,-0.11485982620551352,0.14705599705141548
2270,2017-07-09 04:00:00,0.0425526187661496,24.092868229957286,3.4208193837913665e-05,-0.11099281247754157,0.11102702067137948
2271,2017-07-09 06:00:00,0.0416991118125478,23.066298798407768,-0.02426743611565075,-0.1580563840206666,0.13378894790501586
2272,2017-07-09 08:00:00,0.0412421121190692,22.314037245234037,-0.03727944961313356,-0.19254417835669588,0.1552647287435623
2273,2017-07-09 10:00:00,0.0410887000001637,22.883368800091173,-0.04164750628879812,-0.16644289817018862,0.1247953918813905
2274,2017-07-09 12:00:00,0.041080652508000005,22.787766691788,-0.04187664008943119,-0.17082582301240656,0.12894918292297536
2275,2017-07-09 14:00:00,0.041809319399918,22.52682079938826,-0.021129528946675247,-0.18278901351702012,0.16165948457034487
2276,2017-07-09 16:00:00,0.041578470322263,22.28343142348463,-0.027702424633899603,-0.19394731704100793,0.16624489240710832
2277,2017-07-09 18:00:00,0.0413378744029128,22.410162990252424,-0.03455283918493424,-0.1881372471362908,0.15358440795135656
2278,2017-07-09 20:00:00,0.040799164394689384,22.49734132299789,-0.04989136566156188,-0.1841405143541899,0.13424914869262802
2279,2017-07-09 22:00:00,0.03845693418523,21.974391118029967,-0.11658097516154076,-0.20811541914738077,0.09153444398584001
2280,2017-07-10 00:00:00,0.036969845220419996,22.169972571479512,-0.15892240767931098,-0.19914889292514829,0.0402264852458373
2281,2017-07-10 02:00:00,0.03620556,21.74140176,-0.18068366867345534,-0.218796928827519,0.03811326015406366
2282,2017-07-10 04:00:00,0.0369666800001493,21.644498720087412,-0.1590125300349111,-0.22323949550787345,0.06422696547296236
2283,2017-07-10 06:00:00,0.037409848105518013,21.75156508935501,-0.146394339145508,-0.21833098608315538,0.07193664693764737
2284,2017-07-10 08:00:00,0.0353698032188556,21.628422798473004,-0.2044799177126751,-0.22397650390084634,0.01949658618817124
2285,2017-07-10 10:00:00,0.0327307491200339,21.342208406797308,-0.27962090367936204,-0.23709814096242227,-0.04252276271693978
2286,2017-07-10 12:00:00,0.0309668799996142,20.39108847974596,-0.32984301351928774,-0.2807026935208468,-0.04914031999844093
2287,2017-07-10 14:00:00,0.0299469616561116,18.849034768013507,-0.35888283880006283,-0.3513988909284754,-0.007483947871587404
2288,2017-07-10 16:00:00,0.030980489732185,18.060144565241345,-0.32945550773660237,-0.3875659434012892,0.05811043566468682
2289,2017-07-10 18:00:00,0.0311413662,16.951791969000002,-0.3248749209211012,-0.43837890364059534,0.11350398271949413
2290,2017-07-10 20:00:00,0.02880008,17.5065964,-0.391537651926406,-0.41294362646562754,0.02140597453922155
2291,2017-07-10 22:00:00,0.0270972,16.4021436,-0.44002323706089896,-0.4635777986621893,0.023554561601290325
2292,2017-07-11 00:00:00,0.0280741590128196,17.141811459857372,-0.41220657975740427,-0.429667368280483,0.017460788523078752
2293,2017-07-11 02:00:00,0.0232261211107602,15.994417118395056,-0.5502432907620257,-0.48227021619119814,-0.06797307457082757
2294,2017-07-11 04:00:00,0.0247141372380936,15.511634071016145,-0.5078754594272739,-0.5044036382392608,-0.0034718211880130356
2295,2017-07-11 06:00:00,0.0228614675352463,14.938388801663713,-0.5606259612850082,-0.5306843445575892,-0.029941616727419018
2296,2017-07-11 08:00:00,0.02350452,15.66968,-0.5423165237287734,-0.4971579462702296,-0.04515857745854379
2297,2017-07-11 10:00:00,0.025685023034569997,16.612720858768782,-0.4802317229684944,-0.4539237825003592,-0.026307940468135227
2298,2017-07-11 12:00:00,0.027234618079416,17.41390340575659,-0.4361105738147847,-0.4171931815683316,-0.018917392246453113
2299,2017-07-11 14:00:00,0.0261954,16.9803018,-0.4656999146155626,-0.4370718566648,-0.02862805795076262
2300,2017-07-11 16:00:00,0.0270739073683826,17.183085018303878,-0.440686441087778,-0.4277751620535214,-0.012911279034256595
2301,2017-07-11 18:00:00,0.024421244384816004,16.2489209863621,-0.5162149086972608,-0.47060236340895667,-0.04561254528830416
2302,2017-07-11 20:00:00,0.026074857173391003,16.297339045988437,-0.46913209391293115,-0.4683826140737716,-0.0007494798391595725
2303,2017-07-11 22:00:00,0.0257634695035008,16.229889469354287,-0.4779981404800955,-0.4714748725006403,-0.006523267979455183
2304,2017-07-12 00:00:00,0.024632187417627,16.1217222825172,-0.5102087917801055,-0.47643384943865585,-0.03377494234144962
2305,2017-07-12 02:00:00,0.0253225499994335,16.51264934963059,-0.4905523076274655,-0.45851160918310474,-0.03204069844436075
2306,2017-07-12 04:00:00,0.031637864931606,17.508102481506118,-0.3107382633055026,-0.41287457943136513,0.10213631612586255
2307,2017-07-12 06:00:00,0.0307976096365668,18.035436350475468,-0.3346625971648067,-0.3886987034442037,0.054036106279397034
2308,2017-07-12 08:00:00,0.0296011994032314,17.964069021133557,-0.36872762243033447,-0.39197057313669487,0.0232429507063604
2309,2017-07-12 10:00:00,0.029923708014733208,18.02302137119155,-0.3595449326697066,-0.38926787416736963,0.029722941497663025
2310,2017-07-12 12:00:00,0.03014349868,17.516211669020002,-0.353286899800356,-0.4125028098121,0.05921591001174403
2311,2017-07-12 14:00:00,0.0313661994755152,18.107523831200023,-0.31847331134141316,-0.38539381806365736,0.0669205067222442
2312,2017-07-12 16:00:00,0.033447400000420006,18.4358962972315,-0.25921592078410827,-0.3703394237159338,0.11112350293182555
2313,2017-07-12 18:00:00,0.0322987928948792,19.373222668859373,-0.2919198621080902,-0.3273672433698076,0.035447381261717426
2314,2017-07-12 20:00:00,0.031763711249595004,20.03497263501955,-0.30715507930855723,-0.29702899646815345,-0.010126082840403783
2315,2017-07-12 22:00:00,0.033619338749434,21.137226688144146,-0.2543203609952587,-0.24649562688434792,-0.007824734110910753
2316,2017-07-13 00:00:00,0.0336062499998585,21.383573749909967,-0.25469303298732326,-0.23520172682309806,-0.019491306164225203
2317,2017-07-13 02:00:00,0.036310006806640704,21.316364384359623,-0.17770978646484176,-0.23828297265677947,0.06057318619193772
2318,2017-07-13 04:00:00,0.034473720244947,22.453694351737923,-0.22999381611950057,-0.18614153083822216,-0.04385228528127841
2319,2017-07-13 06:00:00,0.0301617043,21.786007827688998,-0.35276853671051034,-0.21675194210434146,-0.13601659460616888
2320,2017-07-13 08:00:00,0.030899342298194306,21.590048060478487,-0.33176599398296236,-0.2257358123037154,-0.10603018167924697
2321,2017-07-13 10:00:00,0.030955287998687003,21.689165567080032,-0.33017306904159976,-0.2211917223281579,-0.10898134671344187
2322,2017-07-13 12:00:00,0.031837600000543996,21.23516418036284,-0.30505126734023374,-0.24200563523825785,-0.06304563210197589
2323,2017-07-13 14:00:00,0.029508999999871707,19.913399999913423,-0.3713527880444387,-0.30260255265847086,-0.06875023538596786
2324,2017-07-13 16:00:00,0.028820780001383807,20.312074730975265,-0.3909482670728763,-0.28432511700617025,-0.10662315006670603
2325,2017-07-13 18:00:00,0.0296592105614058,20.012633552628568,-0.3670758883396086,-0.29805314249277143,-0.06902274584683715
2326,2017-07-13 20:00:00,0.0299122904332395,20.43281366503287,-0.35987002200045404,-0.27878978224319795,-0.08108023975725609
2327,2017-07-13 22:00:00,0.030091564146447893,20.322301773662886,-0.3547656160034712,-0.28385625329329217,-0.070909362710179
2328,2017-07-14 00:00:00,0.02884448,20.0632299,-0.3902734642091438,-0.29573352850354334,-0.09453993570560049
2329,2017-07-14 02:00:00,0.0293045399822358,19.88677624794478,-0.3771743160391804,-0.3038231314298758,-0.07335118460930456
2330,2017-07-14 04:00:00,0.0303961114001318,20.078476563787067,-0.3460943345297519,-0.29503453783629396,-0.05105979669345795
2331,2017-07-14 06:00:00,0.0307178403200436,21.04778488535227,-0.33693384469100107,-0.25059612954424854,-0.08633771514675254
2332,2017-07-14 08:00:00,0.030445055,20.888933248,-0.3447007782731759,-0.2578787596026817,-0.08682201867049422
2333,2017-07-14 10:00:00,0.030873599999999998,20.52893952,-0.3324989466224071,-0.2743828459821396,-0.05811610064026751
2334,2017-07-14 12:00:00,0.028597739222926806,19.870444453650006,-0.39729883942814526,-0.30457187042949674,-0.09272696899864852
2335,2017-07-14 14:00:00,0.028374980859126906,19.228689255091,-0.4036413706766422,-0.3339934475506516,-0.06964792312599061
2336,2017-07-14 16:00:00,0.027803790001395903,18.777330110942724,-0.41990471451799366,-0.3546862255736657,-0.06521848894432797
2337,2017-07-14 18:00:00,0.0270218,18.66733772,-0.4421700783645379,-0.3597288798756924,-0.08244119848884551
2338,2017-07-14 20:00:00,0.0270856619746905,19.154588548568963,-0.4403517557518388,-0.33739063024050814,-0.10296112551133069
2339,2017-07-14 22:00:00,0.0281914952961726,19.412226891299017,-0.40886569939244793,-0.32557907594843666,-0.08328662344401128
2340,2017-07-15 00:00:00,0.028383412200917706,18.66004757820333,-0.4034013076421384,-0.3600630999483564,-0.043338207693781994
2341,2017-07-15 02:00:00,0.0268676351998704,18.651300897510033,-0.4465595659041331,-0.3604640957504157,-0.08609547015371738
2342,2017-07-15 04:00:00,0.026991750596530497,19.5113578215105,-0.443025665904565,-0.3210343705609963,-0.12199129534356867
2343,2017-07-15 06:00:00,0.02640505,19.37500619,-0.4597306138289855,-0.32728547698146515,-0.13244513684752035
2344,2017-07-15 08:00:00,0.0274140864750636,19.249669342827204,-0.43100062468382855,-0.33303160529253606,-0.09796901939129249
2345,2017-07-15 10:00:00,0.0277427428964156,19.52193710051991,-0.4216428902002125,-0.3205493584037743,-0.10109353179643821
2346,2017-07-15 12:00:00,0.02733057721359,19.70160556219653,-0.4333783585269043,-0.3123123709772176,-0.12106598754968673
2347,2017-07-15 14:00:00,0.0271283,19.076397865,-0.43913773620488866,-0.34097531990402086,-0.0981624163008678
2348,2017-07-15 16:00:00,0.0289745300037557,19.70503419255418,-0.38657058994387666,-0.31215518376203955,-0.07441540618183712
2349,2017-07-15 18:00:00,0.0298786800001432,19.570764915093797,-0.36082700165568393,-0.3183108236550589,-0.042516178000625016
2350,2017-07-15 20:00:00,0.028795767000000003,19.078037797,-0.3916604546656976,-0.3409001364292009,-0.05076031823649668
2351,2017-07-15 22:00:00,0.02701265,18.215642375,-0.4424306035360008,-0.38043707118917836,-0.06199353234682242
2352,2017-07-16 00:00:00,0.0263371882731064,17.765190534956393,-0.46166282017157767,-0.4010882534171796,-0.060574566754398096
2353,2017-07-16 02:00:00,0.0276883200053352,17.938266723456486,-0.42319245665160304,-0.39315349193924376,-0.030038964712359284
2354,2017-07-16 04:00:00,0.0268804199990634,17.534431459389044,-0.4461955481990102,-0.4116675147203303,-0.03452803347867989
2355,2017-07-16 06:00:00,0.02609106137002,17.245695537800515,-0.4686707167429654,-0.42490475253895554,-0.043765964204009855
2356,2017-07-16 08:00:00,0.024916200865401,16.227375435808803,-0.5021221631266553,-0.4715901295831068,-0.030532033543548442
2357,2017-07-16 10:00:00,0.02369935725,15.122191624200001,-0.5367689818748286,-0.5222578153600386,-0.014511166514790008
2358,2017-07-16 12:00:00,0.0242297907785298,15.693861325746,-0.5216661090912378,-0.49604934170898074,-0.025616767382257044
2359,2017-07-16 14:00:00,0.02331852,15.94368618,-0.547612445247034,-0.48459600057092755,-0.06301644467610645
2360,2017-07-16 16:00:00,0.02384244,16.5894,-0.5326950301833399,-0.45499293853733075,-0.07770209164600911
2361,2017-07-16 18:00:00,0.0228959427004908,15.194714169225714,-0.5596443603739117,-0.5189329842464185,-0.040711376127493204
2362,2017-07-16 20:00:00,0.023625,15.561144899999999,-0.5388861332743645,-0.5021337903649442,-0.03675234290942031
2363,2017-07-16 22:00:00,0.024362634998608496,16.08082204208152,-0.5178836759531125,-0.4783089407210546,-0.039574735232057845
2364,2017-07-17 00:00:00,0.024943862326066,16.960172755069078,-0.5013345667569655,-0.4379946824543535,-0.063339884302612
2365,2017-07-17 02:00:00,0.0246380378326399,16.369579405124146,-0.510042214690011,-0.4650707199086077,-0.044971494781403276
2366,2017-07-17 04:00:00,0.02604130215624,16.730836600379998,-0.4700874957267785,-0.44850870926240194,-0.021578786464376554
2367,2017-07-17 06:00:00,0.027126,17.4675,-0.4392032234064585,-0.41473601981178554,-0.02446720359467297
2368,2017-07-17 08:00:00,0.027654500000000002,17.2035385,-0.42415540339355123,-0.4268374623037261,0.002682058910174867
2369,2017-07-17 10:00:00,0.0263054449142426,16.890543115824574,-0.4625666391891512,-0.44118688690482044,-0.021379752284330755
2370,2017-07-17 12:00:00,0.0263562,16.72782475,-0.4611215050449373,-0.44864678899815086,-0.01247471604678646
2371,2017-07-17 14:00:00,0.027219752980784,16.680080432807273,-0.43653382325411955,-0.4508356502859703,0.014301827031850733
2372,2017-07-17 16:00:00,0.0283422999867,17.690048981698705,-0.40457188323320764,-0.4045331542284834,-3.872900472423613e-05
2373,2017-07-17 18:00:00,0.0297366211842,17.479823145383847,-0.3648717991837066,-0.41417105925813497,0.049299260074428364
2374,2017-07-17 20:00:00,0.0307377899984281,17.726477039093485,-0.33636582355638356,-0.4028630923381849,0.06649726878180134
2375,2017-07-17 22:00:00,0.031527855708148395,18.20938220229149,-0.31387052251903097,-0.38072407183139956,0.06685354931236859
2376,2017-07-18 00:00:00,0.03047022,17.52501564,-0.3439842628699123,-0.4120991875091689,0.06811492463925661
2377,2017-07-18 02:00:00,0.0298898499969486,17.20144704824394,-0.3605089617285838,-0.4269333459198999,0.06642438419131608
2378,2017-07-18 04:00:00,0.030884557776599996,17.891350519086004,-0.33218694917677144,-0.39530438799465156,0.06311743881788012
2379,2017-07-18 06:00:00,0.031336143460441314,17.627830988347302,-0.31932908713164415,-0.4073855681922848,0.08805648106064062
2380,2017-07-18 08:00:00,0.031939721344072504,17.533315635288485,-0.30214359733665147,-0.4117186702152947,0.10957507287864321
2381,2017-07-18 10:00:00,0.0326411099998569,17.613015219922787,-0.2821731711278746,-0.40806480425346486,0.12589163312559026
2382,2017-07-18 12:00:00,0.0338481531649464,18.251160013835737,-0.24780539762536422,-0.3788087478775584,0.1310033502521942
2383,2017-07-18 14:00:00,0.0362504951996912,19.275590386635802,-0.17940424237790703,-0.33184324251621894,0.1524390001383119
2384,2017-07-18 16:00:00,0.0352474784275012,19.051088057089935,-0.20796283435111865,-0.3421356602752709,0.13417282592415228
2385,2017-07-18 18:00:00,0.03506763648,19.8670651148,-0.2130834195105677,-0.30472679785169327,0.09164337834112557
2386,2017-07-18 20:00:00,0.0342914400001473,19.58581320008413,-0.23518382617750358,-0.31762092775958617,0.08243710158208259
2387,2017-07-18 22:00:00,0.034269999993742,19.345253996467388,-0.23579428096929636,-0.32864948066777544,0.09285519969847908
2388,2017-07-19 00:00:00,0.034339867256214,19.148754293407904,-0.23380497162119201,-0.33765810448699807,0.10385313286580605
2389,2017-07-19 02:00:00,0.035593501525,19.565315998274,-0.198110623771231,-0.3185606318791301,0.12045000810789908
2390,2017-07-19 04:00:00,0.0366775245067512,19.62960474631013,-0.16724556659195555,-0.3156132831663894,0.14836771657443387
2391,2017-07-19 06:00:00,0.0370318199998446,19.595194529917773,-0.15715781860434216,-0.3171908361610774,0.16003301755673524
2392,2017-07-19 08:00:00,0.034647900000441004,18.645944160237327,-0.22503444883366147,-0.36070967795861686,0.1356752291249554
2393,2017-07-19 10:00:00,0.03563925,18.55089567,-0.19680804133477892,-0.3650672219131436,0.1682591805783647
2394,2017-07-19 12:00:00,0.03423414745493,17.883248088193483,-0.23681509941971968,-0.395675847853346,0.1588607484336263
2395,2017-07-19 14:00:00,0.0343050900005948,18.240941460316268,-0.2347951738597929,-0.3792772224004213,0.14448204854062838
2396,2017-07-19 16:00:00,0.035303250007416,18.43065005387165,-0.20637486709209618,-0.37057994027731866,0.16420507318522248
2397,2017-07-19 18:00:00,0.03296679,17.545958759999998,-0.27290018338150374,-0.4111390400547796,0.13823885667327585
2398,2017-07-19 20:00:00,0.0323209726365448,16.990928244733368,-0.2912883450588627,-0.43658468217217644,0.14529633711331374
2399,2017-07-19 22:00:00,0.032422499995965186,16.773952497912575,-0.28839758738441856,-0.446532040109973,0.15813445272555443
2400,2017-07-20 00:00:00,0.033729729024835994,17.558588007731544,-0.25117725220542997,-0.4105600460911153,0.15938279388568533
2401,2017-07-20 02:00:00,0.0328966839705096,18.231895180946893,-0.2748962910704179,-0.3796919534485269,0.104795662378109
2402,2017-07-20 04:00:00,0.0332440766485776,18.119217434905735,-0.2650050848388775,-0.3848577191523835,0.11985263431350596
2403,2017-07-20 06:00:00,0.032972874923224496,17.593218467028848,-0.27272692921031255,-0.4089723959540468,0.13624546674373422
2404,2017-07-20 08:00:00,0.032299020000000005,17.471122740000002,-0.2919133958129494,-0.41456993354627614,0.12265653773332674
2405,2017-07-20 10:00:00,0.034354559999304,18.728664799620574,-0.23338662960886608,-0.356917310282297,0.12353068067343093
2406,2017-07-20 12:00:00,0.0365140399,19.44979452,-0.17190041415538587,-0.32385676986105827,0.1519563557056724
2407,2017-07-20 14:00:00,0.036855,19.23424125,-0.16219236076582524,-0.33373891366178204,0.1715465528959568
2408,2017-07-20 16:00:00,0.036660000000000005,19.148012,-0.1677445365510983,-0.3376921352868984,0.1699475987358001
2409,2017-07-20 18:00:00,0.0369938770714832,19.164523103366577,-0.15823815608162672,-0.3369351757762535,0.17869701969462676
2410,2017-07-20 20:00:00,0.038428436001124,19.20327752056168,-0.11739239530368235,-0.33515846079700373,0.2177660654933214
2411,2017-07-20 22:00:00,0.0394561,19.723482,-0.08813203032954689,-0.31130943511722586,0.22317740478767897
2412,2017-07-21 00:00:00,0.0384529,19.6469547,-0.11669583929255277,-0.31481786615740975,0.19812202686485697
2413,2017-07-21 02:00:00,0.036297,19.5504035,-0.17808012532060705,-0.3192443025669915,0.14116417724638444
2414,2017-07-21 04:00:00,0.0375479654536986,19.959858604384728,-0.14246176583220327,-0.3004726354915154,0.15801086965931216
2415,2017-07-21 06:00:00,0.0368386194001331,20.48575973887402,-0.16265876061161613,-0.2763624439087715,0.11370368329715538
2416,2017-07-21 08:00:00,0.03683848998657,20.74105734243855,-0.16266244536469995,-0.2646582019345958,0.10199575656989587
2417,2017-07-21 10:00:00,0.03796345,20.78226535,-0.1306318005135885,-0.2627690009196283,0.1321372004060398
2418,2017-07-21 12:00:00,0.037500639999456,20.389428855704228,-0.1438092491197563,-0.2807787797868336,0.1369695306670773
2419,2017-07-21 14:00:00,0.0358490034006585,20.296088845572807,-0.19083579645265153,-0.28505799764550815,0.09422220119285662
2420,2017-07-21 16:00:00,0.0362656620793064,20.120414640801453,-0.17897240042027804,-0.29311186643454723,0.11413946601426919
2421,2017-07-21 18:00:00,0.035343511007700695,19.90498926933693,-0.20522852785685738,-0.30298814666512197,0.09775961880826459
2422,2017-07-21 20:00:00,0.035692800003379994,20.01679680189553,-0.19528332834981624,-0.2978622763187886,0.10257894796897235
2423,2017-07-21 22:00:00,0.0365071097157716,20.317073234011527,-0.17209773518646504,-0.28409595821960815,0.11199822303314311
2424,2017-07-22 00:00:00,0.037947874993424696,20.122057371513414,-0.1310752629462187,-0.2930365546514253,0.1619612917052066
2425,2017-07-22 02:00:00,0.03744715,19.89128475,-0.14533225363121213,-0.3036164369750177,0.1582841833438056
2426,2017-07-22 04:00:00,0.038106851454563696,20.52366686015536,-0.12654877444383722,-0.2746245736200319,0.14807579917619468
2427,2017-07-22 06:00:00,0.038529900000000006,20.7117603,-0.11450344167477798,-0.26600133899910716,0.15149789732432917
2428,2017-07-22 08:00:00,0.0386078310009513,21.070358711519177,-0.11228453594962995,-0.24956122157781457,0.13727668562818462
2429,2017-07-22 10:00:00,0.039615679999721806,20.674258559854817,-0.08358835745637089,-0.26772062439381306,0.18413226693744217
2430,2017-07-22 12:00:00,0.038530860000138695,19.77760986007119,-0.11447610788234779,-0.3088279172221415,0.19435180933979368
2431,2017-07-22 14:00:00,0.0402797999994256,20.0417530497142,-0.06467907037498062,-0.29671814508073974,0.23203907470575913
2432,2017-07-22 16:00:00,0.040227299999859,20.622482549927717,-0.06617388692021414,-0.2700943205828214,0.20392043366260726
2433,2017-07-22 18:00:00,0.0403274999995725,20.926717999778162,-0.06332092275563131,-0.2561464994029341,0.1928255766473028
2434,2017-07-22 20:00:00,0.04166624,21.19515776,-0.025203385252296484,-0.24383974890759716,0.21863636365530068
2435,2017-07-22 22:00:00,0.04051281,21.47045121,-0.058044647385669376,-0.2312187876932424,0.173174140307573
2436,2017-07-23 00:00:00,0.041271408931618,22.185652942274128,-0.03644529036585601,-0.19843001875060634,0.16198472838475034
2437,2017-07-23 02:00:00,0.0409935100001447,22.169188220078254,-0.04435782225344251,-0.1991848518940729,0.1548270296406304
2438,2017-07-23 04:00:00,0.0402866000010115,21.455026120538687,-0.0644854559947496,-0.23192595837172816,0.16744050237697855
2439,2017-07-23 06:00:00,0.038931551434999996,20.890887540029,-0.10306734233361285,-0.25778916414045944,0.15472182180684657
2440,2017-07-23 08:00:00,0.0398396000010178,21.133318600539905,-0.07721275125619667,-0.24667479504863019,0.16946204379243351
2441,2017-07-23 10:00:00,0.0387684799998562,20.559695999923747,-0.10771042578733155,-0.27297280030103943,0.1652623745137079
2442,2017-07-23 12:00:00,0.0394361600001433,20.80740416007561,-0.08869977589038139,-0.2616165000267109,0.1729167241363295
2443,2017-07-23 14:00:00,0.040103999999856005,21.34167779992337,-0.06968457037837227,-0.23712246689090344,0.16743789651253116
2444,2017-07-23 16:00:00,0.040255938276269984,21.112379523928087,-0.06535847797241406,-0.24763475713193495,0.18227627915952088
2445,2017-07-23 18:00:00,0.04024107,21.10245048,-0.06578181788767035,-0.24808995894771368,0.18230814106004334
2446,2017-07-23 20:00:00,0.0391467645974181,21.014311079628772,-0.0969396433128442,-0.25213075233942633,0.15519110902658212
2447,2017-07-23 22:00:00,0.0385200316823,20.798285792074303,-0.11478441928798501,-0.26203453601297466,0.14725011672498967
2448,2017-07-24 00:00:00,0.0391235547998588,20.943764328224415,-0.0976004888307408,-0.25536500223993475,0.15776451340919395
2449,2017-07-24 02:00:00,0.0388360908936,21.067279241208198,-0.10578536134084421,-0.24970240138196764,0.14391704004112343
2450,2017-07-24 04:00:00,0.03801000000098001,21.02876100054218,-0.12930639647130315,-0.2514682887341404,0.12216189226283725
2451,2017-07-24 06:00:00,0.038086,21.1844196,-0.1271424715777668,-0.2443320450405911,0.1171895734628243
2452,2017-07-24 08:00:00,0.0383220498607609,21.459411222029505,-0.12042149557246544,-0.23172492127536198,0.11130342570289654
2453,2017-07-24 10:00:00,0.038377928322,21.163148002998,-0.11883048511395217,-0.24530725168183015,0.12647676656787799
2454,2017-07-24 12:00:00,0.03946345,21.3681353,-0.0879227560114867,-0.23590951001780708,0.1479867540063204
2455,2017-07-24 14:00:00,0.0388908,21.1576755,-0.10422764556757232,-0.24555814122563585,0.14133049565806355
2456,2017-07-24 16:00:00,0.038091277344334006,21.511980370721,-0.1269922113550909,-0.22931486325652053,0.10232265190142964
2457,2017-07-24 18:00:00,0.039350090000141696,21.530914100077528,-0.09115042086395765,-0.22844683728695314,0.1372964164229955
2458,2017-07-24 20:00:00,0.038798882709170986,21.446255010388878,-0.10684477867725843,-0.23232807415402362,0.12548329547676518
2459,2017-07-24 22:00:00,0.0391034145454032,21.767558199062325,-0.09817393617995951,-0.21759777424207116,0.11942383806211165
2460,2017-07-25 00:00:00,0.0386379979938139,21.71184440451812,-0.11142560032252095,-0.22015200006926366,0.10872639974674271
2461,2017-07-25 02:00:00,0.038076876625367996,21.55228474426663,-0.12740223865321193,-0.22746708977956992,0.10006485112635799
2462,2017-07-25 04:00:00,0.038475199999999994,21.7397112,-0.1160608981642883,-0.21887443336745827,0.10281353520316996
2463,2017-07-25 06:00:00,0.034640102697651,20.50635682592943,-0.22525645906823127,-0.27541816050190143,0.05016170143367016
2464,2017-07-25 08:00:00,0.0344772614131302,20.079297540738327,-0.22989298951315013,-0.29499689975133503,0.0651039102381849
2465,2017-07-25 10:00:00,0.0317936,18.66345856,-0.3063040659944512,-0.35990672183998285,0.053602655845531644
2466,2017-07-25 12:00:00,0.031275475,18.743149623,-0.3210564817828856,-0.3562532465565944,0.03519676477370881
2467,2017-07-25 14:00:00,0.032965081599487994,19.135946574832786,-0.27294882615050026,-0.33824528053270836,0.0652964543822081
2468,2017-07-25 16:00:00,0.0315502408967832,19.113944522142578,-0.31323315584063655,-0.3392539752678693,0.026020819427232778
2469,2017-07-25 18:00:00,0.0304186255002462,18.51977843514989,-0.34545329739394476,-0.3664938065781299,0.021040509184185152
2470,2017-07-25 20:00:00,0.031569,18.542631,-0.3126990335912325,-0.3654461197021009,0.05274708611086837
2471,2017-07-25 22:00:00,0.0318953799935364,17.961974336360004,-0.30340611514553795,-0.3920666049721174,0.08866048982657948
2472,2017-07-26 00:00:00,0.03231853,18.130720999999998,-0.29135789350745894,-0.38433033265306255,0.0929724391456036
2473,2017-07-26 02:00:00,0.0309010301225178,18.048967346890894,-0.3317179370735331,-0.3880783683764763,0.056360431302943215
2474,2017-07-26 04:00:00,0.030202357641985002,17.439947652132474,-0.35161102644917924,-0.4159991705107959,0.06438814406161664
2475,2017-07-26 06:00:00,0.0301606159996358,17.773000095785388,-0.35279952355630123,-0.4007302203280381,0.04793069677173689
2476,2017-07-26 08:00:00,0.030461456324,17.960493431335994,-0.34423378835543633,-0.39213449777839443,0.0479007094229581
2477,2017-07-26 10:00:00,0.0319172184049155,18.292013915439195,-0.3027843166899078,-0.37693578102130987,0.07415146433140207
2478,2017-07-26 12:00:00,0.0311147468997498,18.034863408854974,-0.3256328441737682,-0.3887249702295934,0.0630921260558252
2479,2017-07-26 14:00:00,0.03050443536,17.61875810496,-0.3430100593146487,-0.40780151891444505,0.06479145959979637
2480,2017-07-26 16:00:00,0.0305504270683194,17.970961485138844,-0.3417005513697547,-0.391654584794502,0.0499540334247473
2481,2017-07-26 18:00:00,0.0309727964760396,17.833403946705765,-0.3296745554826557,-0.3979609766004313,0.06828642111777561
2482,2017-07-26 20:00:00,0.0309316200017668,17.796465901016525,-0.3308469607307602,-0.39965441915047367,0.06880745841971347
2483,2017-07-26 22:00:00,0.0316804371099942,18.228099922779826,-0.30952611859794726,-0.379865948892752,0.07033983029480473
2484,2017-07-27 00:00:00,0.03162132,18.49485688,-0.3112093421189992,-0.367636347314018,0.05642700519501881
2485,2017-07-27 02:00:00,0.0317030207269024,18.231759907560487,-0.30888310213158016,-0.3796981551222796,0.07081505299069946
2486,2017-07-27 04:00:00,0.03209930122402,18.43946800313922,-0.297599927873773,-0.3701756771330406,0.07257574925926763
2487,2017-07-27 06:00:00,0.031724312499000006,18.184680477826788,-0.3082768679702166,-0.3818565343233211,0.07357966635310453
2488,2017-07-27 08:00:00,0.0319028380002486,18.26500357214233,-0.303193765585159,-0.3781740832589263,0.07498031767376734
2489,2017-07-27 10:00:00,0.03217424,18.24820368,-0.29546621886159774,-0.37894428243051465,0.0834780635689169
2490,2017-07-27 12:00:00,0.0320589149630916,18.51706434935714,-0.2987498336172827,-0.36661823515252123,0.06786840153523854
2491,2017-07-27 14:00:00,0.031849389999749,18.371134199855216,-0.304715574273083,-0.3733084733578572,0.06859289908477423
2492,2017-07-27 16:00:00,0.03457298,18.16016134,-0.22716762325561626,-0.38298062604261673,0.15581300278700047
2493,2017-07-27 18:00:00,0.034088971605892186,17.985202908774614,-0.2409486472845107,-0.39100167984763806,0.15005303256312735
2494,2017-07-27 20:00:00,0.034692275430261994,18.200388652958452,-0.2237709606956451,-0.3811363854455144,0.15736542474986934
2495,2017-07-27 22:00:00,0.034923599973839994,18.132797686417387,-0.21718452721157758,-0.3842351259609736,0.167050598749396
2496,2017-07-28 00:00:00,0.03486745,18.1410284,-0.218783268365927,-0.3838577849203763,0.1650745165544493
2497,2017-07-28 02:00:00,0.0336876,18.009653600000004,-0.2523767791364638,-0.38988072609585134,0.13750394695938756
2498,2017-07-28 04:00:00,0.0341234099998731,17.930762909933318,-0.23996809335043615,-0.39349750789543764,0.1535294145450015
2499,2017-07-28 06:00:00,0.032183249859,18.040423420962,-0.295209683882272,-0.38847006878840723,0.09326038490613525
2500,2017-07-28 08:00:00,0.0316243525804038,17.808051987570746,-0.3111229963780511,-0.39912324941495336,0.08800025303690229
2501,2017-07-28 10:00:00,0.0314424109994445,16.908941867701266,-0.31630336376336676,-0.4403433872362731,0.12404002347290632
2502,2017-07-28 12:00:00,0.030387349999890106,17.462716949936844,-0.3463437952183007,-0.4149553010527065,0.06861150583440578
2503,2017-07-28 14:00:00,0.0309199499992125,17.605819529551596,-0.3311792371697143,-0.4083946941548966,0.07721545698518228
2504,2017-07-28 16:00:00,0.0311612459621344,17.216588394079256,-0.32430889049064165,-0.42623918360502944,0.10193029311438778
2505,2017-07-28 18:00:00,0.030959370000000007,17.37057114,-0.33005684345777664,-0.4191797702265217,0.08912292676874506
2506,2017-07-28 20:00:00,0.03130875,17.360771449999998,-0.32010905281234714,-0.41962904174897425,0.09951998893662711
2507,2017-07-28 22:00:00,0.0312198896282238,17.17922553968715,-0.32263914719412257,-0.4279521017152873,0.10531295452116474
2508,2017-07-29 00:00:00,0.03093248,17.035953279999998,-0.3308224742622179,-0.43452048767799184,0.10369801341577395
2509,2017-07-29 02:00:00,0.0308056599995448,16.90662263975018,-0.33443338162434966,-0.44044971336215044,0.10601633173780078
2510,2017-07-29 04:00:00,0.0315302400010368,16.96726514055793,-0.3138026352716464,-0.43766952861516095,0.12386689334351453
2511,2017-07-29 06:00:00,0.0314925028765,16.98771328642674,-0.3148771129591286,-0.4367320734889467,0.12185496052981809
2512,2017-07-29 08:00:00,0.0335244,16.8403326,-0.2570235231782923,-0.44348881226038084,0.18646528908208854
2513,2017-07-29 10:00:00,0.0320018259984696,16.693457110065506,-0.3003753103710292,-0.4502223900545587,0.1498470796835295
2514,2017-07-29 12:00:00,0.031201474070273006,16.47081625240771,-0.32316348778349024,-0.4604294677355922,0.13726597995210194
2515,2017-07-29 14:00:00,0.031466412000000006,16.68557859,-0.31561999056282014,-0.4505835846132134,0.13496359405039327
2516,2017-07-29 16:00:00,0.0318326920002344,16.759070347123412,-0.30519101134265975,-0.44721431950273083,0.14202330816007108
2517,2017-07-29 18:00:00,0.0319054528331838,17.209396630368502,-0.30311931424102906,-0.4265688934868164,0.12344957924578737
2518,2017-07-29 20:00:00,0.0329562627484932,17.375156251977653,-0.27319992261689635,-0.41896956355275794,0.1457696409358616
2519,2017-07-29 22:00:00,0.0313228800003456,17.420034820192207,-0.31970673360329716,-0.41691208391133655,0.0972053503080394
2520,2017-07-30 00:00:00,0.032060554757266005,18.0110490934372,-0.2987031442557034,-0.3898167490250356,0.09111360476933222
2521,2017-07-30 02:00:00,0.0317064988649408,18.06279607212096,-0.3087840701634025,-0.38744438378740365,0.07866031362400117
2522,2017-07-30 04:00:00,0.0312270094527444,17.621358803454033,-0.3224364265925909,-0.40768228863554296,0.08524586204295204
2523,2017-07-30 06:00:00,0.0306406285168752,17.668558189140448,-0.33913227291607223,-0.4055184099958964,0.06638613707982416
2524,2017-07-30 08:00:00,0.030693417397713706,17.53928860102157,-0.3376292311421069,-0.4114448367156166,0.07381560557350969
2525,2017-07-30 10:00:00,0.031071502531,17.354482262923,-0.32686412795336867,-0.4199173725689361,0.09305324461556741
2526,2017-07-30 12:00:00,0.0314879399987042,17.671924709272762,-0.31500703039302097,-0.4053640702540054,0.09035703986098442
2527,2017-07-30 14:00:00,0.031315749999771006,17.321247299873338,-0.31990974394452415,-0.42144104550634265,0.1015313015618185
2528,2017-07-30 16:00:00,0.0307827560615544,17.40479326183157,-0.33508551849561996,-0.4176108405178447,0.08252532202222473
2529,2017-07-30 18:00:00,0.028676044390792507,17.431930460579473,-0.3950692801620647,-0.4163667225307894,0.02129744236872466
2530,2017-07-30 20:00:00,0.0290032199998938,17.326692949936554,-0.38575370839599177,-0.4211913870483053,0.03543767865231351
2531,2017-07-30 22:00:00,0.02824578,17.19226476,-0.40732006750474936,-0.4273543123605681,0.020034244855818728
2532,2017-07-31 00:00:00,0.028035196,16.592073296,-0.4133159617897032,-0.4548703799906946,0.04155441820099137
2533,2017-07-31 02:00:00,0.028010104899896696,16.519779602539074,-0.4140303730636489,-0.4581847192937647,0.04415434623011577
2534,2017-07-31 04:00:00,0.0280920700426223,16.63641815116766,-0.4116966044447897,-0.45283736868175406,0.04114076423696433
2535,2017-07-31 06:00:00,0.02812266,16.55303605,-0.4108256258774819,-0.45666006139314425,0.04583443551566235
2536,2017-07-31 08:00:00,0.0279072,16.2496608,-0.41696035302976386,-0.4705684462953102,0.05360809326554633
2537,2017-07-31 10:00:00,0.0288841990641727,16.400498268635637,-0.3891425553562546,-0.46365322967347694,0.07451067431722236
2538,2017-07-31 12:00:00,0.0280432560001006,16.361818200058693,-0.41308647185438085,-0.465426536104408,0.05234006425002713
2539,2017-07-31 14:00:00,0.0285282951090241,16.90652880470758,-0.3992761005955317,-0.4404540152750117,0.04117791467948001
2540,2017-07-31 16:00:00,0.0294402,17.278812,-0.37331170954861564,-0.4233865123302752,0.050074802781659544
2541,2017-07-31 18:00:00,0.029649599999999998,17.515188799999994,-0.3673495269361223,-0.41254970373648836,0.04520017680036609
2542,2017-07-31 20:00:00,0.0291715000001025,15.940844440056011,-0.3809623230508404,-0.4847262815115542,0.10376395846071385
2543,2017-07-31 22:00:00,0.02972055,16.4666693,-0.36532938913117285,-0.46061958677218934,0.09529019764101648
2544,2017-08-01 00:00:00,0.0288196556511827,16.98403145845839,-0.39098028035472626,-0.43690086867091155,0.045920588316185285
2545,2017-08-01 02:00:00,0.0289797665325,17.093017309654993,-0.3864214918510921,-0.43190435966982277,0.04548286781873068
2546,2017-08-01 04:00:00,0.030035700000414,17.590792220242463,-0.3563562188694934,-0.4090836284101311,0.05272740954063765
2547,2017-08-01 06:00:00,0.0281709,16.8996038,-0.40945210300629437,-0.4407714954614222,0.031319392455127826
2548,2017-08-01 08:00:00,0.0278893405378746,17.06575843142706,-0.41746886007156203,-0.4331540561114256,0.01568519603986357
2549,2017-08-01 10:00:00,0.028231671,16.898742744,-0.40772178877733617,-0.44081097098973354,0.03308918221239737
2550,2017-08-01 12:00:00,0.029873059999778805,17.043715149873798,-0.3609870182194604,-0.4341646410037317,0.07317762278427131
2551,2017-08-01 14:00:00,0.0313224999998861,17.411459999936685,-0.3197175532409876,-0.41730520068859733,0.09758764744760973
2552,2017-08-01 16:00:00,0.0314438399951616,17.834907832255663,-0.3162626764022502,-0.3978920302408427,0.08162935383859249
2553,2017-08-01 18:00:00,0.031285124999887504,18.076016853935002,-0.3207817202664584,-0.38683827065794685,0.06605655039148844
2554,2017-08-01 20:00:00,0.0308841967049242,18.129873741188238,-0.3321972298609514,-0.3843691756426133,0.0521719457816619
2555,2017-08-01 22:00:00,0.0312779970880641,18.174459210871497,-0.32098467113530693,-0.38232513324496015,0.061340462109653215
2556,2017-08-02 00:00:00,0.030594375000000007,18.49869168,-0.3404492352564731,-0.36746053905535875,0.027011303798885666
2557,2017-08-02 02:00:00,0.030815109945636108,18.320034015576933,-0.33416431617891224,-0.37565118599349234,0.04148686981458011
2558,2017-08-02 04:00:00,0.031206266468883494,18.36490156419189,-0.3230270352731388,-0.3735942115509383,0.0505671762777995
2559,2017-08-02 06:00:00,0.031470399988429994,18.340987193256982,-0.3155064417792666,-0.3746905774399021,0.05918413566063546
2560,2017-08-02 08:00:00,0.030850163073179,18.184287360619507,-0.33316625912280073,-0.3818745569716107,0.04870829784880998
2561,2017-08-02 10:00:00,0.03133572,18.4652,-0.3193411441921995,-0.3689959813053781,0.049654837113178585
2562,2017-08-02 12:00:00,0.030023593600112,18.021072309307225,-0.35670092072899906,-0.38935722985108256,0.032656309122083504
2563,2017-08-02 14:00:00,0.0312196499998845,18.35126165993211,-0.32264597005906065,-0.3742195395514054,0.05157356949234476
2564,2017-08-02 16:00:00,0.0334191000001235,18.07984134006681,-0.26002169809882364,-0.3866629352435576,0.12664123714473396
2565,2017-08-02 18:00:00,0.03244495199,18.1028760899,-0.2877583185761561,-0.3856068960089624,0.09784857743280634
2566,2017-08-02 20:00:00,0.03247475,17.6131186,-0.28690988888604674,-0.40806006474388024,0.1211501758578335
2567,2017-08-02 22:00:00,0.03236101,17.63961139,-0.29014837336715926,-0.4068454899871978,0.11669711662003851
2568,2017-08-03 00:00:00,0.032370347372010985,17.725627777666162,-0.2898825132093261,-0.40290202713861367,0.11301951392928755
2569,2017-08-03 02:00:00,0.03218704,17.74658548,-0.29510176834851315,-0.40194121115008447,0.10683944280157132
2570,2017-08-03 04:00:00,0.03263999999928,17.310814399618145,-0.282204775837232,-0.42191934685885946,0.13971457102162743
2571,2017-08-03 06:00:00,0.03264003857256,16.964388047766622,-0.2822036775519439,-0.4378014303241526,0.15559775277220866
2572,2017-08-03 08:00:00,0.03307554,17.21451042,-0.2698037776551014,-0.4263344493305987,0.15653067167549733
2573,2017-08-03 10:00:00,0.0329348,17.379765199999998,-0.27381102493725196,-0.4187582641040098,0.14494723916675784
2574,2017-08-03 12:00:00,0.0327442560001194,17.317762368063146,-0.2792363263842581,-0.4216008138888127,0.1423644875045546
2575,2017-08-03 14:00:00,0.0333199315672575,17.689842008709668,-0.2628452907738087,-0.40454264300515813,0.14169735223134944
2576,2017-08-03 16:00:00,0.033659800000244,17.677437210128144,-0.2531683200876219,-0.4051113469891044,0.15194302690148248
2577,2017-08-03 18:00:00,0.0344779717804368,17.630753038720293,-0.2298727634405431,-0.4072516053812411,0.177378841940698
2578,2017-08-03 20:00:00,0.0337274808,17.259842858699997,-0.2512412652284774,-0.42425616177749936,0.17301489654902197
2579,2017-08-03 22:00:00,0.033985862399392004,17.400006928188716,-0.24388444441050583,-0.4178302722960633,0.17394582788555746
2580,2017-08-04 00:00:00,0.0363312000001305,17.517874560062925,-0.1771063591022435,-0.4124265737688654,0.23532021466662187
2581,2017-08-04 02:00:00,0.035857920012880004,17.634969606334398,-0.19058191646053396,-0.40705829480187455,0.2164763783413406
2582,2017-08-04 04:00:00,0.0345456064,17.592962965119995,-0.2279470234560049,-0.4089841095624956,0.1810370861064907
2583,2017-08-04 06:00:00,0.0353527200002518,17.58661632012526,-0.20496632300840087,-0.409275074568455,0.20430875156005415
2584,2017-08-04 08:00:00,0.035322751241207005,17.43407642910794,-0.2058196143842122,-0.4162683395668467,0.21044872518263452
2585,2017-08-04 10:00:00,0.0348345300003681,17.25240427018231,-0.21972058951878579,-0.4245971874618056,0.2048765979430198
2586,2017-08-04 12:00:00,0.034363406999637296,17.3663961538167,-0.23313473165490287,-0.4193711744851042,0.18623644283020133
2587,2017-08-04 14:00:00,0.035588,17.545171,-0.19826726702193395,-0.4111751552925602,0.21290788827062626
2588,2017-08-04 16:00:00,0.0350229481201227,17.461836809221175,-0.21435581761105127,-0.41499565152902784,0.20063983391797657
2589,2017-08-04 18:00:00,0.035318534825988984,17.296508957460198,-0.2059396670943361,-0.42257518676580114,0.21663551967146505
2590,2017-08-04 20:00:00,0.0350653323601236,17.49011116506165,-0.21314902401612712,-0.413699400025683,0.2005503760095559
2591,2017-08-04 22:00:00,0.035300913281504996,17.4282870648689,-0.2064413999793777,-0.4165337557673291,0.2100923557879514
2592,2017-08-05 00:00:00,0.035493899999259004,17.416439999636406,-0.20094654776813067,-0.4170768901964383,0.21613034242830761
2593,2017-08-05 02:00:00,0.03708,17.464154699999998,-0.15578600409050986,-0.4148893867064589,0.25910338261594906
2594,2017-08-05 04:00:00,0.036511400000000006,17.850871299999994,-0.17197557922643986,-0.39716017734987197,0.2251845981234321
2595,2017-08-05 06:00:00,0.035493728999999995,17.950461774,-0.20095141657810592,-0.39259440395543305,0.19164298737732713
2596,2017-08-05 08:00:00,0.0359832000002256,18.252031600114428,-0.1870148574240235,-0.37876878958353316,0.19175393215950967
2597,2017-08-05 10:00:00,0.035528554862287204,18.2051716784506,-0.19995983037660692,-0.3809171053310632,0.1809572749544563
2598,2017-08-05 12:00:00,0.03627715,18.39754735,-0.17864530834285158,-0.3720975497288125,0.1934522413859609
2599,2017-08-05 14:00:00,0.036406785060328,18.2374277464792,-0.17495424863579756,-0.37943831030881864,0.20448406167302108
2600,2017-08-05 16:00:00,0.0371346499998873,18.46873859994395,-0.15422997123902563,-0.36883375248138783,0.2146037812423622
2601,2017-08-05 18:00:00,0.037974635,19.17021173,-0.13031333340508458,-0.33667437793996874,0.20636104453488416
2602,2017-08-05 20:00:00,0.0368274299996589,19.353413679820743,-0.1629773530134859,-0.3282753960423544,0.1652980430288685
2603,2017-08-05 22:00:00,0.037319910077187005,19.019574381510054,-0.14895511731512157,-0.3435804199570412,0.19462530264191963
2604,2017-08-06 00:00:00,0.03733485,19.00949295,-0.1485297374296027,-0.3440426080551365,0.19551287062553377
2605,2017-08-06 02:00:00,0.036726557331807,19.058992864466532,-0.1658494698537076,-0.3417732605621394,0.1759237907084318
2606,2017-08-06 04:00:00,0.03718133845332,18.910108208578784,-0.15290062508209784,-0.3485989495401076,0.19569832445800978
2607,2017-08-06 06:00:00,0.036786287792481415,18.580915836344516,-0.16414878258499116,-0.36369093288380916,0.199542150298818
2608,2017-08-06 08:00:00,0.0373468995745412,18.7282809496408,-0.1481866535527284,-0.35693490807006434,0.20874825451733595
2609,2017-08-06 10:00:00,0.036905400000000005,18.59516757,-0.16075733687055443,-0.3630375552691104,0.20228021839855598
2610,2017-08-06 12:00:00,0.0374594163056016,18.671063462492032,-0.14498299883666863,-0.35955807141117346,0.21457507257450484
2611,2017-08-06 14:00:00,0.037909099999883504,18.872093639942005,-0.13217929156269836,-0.35034174580476707,0.2181624542420687
2612,2017-08-06 16:00:00,0.038659409999764215,18.932486939884523,-0.11081594277918011,-0.34757298579183754,0.23675704301265743
2613,2017-08-06 18:00:00,0.037646009111894994,18.871617011191987,-0.1396701985248309,-0.35036359708007936,0.21069339855524846
2614,2017-08-06 20:00:00,0.0374036700003441,19.18655004017651,-0.1465702464580489,-0.33592534021660175,0.18935509375855286
2615,2017-08-06 22:00:00,0.0370689199991964,18.922295189589796,-0.15610148158877948,-0.34804023150791297,0.19193874991913348
2616,2017-08-07 00:00:00,0.036832,18.710432,-0.1628472327815242,-0.35775320178948816,0.19490596900796398
2617,2017-08-07 02:00:00,0.0376969287996532,18.81683289382689,-0.13822037771783194,-0.3528752014078523,0.21465482369002034
2618,2017-08-07 04:00:00,0.0372963152442,18.4845875693798,-0.14962692582982942,-0.3681071488206855,0.2184802229908561
2619,2017-08-07 06:00:00,0.03772772,18.47616956,-0.13734366922057561,-0.3684930765275909,0.23114940730701528
2620,2017-08-07 08:00:00,0.0373285031820682,18.637288471863926,-0.14871044844926679,-0.3611065021738107,0.2123960537245439
2621,2017-08-07 10:00:00,0.039038051698548314,18.834599025567048,-0.1000349926700324,-0.35206070451509425,0.25202571184506184
2622,2017-08-07 12:00:00,0.0381125378161926,19.25647042488234,-0.12638686839592791,-0.332719806399996,0.20633293800406807
2623,2017-08-07 14:00:00,0.037765050000111496,19.005202140056113,-0.13628078346322536,-0.3442393223099796,0.20795853884675425
2624,2017-08-07 16:00:00,0.0376282214122616,18.814478953849246,-0.1401766622949859,-0.3529831189233572,0.2128064566283713
2625,2017-08-07 18:00:00,0.0374662529998889,18.651314501944693,-0.14478833971629299,-0.36046347204853624,0.21567513233224325
2626,2017-08-07 20:00:00,0.03606057,18.68099142,-0.18481192491502843,-0.35910291940284983,0.1742909944878214
2627,2017-08-07 22:00:00,0.035961419999894204,18.992796239944123,-0.1876349927596297,-0.3448080767941222,0.15717308403449248
2628,2017-08-08 00:00:00,0.035095918479558404,19.021175567084093,-0.2122781547254021,-0.34350701283083845,0.13122885810543636
2629,2017-08-08 02:00:00,0.0360311099461668,19.215798182468305,-0.18565073208182598,-0.3345844450029427,0.14893371292111673
2630,2017-08-08 04:00:00,0.035872222228579005,19.00290637763643,-0.19017469381602245,-0.34434457264723306,0.1541698788312106
2631,2017-08-08 06:00:00,0.0361549271058832,19.283914523784627,-0.18212532369219164,-0.3314616184270941,0.14933629473490245
2632,2017-08-08 08:00:00,0.0372356425998921,19.54253518234337,-0.15135443960703351,-0.31960502939128227,0.16825058978424876
2633,2017-08-08 10:00:00,0.0369839999995712,19.675936499771872,-0.15851938295085352,-0.3134891815452513,0.15496979859439777
2634,2017-08-08 12:00:00,0.035879850000212994,19.646188740116628,-0.18995751059057717,-0.3148529819583116,0.1248954713677344
2635,2017-08-08 14:00:00,0.036721570000108096,20.22135587005953,-0.16599147263469105,-0.28848416701272855,0.1224926943780375
2636,2017-08-08 16:00:00,0.0374053748804697,20.365646831378566,-0.14652170392394548,-0.28186907818155754,0.13534737425761206
2637,2017-08-08 18:00:00,0.037044000000216,21.03944850012268,-0.15681102115241022,-0.25097831515255337,0.09416729400014315
2638,2017-08-08 20:00:00,0.0360310000002104,21.463207750125328,-0.18565386253965585,-0.23155086761063953,0.04589700507098368
2639,2017-08-08 22:00:00,0.03584961,21.25053,-0.19081852493380416,-0.24130118181349466,0.0504826568796905
2640,2017-08-09 00:00:00,0.035496651150317186,21.480771449963388,-0.20086821507948008,-0.23074565130623154,0.029877436226751458
2641,2017-08-09 02:00:00,0.0351992058592347,22.315823134464672,-0.20933728452866843,-0.1924623034021229,-0.016874981126545535
2642,2017-08-09 04:00:00,0.0353443399998954,22.589797649933143,-0.20520492421383374,-0.17990180937856654,-0.025303114835267204
2643,2017-08-09 06:00:00,0.0358671605408137,23.10734182921277,-0.1903188137147052,-0.1561747464448016,-0.0341440672699036
2644,2017-08-09 08:00:00,0.0355082700016944,23.127049261103586,-0.20053739505245816,-0.1552712497087604,-0.045266145343697745
2645,2017-08-09 10:00:00,0.0350529000002118,22.511574800136017,-0.21350300682461998,-0.18348797371834946,-0.030015033106270517
2646,2017-08-09 12:00:00,0.0345016101047951,22.726990069030894,-0.22919971660922736,-0.1736121566449609,-0.05558755996426645
2647,2017-08-09 14:00:00,0.035262042500214995,22.23660482153558,-0.2075481559313418,-0.19609410523011664,-0.011454050701225155
2648,2017-08-09 16:00:00,0.0354977999998934,22.66581149993193,-0.20083550423436222,-0.17641691770174503,-0.024418586532617192
2649,2017-08-09 18:00:00,0.035250932990574906,22.575143532964052,-0.20786447362575186,-0.18057363445067598,-0.02729083917507588
2650,2017-08-09 20:00:00,0.035007500000522496,22.755511500339637,-0.2147956672293706,-0.17230457784740677,-0.04249108938196383
2651,2017-08-09 22:00:00,0.0354439918790999,22.85667334823303,-0.20236756651805834,-0.1676667640576672,-0.034700802460391145
2652,2017-08-10 00:00:00,0.0356849099998937,22.929317099931694,-0.19550797802316142,-0.1643363761655686,-0.031171601857592823
2653,2017-08-10 02:00:00,0.034713602012029,22.79648217789947,-0.22316373540913526,-0.17042625734102168,-0.052737478068113575
2654,2017-08-10 04:00:00,0.035202332701759986,24.580499069173595,-0.20924825489095944,-0.08863714107063995,-0.12061111382031948
2655,2017-08-10 06:00:00,0.035009700000309014,22.967824770202718,-0.21473302730351257,-0.16257097341826113,-0.05216205388525144
2656,2017-08-10 08:00:00,0.035505600000208,23.87454582013986,-0.20061341719399384,-0.12100190883101526,-0.07961150836297858
2657,2017-08-10 10:00:00,0.0353022243164004,23.126834050144065,-0.20640407128091665,-0.15528111615917184,-0.051122955121744806
2658,2017-08-10 12:00:00,0.034744934003781404,23.40826038554759,-0.22227162912240664,-0.14237898985058778,-0.07989263927181886
2659,2017-08-10 14:00:00,0.035473096990112,23.676122527200366,-0.20153886553042197,-0.1300987205576071,-0.07144014497281487
2660,2017-08-10 16:00:00,0.0347457240012168,23.215180734813,-0.2222491357653233,-0.15123081971868824,-0.07101831604663505
2661,2017-08-10 18:00:00,0.0343576653135765,22.827745635315054,-0.23329821293856126,-0.16899296903187844,-0.06430524390668282
2662,2017-08-10 20:00:00,0.034352726447239204,23.11814943630257,-0.23343883578002095,-0.1556792664764248,-0.07775956930359615
2663,2017-08-10 22:00:00,0.034158660932400005,22.923501606463386,-0.2389644042530814,-0.1646029902731903,-0.0743614139798911
2664,2017-08-11 00:00:00,0.0336781141161786,22.60336084487418,-0.2526468678259771,-0.1792799981538767,-0.0733668696721004
2665,2017-08-11 02:00:00,0.034200000000100005,22.13807040006473,-0.2377873695316983,-0.20061146338615873,-0.03717590614553956
2666,2017-08-11 04:00:00,0.0346339600000995,22.53748384006475,-0.22543135823029115,-0.1823001612657042,-0.04313119696458695
2667,2017-08-11 06:00:00,0.033712389726727,22.16283942242032,-0.2516709487751448,-0.19947591558991667,-0.05219503318522811
2668,2017-08-11 08:00:00,0.03285031,22.11939492,-0.2762166830505737,-0.20146764979217893,-0.07474903325839474
2669,2017-08-11 10:00:00,0.033665099999806804,22.6703083498699,-0.2530174148094961,-0.1762107574438316,-0.07680665736566447
2670,2017-08-11 12:00:00,0.03335276666604,22.80119315123825,-0.2619103869770536,-0.17021028049235123,-0.09170010648470237
2671,2017-08-11 14:00:00,0.0327567239999076,22.571368091936325,-0.278881328812387,-0.18074672136857406,-0.09813460744381292
2672,2017-08-11 16:00:00,0.0328865999813271,22.49376178722812,-0.275183409432254,-0.18430461990089167,-0.09087878953136233
2673,2017-08-11 18:00:00,0.0327794739996296,22.33917613174757,-0.2782335749786873,-0.1913916739594449,-0.08684190101924238
2674,2017-08-11 20:00:00,0.0340233387474348,22.532840981241684,-0.24281739173294845,-0.1825130153714943,-0.06030437636145414
2675,2017-08-11 22:00:00,0.03368236817481499,22.39218401610101,-0.25252574330623284,-0.18896150189222086,-0.06356424141401198
2676,2017-08-12 00:00:00,0.0344832,21.89169544,-0.22972390193254888,-0.2119066424584003,-0.017817259474148583
2677,2017-08-12 02:00:00,0.0346709,22.03255065,-0.2243795768305192,-0.20544906730632234,-0.018930509524196865
2678,2017-08-12 04:00:00,0.033760818,22.1577813504,-0.25029206525622716,-0.1997078053453317,-0.05058425991089546
2679,2017-08-12 06:00:00,0.0339828950997294,22.093666546174074,-0.2439689314327334,-0.20264717952005823,-0.041321751912675175
2680,2017-08-12 08:00:00,0.033941061,21.522353786999997,-0.2451600610507655,-0.22883928897563027,-0.016320772075135215
2681,2017-08-12 10:00:00,0.0331125000001766,21.836062500116462,-0.2687514267935414,-0.21445716146461224,-0.05429426532892917
2682,2017-08-12 12:00:00,0.0332850679100437,21.849339268201337,-0.2638379530987755,-0.2138484816175211,-0.049989471481254405
2683,2017-08-12 14:00:00,0.0348352400000902,22.0909489600572,-0.21970037391230055,-0.2027717685684999,-0.01692860534380064
2684,2017-08-12 16:00:00,0.033741637312056795,21.572553298403072,-0.25083819115952527,-0.2265378681230899,-0.024300323036435367
2685,2017-08-12 18:00:00,0.0328501800000846,23.354303500060144,-0.27622038449868846,-0.1448526693332795,-0.13136771516540896
2686,2017-08-12 20:00:00,0.032207220001015203,23.1560013607299,-0.2945271893075726,-0.15394392671412385,-0.14058326259344875
2687,2017-08-12 22:00:00,0.032337495000167395,22.679131350117398,-0.29081790881670444,-0.1758062627349385,-0.11501164608176595
2688,2017-08-13 00:00:00,0.03325348046538,22.169382851687445,-0.2647373328186753,-0.1991759289139196,-0.06556140390475568
2689,2017-08-13 02:00:00,0.0316819300007011,21.78639029048212,-0.30948361197418867,-0.21673440791281623,-0.09274920406137244
2690,2017-08-13 04:00:00,0.02963808,21.80776352,-0.36767753239789835,-0.2157545418797861,-0.15192299051811226
2691,2017-08-13 06:00:00,0.030724336745570006,21.963748835684505,-0.33674887393972647,-0.20860331972298213,-0.12814555421674434
2692,2017-08-13 08:00:00,0.0290609518627134,21.302735957313498,-0.3841099265970908,-0.23890777447884173,-0.14520215211824908
2693,2017-08-13 10:00:00,0.0301533200002238,21.0587795801563,-0.35300726033201746,-0.2500920724492275,-0.10291518788278997
2694,2017-08-13 12:00:00,0.031002299999999997,21.436155300000003,-0.3288345106041268,-0.23279110025614924,-0.09604341034797753
2695,2017-08-13 14:00:00,0.0312041999996856,21.48083629978357,-0.32308587322309557,-0.23074267823489528,-0.09234319498820029
2696,2017-08-13 16:00:00,0.03252504077598,20.84499932313439,-0.2854779748931299,-0.2598929316133969,-0.025585043279733044
2697,2017-08-13 18:00:00,0.03264275,21.0445515,-0.2821264759018113,-0.2507443656578287,-0.031382110243982575
2698,2017-08-13 20:00:00,0.033291,21.2439324,-0.2636690505028194,-0.2416036519729113,-0.022065398529908103
2699,2017-08-13 22:00:00,0.0321299604156232,20.392193035539922,-0.2967269780213866,-0.28065205462684234,-0.01607492339454425
2700,2017-08-14 00:00:00,0.032397200000398,20.59281620025298,-0.2891179464754731,-0.27145438871599475,-0.017663557759478365
2701,2017-08-14 02:00:00,0.031740690370166,20.379078351973753,-0.3078105458178979,-0.2812533036308675,-0.026557242187030428
2702,2017-08-14 04:00:00,0.031692019999921495,20.468603999949302,-0.3091963224903687,-0.27714895704801423,-0.03204736544235448
2703,2017-08-14 06:00:00,0.0323793807148643,20.58548583214773,-0.28962530958137617,-0.2717904529832097,-0.01783485659816647
2704,2017-08-14 08:00:00,0.0324724999999225,20.336919199951463,-0.2869739524550064,-0.28318611032315677,-0.003787842131849628
2705,2017-08-14 10:00:00,0.03164616,20.21549166,-0.3105020803420444,-0.28875301455601055,-0.02174906578603386
2706,2017-08-14 12:00:00,0.0306986378975508,20.353706447037137,-0.33748058943552983,-0.2824164908702999,-0.055064098565229924
2707,2017-08-14 14:00:00,0.0290001117,19.4173793289,-0.3858422100749852,-0.3253428599573864,-0.06049935011759883
2708,2017-08-14 16:00:00,0.029276900000137,19.83982252009284,-0.3779613008561771,-0.30597574776741926,-0.07198555308875781
2709,2017-08-14 18:00:00,0.0288795999997945,19.855673599858715,-0.38927350311971903,-0.30524904735761754,-0.08402445576210149
2710,2017-08-14 20:00:00,0.0307516300035231,19.639556302250032,-0.33597176129404244,-0.31515704927655297,-0.020814712017489467
2711,2017-08-14 22:00:00,0.030693807360142395,19.98386716473271,-0.3376181278602929,-0.2993719514434046,-0.03824617641688827
2712,2017-08-15 00:00:00,0.02985332161707,19.777607345273665,-0.361549023196467,-0.30882803251424895,-0.05272099068221803
2713,2017-08-15 02:00:00,0.0298438618998891,19.5589374748905,-0.36181836685117125,-0.3188530583652234,-0.04296530848594787
2714,2017-08-15 04:00:00,0.0298920975499735,21.61259746201143,-0.3604449678338096,-0.22470202409642545,-0.13574294373738413
2715,2017-08-15 06:00:00,0.0294637,20.42053455,-0.3726426011847494,-0.27935272420413626,-0.09328987698061314
2716,2017-08-15 08:00:00,0.0289100000007,19.64628610047569,-0.38840793312536104,-0.3148485184256138,-0.07355941469974725
2717,2017-08-15 10:00:00,0.0300962028797792,20.2011356767118,-0.35463353875795106,-0.289411171545486,-0.06522236721246505
2718,2017-08-15 12:00:00,0.0299212,20.04925124,-0.3596163426116083,-0.2963743869245797,-0.06324195568702862
2719,2017-08-15 14:00:00,0.030363900000076095,20.60052960005163,-0.3470114799420546,-0.27110076417574663,-0.07591071576630798
2720,2017-08-15 16:00:00,0.03092345,21.042652,-0.33107958271012045,-0.2508314491530106,-0.08024813355710986
2721,2017-08-15 18:00:00,0.0300914999998514,20.628431999898133,-0.354767442430034,-0.26982156517464384,-0.08494587725539016
2722,2017-08-15 20:00:00,0.03115476,21.18198121,-0.324493563320933,-0.24444383420817012,-0.08004972911276287
2723,2017-08-15 22:00:00,0.03095154,21.05708778,-0.3302797846700778,-0.2501696338447315,-0.08011015082534628
2724,2017-08-16 00:00:00,0.0309549939838046,20.904206198599287,-0.3301814404380643,-0.25717856380382653,-0.07300287663423777
2725,2017-08-16 02:00:00,0.0308372399946324,21.447789896266748,-0.333534214013968,-0.23225770656942232,-0.10127650744454567
2726,2017-08-16 04:00:00,0.0294397425302217,20.44472598777396,-0.37332473494669544,-0.2782436560520802,-0.09508107889461526
2727,2017-08-16 06:00:00,0.030361569591518006,20.62285260303653,-0.34707783295726496,-0.2700773553192687,-0.07700047763799628
2728,2017-08-16 08:00:00,0.031016975899999997,20.7208680345,-0.32841664815998783,-0.2655837905108481,-0.06283285764913976
2729,2017-08-16 10:00:00,0.0303142312466682,20.419518892138306,-0.34842568327516243,-0.2793992875294877,-0.0690263957456747
2730,2017-08-16 12:00:00,0.030517599999852006,20.433017839900906,-0.3426352265217863,-0.27878042174773243,-0.06385480477405386
2731,2017-08-16 14:00:00,0.030572999999360095,21.18248799955665,-0.3410578391588481,-0.2444206001961066,-0.09663723896274148
2732,2017-08-16 16:00:00,0.03005888,21.144128,-0.355696221780242,-0.2461792329081713,-0.1095169888720707
2733,2017-08-16 18:00:00,0.0302562,21.2376974,-0.35007798933947215,-0.2418894985601494,-0.10818849077932274
2734,2017-08-16 20:00:00,0.030402917998315206,21.210972529824577,-0.34590053232660317,-0.24311471314459615,-0.10278581918200702
2735,2017-08-16 22:00:00,0.030491759999930406,21.461379939951016,-0.3433709609928436,-0.2316346644511281,-0.11173629654171549
2736,2017-08-17 00:00:00,0.0303194999999303,21.6629999999502,-0.34827566766346796,-0.22239129539427052,-0.12588437226919744
2737,2017-08-17 02:00:00,0.0297331200013224,21.686765280964533,-0.3649714873005929,-0.22130176460474335,-0.14366972269584957
2738,2017-08-17 04:00:00,0.0302011338,21.517508517800003,-0.35164587253038,-0.2290614226829387,-0.1225844498474413
2739,2017-08-17 06:00:00,0.0312282678367228,21.63983754897329,-0.3224005970077015,-0.2234531891494941,-0.09894740785820741
2740,2017-08-17 08:00:00,0.030616000008255994,21.952829005919856,-0.3398335129631642,-0.20910394459410417,-0.13072956836906005
2741,2017-08-17 10:00:00,0.030277,21.7128964,-0.34948575725570974,-0.22010377082815935,-0.1293819864275504
2742,2017-08-17 12:00:00,0.029927715,21.866333795,-0.35943084299498745,-0.21306935932608181,-0.14636148366890564
2743,2017-08-17 14:00:00,0.0297449599991082,20.9428366393721,-0.36463437063903387,-0.2554075325835519,-0.10922683805548195
2744,2017-08-17 16:00:00,0.028609289444891006,20.7547584793082,-0.39696997346555984,-0.2640300666955465,-0.13293990677001333
2745,2017-08-17 18:00:00,0.02944413,20.64468924,-0.37319981185202017,-0.26907624414801523,-0.10412356770400494
2746,2017-08-17 20:00:00,0.028487464772976007,20.619399653981684,-0.40043865035507425,-0.2702356574368685,-0.13020299291820575
2747,2017-08-17 22:00:00,0.028853740000000006,19.75513716,-0.39000980704108396,-0.30985818901386164,-0.08015161802722232
2748,2017-08-18 00:00:00,0.0274263299989648,20.02423058924419,-0.43065201854572266,-0.29752147074639596,-0.1331305477993267
2749,2017-08-18 02:00:00,0.027858939000000003,19.983349200000006,-0.4183344738275744,-0.29939569778681335,-0.11893877604076103
2750,2017-08-18 04:00:00,0.028097588151156004,20.122341234221157,-0.4115394890161674,-0.2930235408284498,-0.1185159481877176
2751,2017-08-18 06:00:00,0.0283456351600662,20.072905874966878,-0.4044769218547281,-0.2952899287565532,-0.10918699309817492
2752,2017-08-18 08:00:00,0.0280369799999346,20.20617431995286,-0.41326516650130407,-0.2891801725118424,-0.12408499398946166
2753,2017-08-18 10:00:00,0.0286947499994015,20.370856099575114,-0.39453668104838446,-0.28163025676439774,-0.11290642428398673
2754,2017-08-18 12:00:00,0.0277975698,19.8980641002,-0.42008182042348,-0.3033056343898755,-0.11677618603360451
2755,2017-08-18 14:00:00,0.02835168,19.97460236,-0.404304808962901,-0.2997967008923658,-0.10450810807053518
2756,2017-08-18 16:00:00,0.0279340281,20.2093716,-0.4161964846852259,-0.28903359166341913,-0.12716289302180678
2757,2017-08-18 18:00:00,0.0277965,19.39923912,-0.420112280514019,-0.3261745065982607,-0.0939377739157583
2758,2017-08-18 20:00:00,0.02761235,19.0613897,-0.42535552754406036,-0.34166337647915423,-0.08369215106490613
2759,2017-08-18 22:00:00,0.028261900000000003,18.9623034,-0.40686108763983336,-0.3462060357729875,-0.06065505186684589
2760,2017-08-19 00:00:00,0.02826254,19.237562,-0.4068428651141793,-0.3335866722737193,-0.07325619284045998
2761,2017-08-19 02:00:00,0.0273592800005328,19.19204196037375,-0.43256111279032144,-0.33567356048191604,-0.0968875523084054
2762,2017-08-19 04:00:00,0.0269863193340666,19.16000308719429,-0.4431803085914138,-0.3371423981013712,-0.10603791049004258
2763,2017-08-19 06:00:00,0.02691345,19.01756025,-0.44525509501240645,-0.343672758789182,-0.10158233622322443
2764,2017-08-19 08:00:00,0.0268457367278628,18.776416159783714,-0.44718307444780014,-0.35472812610609633,-0.09245494834170381
2765,2017-08-19 10:00:00,0.026347227,18.610633565,-0.4613769905491488,-0.3623285092564414,-0.09904848129270744
2766,2017-08-19 12:00:00,0.02672323566,18.721448618625,-0.45067101015373834,-0.35724813958630297,-0.09342287056743537
2767,2017-08-19 14:00:00,0.0263835709632,18.4740961892928,-0.46034217992135446,-0.3685881312093442,-0.09175404871201026
2768,2017-08-19 16:00:00,0.02727,19.161518,-0.4351031551342568,-0.3370729461919124,-0.09803020894234438
2769,2017-08-19 18:00:00,0.0272448380795304,19.22637226151292,-0.43581958285498645,-0.33409967124061885,-0.10171991161436761
2770,2017-08-19 20:00:00,0.027165353503397997,19.261470422704786,-0.43808272305449947,-0.3324905790842392,-0.10559214397026029
2771,2017-08-19 22:00:00,0.0273496724242527,19.585799680895363,-0.4328346663922575,-0.3176215475533265,-0.11521311883893098
2772,2017-08-20 00:00:00,0.027363348733141203,19.53644788113707,-0.43244526500229513,-0.31988410465596734,-0.1125611603463278
2773,2017-08-20 02:00:00,0.027162190764457,19.868346058907203,-0.4381727747599525,-0.30466807235025184,-0.13350470240970064
2774,2017-08-20 04:00:00,0.0270267547776234,20.50559666392755,-0.4420290024858607,-0.27545301049612514,-0.16657599198973555
2775,2017-08-20 06:00:00,0.027464500000066498,21.124289200051148,-0.4295652156952575,-0.24708875227629934,-0.18247646341895818
2776,2017-08-20 08:00:00,0.027858305949209995,21.41420516016748,-0.4183524984904827,-0.23379741502126963,-0.1845550834692131
2777,2017-08-20 10:00:00,0.030028908314514,20.79115227166182,-0.356549596479725,-0.2623615757026141,-0.09418802077711091
2778,2017-08-20 12:00:00,0.029968358603379,20.83714244339896,-0.3582736100180278,-0.26025313406066447,-0.09802047595736335
2779,2017-08-20 14:00:00,0.0299661922201656,20.628325537635554,-0.3583352927894076,-0.2698264459885056,-0.08850884680090204
2780,2017-08-20 16:00:00,0.0324200100000789,20.444165140049755,-0.28846848428116345,-0.27826936838695177,-0.010199115894211686
2781,2017-08-20 18:00:00,0.032826499999209,20.759544999499774,-0.27689461797282555,-0.2638106263649118,-0.013083991607913736
2782,2017-08-20 20:00:00,0.0385479867782199,20.768647161552483,-0.1139884623308493,-0.2633933333481909,0.14940487101734157
2783,2017-08-20 22:00:00,0.0389963061854883,20.574157754326183,-0.10122359998672786,-0.27230979418373197,0.1710861941970041
2784,2017-08-21 00:00:00,0.037925400000000005,20.5939,-0.1317151866091251,-0.27140470139298983,0.13968951478386474
2785,2017-08-21 02:00:00,0.0378177602948642,20.456280534835493,-0.1347799792470172,-0.2777139322598394,0.14293395301282222
2786,2017-08-21 04:00:00,0.0364162479984564,20.639470037125143,-0.17468481327203317,-0.26931552102530176,0.0946307077532686
2787,2017-08-21 06:00:00,0.0346925999976699,21.166505998578373,-0.22376171938639955,-0.24515330275214126,0.021391583365741706
2788,2017-08-21 08:00:00,0.034001199999499,21.67456375968063,-0.24344774158015575,-0.22186114924277325,-0.0215865923373825
2789,2017-08-21 10:00:00,0.033586624858889996,21.435712369579093,-0.25525181366664584,-0.23281140661528332,-0.02244040705136252
2790,2017-08-21 12:00:00,0.0320068423996,23.491501996292413,-0.3002324799049502,-0.13856273799050595,-0.16166974191444428
2791,2017-08-21 14:00:00,0.033411629999167004,22.368986009442306,-0.26023438916767805,-0.19002502571485388,-0.07020936345282416
2792,2017-08-21 16:00:00,0.0347964500000871,22.251271100055696,-0.22080482980321334,-0.1954217226058249,-0.025383107197388427
2793,2017-08-21 18:00:00,0.034285500000000003,22.0622581,-0.23535295399792577,-0.20408711490888104,-0.031265839089044734
2794,2017-08-21 20:00:00,0.0335904800013376,22.009117340876426,-0.255142047366408,-0.2065233786841362,-0.0486186686822718
2795,2017-08-21 22:00:00,0.0331102600002487,22.262116660167212,-0.26881520563127825,-0.19492450266283173,-0.07389070296844652
2796,2017-08-22 00:00:00,0.03172125,22.3368354,-0.3083640655742692,-0.19149898593726103,-0.11686507963700818
2797,2017-08-22 02:00:00,0.032180576370096005,21.558764175786386,-0.2952858053199897,-0.2271700371112194,-0.06811576820877033
2798,2017-08-22 04:00:00,0.030888000000082506,20.61206784005505,-0.33208893979283766,-0.2705717879884632,-0.06151715180437445
2799,2017-08-22 06:00:00,0.031185,20.6546004,-0.3236325489837706,-0.2686218622295597,-0.05501068675421089
2800,2017-08-22 08:00:00,0.0313225499995975,20.19837554974045,-0.31971612961438817,-0.2895377108999534,-0.030178418714434774
2801,2017-08-22 10:00:00,0.03214295999172,20.538186834709386,-0.2963568450387021,-0.2739588983717476,-0.022397946666954494
2802,2017-08-22 12:00:00,0.032058,20.795307,-0.2987758850835472,-0.26217110017472783,-0.036604784908819354
2803,2017-08-22 14:00:00,0.0320147000046911,21.42308580313912,-0.300008752701273,-0.23339027765384007,-0.0666184750474329
2804,2017-08-22 16:00:00,0.0323188860010621,21.399849492703265,-0.29134775719732287,-0.2344555575316419,-0.05689219966568096
2805,2017-08-22 18:00:00,0.033198197074,20.895829982503,-0.26631140003379233,-0.2575625754774581,-0.008748824556334245
2806,2017-08-22 20:00:00,0.0331330400004944,21.090426470314704,-0.2681665976017773,-0.2486412054807466,-0.019525392121030688
2807,2017-08-22 22:00:00,0.032678721503999995,20.82293011656,-0.28110227019171563,-0.2609047050508216,-0.020197565140894047
2808,2017-08-23 00:00:00,0.033254915800566304,21.106266133759423,-0.2646964649557771,-0.2479150284577036,-0.016781436498073482
2809,2017-08-23 02:00:00,0.0328112400000804,20.644187410050584,-0.27732911129408255,-0.26909925078448915,-0.0082298605095934
2810,2017-08-23 04:00:00,0.0325894505883507,21.28786853263321,-0.28364405386452174,-0.23958937874602368,-0.04405467511849806
2811,2017-08-23 06:00:00,0.033144909000161,22.29944186350832,-0.267828655178473,-0.19321331068319678,-0.07461534449527621
2812,2017-08-23 08:00:00,0.0341603099995965,23.201496299725946,-0.23891745086355995,-0.15185818925644534,-0.08705926160711461
2813,2017-08-23 10:00:00,0.03404733,22.807914,-0.2421342960839696,-0.1699021599339087,-0.07223213615006091
2814,2017-08-23 12:00:00,0.04902183,22.386928993,0.1842300951805144,-0.18920242096508058,0.373432516145595
2815,2017-08-23 14:00:00,0.044899069002565586,22.205214684268842,0.06684397323987654,-0.19753320123823728,0.2643771744781138
2816,2017-08-23 16:00:00,0.045257,22.14507675,0.07703523383861524,-0.20029025388848545,0.2773254877271007
2817,2017-08-23 18:00:00,0.0444709580016936,22.140684558396483,0.05465449871448919,-0.2004916160344937,0.2551461147489829
2818,2017-08-23 20:00:00,0.0410743500001005,21.982746900053787,-0.042056089483001116,-0.20773234428367357,0.16567625480067244
2819,2017-08-23 22:00:00,0.04098776,22.04165392,-0.0445215402614873,-0.20503172349522256,0.16051018323373525
2820,2017-08-24 00:00:00,0.045459959996068805,22.2824574980731,0.0828140521747813,-0.19399196712201996,0.27680601929680126
2821,2017-08-24 02:00:00,0.0423637500026702,22.4209012514132,-0.0053433947558278495,-0.18764494636553236,0.18230155160970452
2822,2017-08-24 04:00:00,0.0431656037808936,22.580601020619017,0.0174875443763865,-0.1803234332925259,0.1978109776689124
2823,2017-08-24 06:00:00,0.04321125,22.06466625,0.018787215311831872,-0.20397671210871157,0.22276392742054343
2824,2017-08-24 08:00:00,0.0451611,22.068515700000006,0.0743047022601143,-0.20380023221372426,0.27810493447383855
2825,2017-08-24 10:00:00,0.043272900000310185,22.56514335016175,0.02054255704970009,-0.18103209766251158,0.20157465471221167
2826,2017-08-24 12:00:00,0.0430218,22.2760854,0.013393062991216375,-0.19428409903665383,0.2076771620278702
2827,2017-08-24 14:00:00,0.041634836,22.549545891999998,-0.026097541807992456,-0.18174717066734336,0.1556496288593509
2828,2017-08-24 16:00:00,0.0420691354893639,22.572007251770223,-0.013731864329003933,-0.18071741877719963,0.16698555444819568
2829,2017-08-24 18:00:00,0.0416365829996076,22.65004649378653,-0.026047800018668306,-0.1771396720248325,0.1510918720061642
2830,2017-08-24 20:00:00,0.04108301,22.86703184,-0.04180951593560369,-0.16719187399824106,0.12538235806263737
2831,2017-08-24 22:00:00,0.040617400000000005,23.10749812,-0.055066688076019436,-0.1561675812181543,0.10110089314213486
2832,2017-08-25 00:00:00,0.039813839999725806,23.743162079836484,-0.07794620795056599,-0.127025259879018,0.04907905192845201
2833,2017-08-25 02:00:00,0.039535200000000006,25.24743015,-0.08587984004946922,-0.05806136346402499,-0.02781847658544423
2834,2017-08-25 04:00:00,0.03932544,24.94875768,-0.09185227283264326,-0.07175414714509527,-0.020098125687547985
2835,2017-08-25 06:00:00,0.0384532499990265,25.29424369935964,-0.11668587387655366,-0.05591517367718368,-0.060770700199369976
2836,2017-08-25 08:00:00,0.03831561,25.05374481,-0.12060485577234843,-0.06694096144911725,-0.05366389432323118
2837,2017-08-25 10:00:00,0.0386682000144504,27.033060010102318,-0.11056566736024252,0.023801700141538915,-0.13436736750178144
2838,2017-08-25 12:00:00,0.039669675055505,26.571513068804823,-0.08205097262947901,0.002641857636314855,-0.08469283026579387
2839,2017-08-25 14:00:00,0.0390285000000885,25.99254000005893,-0.10030695527975964,-0.023901442412407232,-0.07640551286735241
2840,2017-08-25 16:00:00,0.0377568006209865,25.9566743469097,-0.1365156655300015,-0.025545720608361164,-0.11096994492164033
2841,2017-08-25 18:00:00,0.0364073495403198,25.79626988117577,-0.17493817636840386,-0.032899540834150136,-0.14203863553425372
2842,2017-08-25 20:00:00,0.03671925,25.69685775,-0.16605752929326537,-0.03745713801565142,-0.12860039127761394
2843,2017-08-25 22:00:00,0.037731840007889705,25.429127685317212,-0.1372263614870353,-0.0497313521761342,-0.0874950093109011
2844,2017-08-26 00:00:00,0.0364725648019504,24.91871862823255,-0.17308132202760554,-0.07313130198576792,-0.09995002004183762
2845,2017-08-26 02:00:00,0.035887019999416195,26.716681549565376,-0.18975336138054416,0.009297176770227232,-0.1990505381507714
2846,2017-08-26 04:00:00,0.0358684677010849,27.761074456629835,-0.1902815953372425,0.05717787415916905,-0.24745946949641157
2847,2017-08-26 06:00:00,0.0364042099932041,30.342713774335657,-0.17502756774005776,0.17553437591472673,-0.3505619436547845
2848,2017-08-26 08:00:00,0.036767928261114004,28.381228329891194,-0.16467152794646348,0.08560912808607322,-0.2502806560325367
2849,2017-08-26 10:00:00,0.0383842800049896,28.863556923751997,-0.11864963557297487,0.10772171549304378,-0.22637135106601863
2850,2017-08-26 12:00:00,0.0382970500024165,29.897330211886487,-0.12113330894751694,0.1551155513216166,-0.27624886026913353
2851,2017-08-26 14:00:00,0.0389919299994558,29.46882818958871,-0.10134820180273561,0.13547066909251584,-0.23681887089525144
2852,2017-08-26 16:00:00,0.0392934500001834,28.982026000135274,-0.09276311438316955,0.1131529875343284,-0.20591610191749793
2853,2017-08-26 18:00:00,0.038717951336974206,30.44460941325512,-0.10914911306177072,0.18020583070856375,-0.28935494377033444
2854,2017-08-26 20:00:00,0.038524366130653895,30.72368033588996,-0.11466100585622589,0.19299997198082622,-0.3076609778370521
2855,2017-08-26 22:00:00,0.0401961885,29.700802549499997,-0.06705971520821764,0.1461056456935397,-0.21316536090175736
2856,2017-08-27 00:00:00,0.0399596399998182,29.67867083986497,-0.07379488882233101,0.145091006773104,-0.218885895595435
2857,2017-08-27 02:00:00,0.0391793600002712,29.46075506020393,-0.0960115643054995,0.13510055257559989,-0.2311121168810994
2858,2017-08-27 04:00:00,0.039269664000090604,30.192606864069663,-0.09344036594082977,0.16865265209429534,-0.2620930180351251
2859,2017-08-27 06:00:00,0.0393637999997279,30.568269199788705,-0.09076006020899027,0.18587507336441259,-0.27663513357340286
2860,2017-08-27 08:00:00,0.039083289388999985,30.226292089239003,-0.09874695364691723,0.1701969675161081,-0.26894392116302535
2861,2017-08-27 10:00:00,0.038517521000000006,30.1838684175,-0.11485590518270565,0.16825203378961204,-0.2831079389723177
2862,2017-08-27 12:00:00,0.0389236963522504,28.9560764458593,-0.10329099771942622,0.1119633176818605,-0.21525431540128673
2863,2017-08-27 14:00:00,0.039066886865790004,28.21071989761184,-0.09921397770939845,0.07779208663260537,-0.17700606434200383
2864,2017-08-27 16:00:00,0.039141,28.61181006,-0.09710377694462174,0.09618025890099842,-0.19328403584562015
2865,2017-08-27 18:00:00,0.03922199999802,27.99709939858665,-0.09479748859788423,0.06799855165097746,-0.16279604024886168
2866,2017-08-27 20:00:00,0.0386316404311287,27.678067785369468,-0.11160661727428577,0.05337239321325553,-0.1649790104875413
2867,2017-08-27 22:00:00,0.0384196340883404,27.874762640022002,-0.11764300949353465,0.062389963851542746,-0.1800329733450774
2868,2017-08-28 00:00:00,0.037800250531614996,27.552977597875728,-0.13527852941890495,0.04763757313433663,-0.1829161025532416
2869,2017-08-28 02:00:00,0.03959,27.3715844,-0.08431953629032594,0.03932151434348145,-0.1236410506338074
2870,2017-08-28 04:00:00,0.0379045799961386,26.479134987302533,-0.1323079882567588,-0.0015932601396325943,-0.1307147281171262
2871,2017-08-28 06:00:00,0.0383827200486639,27.239621636141372,-0.1186940517357319,0.033271617680851816,-0.1519656694165837
2872,2017-08-28 08:00:00,0.0391567867223742,27.5770140881562,-0.09665428639234042,0.04873953764369587,-0.1453938240360363
2873,2017-08-28 10:00:00,0.0397899549477404,24.65494244191971,-0.07862627978268573,-0.08522424868219228,0.006597968899506548
2874,2017-08-28 12:00:00,0.038879999999819996,24.872054399884853,-0.10453515069311274,-0.07527064607867712,-0.029264504614435624
2875,2017-08-28 14:00:00,0.038655000001620005,25.295445451060107,-0.11094150731717695,-0.05586007878988839,-0.055081428527288555
2876,2017-08-28 16:00:00,0.0390464100091494,24.684470045784092,-0.09979700903041626,-0.08387054141772529,-0.015926467612690967
2877,2017-08-28 18:00:00,0.039927999999356006,25.171999999594,-0.07469576494752188,-0.06151949515101961,-0.013176269796502271
2878,2017-08-28 20:00:00,0.0408706989074447,25.75837386330699,-0.04785458520242658,-0.03463690208157681,-0.013217683120849769
2879,2017-08-28 22:00:00,0.03998949129087,26.18334937322208,-0.07294494207701338,-0.015153694516380493,-0.05779124756063289
2880,2017-08-29 00:00:00,0.0400938846149414,26.574217997237,-0.06997258266135478,0.00276586638708648,-0.07273844904844126
2881,2017-08-29 02:00:00,0.0400396149979914,26.839610838653577,-0.07151778498497452,0.014932929417776228,-0.08645071440275075
2882,2017-08-29 04:00:00,0.0400729,26.3948,-0.07057007123028254,-0.00545963837623203,-0.0651104328540505
2883,2017-08-29 06:00:00,0.039564160080263,26.060825290671264,-0.0850552684783115,-0.020770870274460583,-0.06428439820385093
2884,2017-08-29 08:00:00,0.0414048746543705,25.785289268554603,-0.03264516137082811,-0.033402952324694556,0.0007577909538664454
2885,2017-08-29 10:00:00,0.041638499999905,24.98901704994299,-0.025993217851326893,-0.06990843688004957,0.04391521902872267
2886,2017-08-29 12:00:00,0.04184999,25.445759689000003,-0.019971527300789094,-0.04896884993208333,0.028997322631294235
2887,2017-08-29 14:00:00,0.0399788999999129,24.1891163999473,-0.07324650468822759,-0.10658026862516669,0.0333337639369391
2888,2017-08-29 16:00:00,0.0398436019073346,24.95745783042484,-0.07709880619287829,-0.07135528454567289,-0.005743521647205402
2889,2017-08-29 18:00:00,0.04078732,25.06043596,-0.05022860751482141,-0.06663420244475515,0.016405594929933744
2890,2017-08-29 20:00:00,0.04117311,24.59873825,-0.03924412599584422,-0.08780095701398452,0.0485568310181403
2891,2017-08-29 22:00:00,0.0396576000000864,25.005677400054477,-0.08239478201563792,-0.06914463508028049,-0.013250146935357435
2892,2017-08-30 00:00:00,0.03976098,25.46651516,-0.07945127467101298,-0.048017305336755564,-0.03143396933425742
2893,2017-08-30 02:00:00,0.039224305401280996,25.35226694832797,-0.0947318475509048,-0.05325506979617913,-0.04147677775472567
2894,2017-08-30 04:00:00,0.039138741807790006,25.01389220840877,-0.09716807376568241,-0.06876802322255962,-0.028400050543122793
2895,2017-08-30 06:00:00,0.03890772,24.0676938,-0.10374588754558871,-0.11214694638114296,0.008401058835554254
2896,2017-08-30 08:00:00,0.0384337199998296,23.996219389893607,-0.11724194561310469,-0.11542372524301446,-0.0018182203700902316
2897,2017-08-30 10:00:00,0.0385571510452995,23.99488804658352,-0.11372753093716144,-0.11548476132026082,0.001757230383099384
2898,2017-08-30 12:00:00,0.0400507199999124,24.548348159946308,-0.07120159563748117,-0.09011111503683432,0.018909519399353147
2899,2017-08-30 14:00:00,0.039910560000438015,24.61688808027016,-0.07519232874079193,-0.08696886927674694,0.011776540535955005
2900,2017-08-30 16:00:00,0.039016530000084995,24.69076182725379,-0.10064777345498618,-0.08358209165657672,-0.017065681798409463
2901,2017-08-30 18:00:00,0.040012667288751406,24.692919838727203,-0.07228505892708155,-0.08348315657800487,0.01119809765092332
2902,2017-08-30 20:00:00,0.0397621516662006,25.456176877971807,-0.07941791417507774,-0.04849126887094388,-0.03092664530413386
2903,2017-08-30 22:00:00,0.039834291864406,25.1536860223,-0.07736388821804777,-0.062359108287867365,-0.0150047799301804
2904,2017-08-31 00:00:00,0.0398646599986128,25.11510363912605,-0.07649922555452504,-0.06412793628430458,-0.012371289270220465
2905,2017-08-31 02:00:00,0.0409629017999113,25.01420149134584,-0.04522932024404088,-0.0687538439968896,0.023524523752848712
2906,2017-08-31 04:00:00,0.0417501742428504,25.401101585805,-0.022813551043531163,-0.05101622224817281,0.028202671204641646
2907,2017-08-31 06:00:00,0.042098430005386704,26.2365900033571,-0.012897770470013531,-0.012712852106356125,-0.00018491836365740547
2908,2017-08-31 08:00:00,0.0416300000000905,26.287712000057148,-0.026235235764890567,-0.01036913946970724,-0.015866096295183325
2909,2017-08-31 10:00:00,0.0424350467882005,26.304993163683637,-0.003313383031780943,-0.00957687617441694,0.006263493142635998
2910,2017-08-31 12:00:00,0.0423878499996404,26.409375099775964,-0.004657202860427306,-0.004791435885516051,0.0001342330250887454
2911,2017-08-31 14:00:00,0.0420582399951616,26.235986436981808,-0.014042088426842713,-0.012740522898424969,-0.0013015655284177446
2912,2017-08-31 16:00:00,0.0425743999999098,26.403821599944056,0.0006543786484878788,-0.005046038768303272,0.00570041741679115
2913,2017-08-31 18:00:00,0.0425792720596912,26.26684206725669,0.0007930993271683005,-0.011325931621575644,0.012119030948743944
2914,2017-08-31 20:00:00,0.042948114463608,26.18643548841569,0.011295037089264999,-0.015012210074372909,0.026307247163637908
2915,2017-08-31 22:00:00,0.0426249987150848,26.17533272865316,0.0020950605005934254,-0.015521221459624479,0.017616281960217903
2916,2017-09-01 00:00:00,0.0434149086,26.550639103800002,0.024585924785589162,0.0016848806260894276,0.022901044159499735
2917,2017-09-01 02:00:00,0.0434581200007344,27.25624170046061,0.025816269876898217,0.03403357255901248,-0.008217302682114264
2918,2017-09-01 04:00:00,0.0429514551242532,26.759505151649385,0.011390154705373058,0.011260445496603568,0.00012970920876948996
2919,2017-09-01 06:00:00,0.043091302099999985,26.770199448299998,0.015371975179142352,0.011750730693153594,0.003621244485988757
2920,2017-09-01 08:00:00,0.0435865946477676,27.027495371104802,0.029474289488586772,0.02354658657832288,0.005927702910263892
2921,2017-09-01 10:00:00,0.0443119999984224,26.985530499039253,0.050128535757372465,0.02162268674451045,0.028505849012862017
2922,2017-09-01 12:00:00,0.045124700005358,27.181727138227487,0.07326829626608666,0.030617416454140137,0.04265087981194653
2923,2017-09-01 14:00:00,0.0443387421745152,27.382231137051033,0.05088995761659285,0.03980961914721188,0.011080338469380974
2924,2017-09-01 16:00:00,0.0437201999999092,28.019736899941808,0.033278394108809714,0.06903637883717957,-0.03575798472836986
2925,2017-09-01 18:00:00,0.0440316,28.033695,0.042144791750031364,0.06967629467775094,-0.027531502927719574
2926,2017-09-01 20:00:00,0.0443885033859288,27.7428146162055,0.05230679347842074,0.05634074295326553,-0.0040339494748447904
2927,2017-09-01 22:00:00,0.0447278700042911,28.463679902730746,0.061969476149196276,0.08938916027670668,-0.027419684127510405
2928,2017-09-02 00:00:00,0.045093070000000006,29.06813877,0.0723677047284624,0.11710086907136959,-0.04473316434290718
2929,2017-09-02 02:00:00,0.042782300000623004,27.34394652039819,0.006573852236786059,0.03805444240079108,-0.03148059016400502
2930,2017-09-02 04:00:00,0.0403595999970696,25.24961114816669,-0.062406949274550455,-0.05796137454939454,-0.004445574725155915
2931,2017-09-02 06:00:00,0.0412458079999126,26.08882301594472,-0.03717421792019017,-0.019487301033105833,-0.017686916887084337
2932,2017-09-02 08:00:00,0.040666200822016,24.85795463792677,-0.05367719708987247,-0.07591705647748824,0.022239859387615767
2933,2017-09-02 10:00:00,0.0415066399987498,25.010330239246677,-0.029747627622916616,-0.06893132341964565,0.039183695796729034
2934,2017-09-02 12:00:00,0.0417786987386425,24.92872631919,-0.022001381736741373,-0.07267249455893215,0.05067111282219078
2935,2017-09-02 14:00:00,0.0391963999984304,23.67395134905199,-0.09552638961236823,-0.13019825926875375,0.03467186965638552
2936,2017-09-02 16:00:00,0.039858000000000005,24.291267,-0.07668885367261694,-0.10189712501500005,0.025208271342383112
2937,2017-09-02 18:00:00,0.0397800000716924,23.838165042961673,-0.07890972194545048,-0.12266980313694224,0.04376008119149176
2938,2017-09-02 20:00:00,0.03901229904,23.325736038000002,-0.10076824029669072,-0.1461623584328698,0.045394118136179065
2939,2017-09-02 22:00:00,0.03951636,23.9083,-0.0864162656484158,-0.11945443214808955,0.033038166499673755
2940,2017-09-03 00:00:00,0.0402683496221958,25.093992239251943,-0.06500509348876306,-0.06509579861082146,9.070512205840153e-05
2941,2017-09-03 02:00:00,0.0400937674783451,25.639342872021718,-0.06997591785609085,-0.04009393538301428,-0.029881982473076572
2942,2017-09-03 04:00:00,0.0410909345786574,25.91745979150138,-0.04158388181391084,-0.02734353084629669,-0.014240350967614147
2943,2017-09-03 06:00:00,0.0409866599965524,25.645733352842804,-0.04455286032561799,-0.03980096070241799,-0.004751899623200002
2944,2017-09-03 08:00:00,0.040222,25.091748499999998,-0.06632479220677363,-0.06519866392081675,-0.0011261282859568872
2945,2017-09-03 10:00:00,0.04012946,24.13563576,-0.06895965552559004,-0.10903211440098785,0.040072458875397815
2946,2017-09-03 12:00:00,0.03888006,23.290156210000006,-0.10453344232620743,-0.14779353283676994,0.04326009051056251
2947,2017-09-03 14:00:00,0.0394986318554856,24.348593555960377,-0.08692103372375266,-0.09926896136152974,0.012347927637777076
2948,2017-09-03 16:00:00,0.0397746133324748,24.880235474938072,-0.07906309693542762,-0.07489558074044111,-0.004167516194986509
2949,2017-09-03 18:00:00,0.04092248,24.5018228,-0.04638023787821881,-0.09224409264079203,0.04586385476257322
2950,2017-09-03 20:00:00,0.041846715014195,24.812986674966375,-0.02006477497711536,-0.07797863446422093,0.05791385948710557
2951,2017-09-03 22:00:00,0.041530155051,24.906904751578498,-0.029078090680901284,-0.07367291486846443,0.04459482418756315
2952,2017-09-04 00:00:00,0.04071273841971,24.449944585204797,-0.05235214620258323,-0.09462247446135556,0.04227032825877233
2953,2017-09-04 02:00:00,0.0405227541953872,24.55910592633285,-0.05776150933011644,-0.08961792003957719,0.031856410709460756
2954,2017-09-04 04:00:00,0.039996976669592996,24.38041444584321,-0.07273181316168295,-0.09781011729161998,0.02507830412993703
2955,2017-09-04 06:00:00,0.0378441999997402,23.261641099840308,-0.13402716955890284,-0.1491008218381923,0.015073652279289446
2956,2017-09-04 08:00:00,0.037281197864,22.225887027863998,-0.15005735840564072,-0.1965854676589448,0.046528109253304084
2957,2017-09-04 10:00:00,0.0363669964277604,21.771068264064283,-0.176087138288469,-0.2174368536162823,0.041349715327813286
2958,2017-09-04 12:00:00,0.035004649680000006,21.882238733355,-0.2148768235400641,-0.21234018974324156,-0.002536633796822535
2959,2017-09-04 14:00:00,0.033303999999839996,20.987806129899173,-0.26329890545502366,-0.2533458845647869,-0.009953020890236752
2960,2017-09-04 16:00:00,0.032724810000486,20.389495878302807,-0.2797900064267452,-0.2807757071034219,0.0009857006766767484
2961,2017-09-04 18:00:00,0.034049399999999994,21.2176888,-0.2420753576025569,-0.24280680249365566,0.0007314448910987481
2962,2017-09-04 20:00:00,0.0351531083302916,22.12404490260039,-0.21064980547204692,-0.20125446909337585,-0.00939533637867107
2963,2017-09-04 22:00:00,0.0341770799996752,21.629630099794444,-0.23843996374378565,-0.22392115458849643,-0.01451880915528922
2964,2017-09-05 00:00:00,0.0310464,20.0908624,-0.3275788646957649,-0.29446670319129686,-0.03311216150446805
2965,2017-09-05 02:00:00,0.031048466789999996,20.243480622915,-0.3275200176117073,-0.2874698470292124,-0.04005017058249488
2966,2017-09-05 04:00:00,0.0309833099995302,19.988152379696924,-0.3293752071208998,-0.2991754936931076,-0.030199713427792207
2967,2017-09-05 06:00:00,0.031622175021696806,21.19762048505876,-0.3111849973458664,-0.24372684408749257,-0.06745815325837384
2968,2017-09-05 08:00:00,0.031955000000000004,20.9629365,-0.3017085728060248,-0.2544860447624698,-0.047222528043555034
2969,2017-09-05 10:00:00,0.033102419999375986,21.422400858596173,-0.2690384315953911,-0.23342167926732021,-0.03561675232807088
2970,2017-09-05 12:00:00,0.03339573,22.455734699999997,-0.26068710501568276,-0.18604799008641926,-0.0746391149292635
2971,2017-09-05 14:00:00,0.0336660300487809,22.11236130204004,-0.2529909338074801,-0.20179010940561787,-0.051200824401862244
2972,2017-09-05 16:00:00,0.035889700000000004,22.46960265,-0.18967705453774444,-0.18541220721881876,-0.00426484731892568
2973,2017-09-05 18:00:00,0.037330119999831206,22.97412351989612,-0.1486644132880721,-0.16228220419553033,0.013617790907458238
2974,2017-09-05 20:00:00,0.037366293231855696,22.443693871240725,-0.1476344638371929,-0.1866000076980241,0.0389655438608312
2975,2017-09-05 22:00:00,0.0378946765488096,22.989305527539805,-0.1325899661052246,-0.16158617772041087,0.028996211615186257
2976,2017-09-06 00:00:00,0.03835239072578549,23.661944810097427,-0.11955760933608711,-0.13074870484769568,0.011191095511608573
2977,2017-09-06 02:00:00,0.037875219102025,23.37284226694093,-0.1331439720789717,-0.14400275060922582,0.010858778530254132
2978,2017-09-06 04:00:00,0.038047621348300004,23.00724267940404,-0.1282352152733574,-0.16076384032744168,0.03252862505408427
2979,2017-09-06 06:00:00,0.0385776,22.98345355,-0.11314529405961139,-0.16185446445791646,0.048709170398305066
2980,2017-09-06 08:00:00,0.038952571697079004,22.85783632299434,-0.10246883879456072,-0.16761344691788135,0.06514460812332064
2981,2017-09-06 10:00:00,0.0387315,22.7039976,-0.10876334609369558,-0.17466625749574813,0.06590291140205255
2982,2017-09-06 12:00:00,0.0377207910263086,22.718899339854985,-0.13754095578440226,-0.1739830800328039,0.03644212424840165
2983,2017-09-06 14:00:00,0.0384174621629163,23.22195595801341,-0.11770485006659676,-0.15092020633783598,0.03321535627123923
2984,2017-09-06 16:00:00,0.03906032,23.86904884,-0.09940095408490812,-0.12125392054121487,0.021852966456306744
2985,2017-09-06 18:00:00,0.0382705036926606,23.724041257920298,-0.12188915396400439,-0.1279018631973707,0.006012709233366317
2986,2017-09-06 20:00:00,0.03837645,23.7408549,-0.1188725769273432,-0.12713103365326078,0.008258456725917587
2987,2017-09-06 22:00:00,0.0382264421818657,23.4498342796319,-0.12314370398091713,-0.14047301459121347,0.017329310610296342
2988,2017-09-07 00:00:00,0.0377972892,22.6509169986,-0.13536284651472516,-0.17709976331110278,0.041736916796377616
2989,2017-09-07 02:00:00,0.037755000000000004,22.974705,-0.1365669340645639,-0.16225554595924477,0.025688611894680857
2990,2017-09-07 04:00:00,0.037961400000000006,23.1123318,-0.13069016954107462,-0.1559459788233185,0.025255809282243885
2991,2017-09-07 06:00:00,0.0377378351834004,22.831166455380824,-0.13705566267524574,-0.1688361398833049,0.031780477208059155
2992,2017-09-07 08:00:00,0.03741991,23.26255767,-0.14610784987937023,-0.14905880123641005,0.0029509513570398216
2993,2017-09-07 10:00:00,0.0383090999999169,23.11002219994987,-0.12079021302785367,-0.15605186355342504,0.03526165052557137
2994,2017-09-07 12:00:00,0.038649366,23.738665194000006,-0.11110192253445281,-0.1272314217827159,0.016129499248263096
2995,2017-09-07 14:00:00,0.0379323,23.887983,-0.1315187250044155,-0.12038587482858949,-0.011132850175826006
2996,2017-09-07 16:00:00,0.037707001000000004,23.541214556999996,-0.13793359501593483,-0.13628364162785486,-0.0016499533880799666
2997,2017-09-07 18:00:00,0.037139674,23.540977756999997,-0.15408692440943103,-0.1362944978382571,-0.01779242657117394
2998,2017-09-07 20:00:00,0.037154640960000006,23.68210935936,-0.15366077470229667,-0.1298242513449049,-0.023836523357391753
2999,2017-09-07 22:00:00,0.037186184894063404,23.71874205394952,-0.15276263384650665,-0.12814480776354964,-0.02461782608295701
3000,2017-09-08 00:00:00,0.03669137428716,23.876144550803442,-0.16685122600007293,-0.12092861425136851,-0.04592261174870442
3001,2017-09-08 02:00:00,0.0368578225112094,24.145462896097932,-0.16211199626125858,-0.10858158459891595,-0.053530411662342625
3002,2017-09-08 04:00:00,0.0365464089515212,23.99046776054475,-0.1709787799807795,-0.11568741146922608,-0.05529136851155343
3003,2017-09-08 06:00:00,0.0372011298505,24.653647395992998,-0.1523371106401515,-0.08528362068836193,-0.06705348995178959
3004,2017-09-08 08:00:00,0.03698427754357799,24.656185029052,-0.15851148052462863,-0.0851672816747968,-0.07334419884983183
3005,2017-09-08 10:00:00,0.036615389999367205,24.851573429570504,-0.16901470355260834,-0.0762096060574552,-0.09280509749515313
3006,2017-09-08 12:00:00,0.0348565999999206,22.93766219994775,-0.21909219712341965,-0.16395379102366808,-0.05513840609975157
3007,2017-09-08 14:00:00,0.0339541530453552,22.087523026953004,-0.24478729521896636,-0.2029288321267903,-0.04185846309217606
3008,2017-09-08 16:00:00,0.03331665,21.79542905,-0.2629387258418334,-0.2163200216159355,-0.04661870422589792
3009,2017-09-08 18:00:00,0.032715429395127595,21.570010539429454,-0.280057097554551,-0.22665444213668698,-0.053402655417864014
3010,2017-09-08 20:00:00,0.03259376,21.4702016,-0.28352135329524986,-0.2312302311842834,-0.052291122110966454
3011,2017-09-08 22:00:00,0.0335053750877366,22.136945406491176,-0.25756521372796315,-0.20066303926004253,-0.05690217446792062
3012,2017-09-09 00:00:00,0.033260715782053904,21.55151416262859,-0.2645313238441336,-0.2275024174670474,-0.03702890637708617
3013,2017-09-09 02:00:00,0.033835199999841005,21.95061791989685,-0.2481742091619839,-0.20920531290104344,-0.03896889626094047
3014,2017-09-09 04:00:00,0.034309621951672004,22.30763542120456,-0.23466613699296776,-0.192837673072161,-0.041828463920806774
3015,2017-09-09 06:00:00,0.034000968101329604,22.262524181581416,-0.24345434434631355,-0.19490581964671683,-0.04854852469959672
3016,2017-09-09 08:00:00,0.033786740383624995,22.340365251246,-0.24955398509900012,-0.19133715820155497,-0.058216826897445145
3017,2017-09-09 10:00:00,0.0338879801,22.288633484,-0.24667141739763998,-0.19370882606347378,-0.0529625913341662
3018,2017-09-09 12:00:00,0.03330999,22.11388932,-0.2631283539994229,-0.2017200566840312,-0.06140829731539171
3019,2017-09-09 14:00:00,0.0334296758656054,21.992152582333546,-0.2597205746924805,-0.20730113623550758,-0.05241943845697292
3020,2017-09-09 16:00:00,0.0329353831484223,22.083746637403898,-0.2737944211293057,-0.20310196253010923,-0.07069245859919646
3021,2017-09-09 18:00:00,0.0334708984402352,22.093994905992755,-0.2585468568429102,-0.2026321257055344,-0.05591473113737577
3022,2017-09-09 20:00:00,0.0337733405779176,21.899708637012886,-0.2499355136978512,-0.21153927357002822,-0.03839624012782297
3023,2017-09-09 22:00:00,0.033920350500771,22.029258355603265,-0.24574974480625353,-0.20560000413350601,-0.040149740672747514
3024,2017-09-10 00:00:00,0.0335617618279218,21.972696630182806,-0.2559597311973643,-0.2081931037613707,-0.04776662743599361
3025,2017-09-10 02:00:00,0.032877817775304,21.55180743613071,-0.27543346251749884,-0.22748897220165715,-0.04794449031584169
3026,2017-09-10 04:00:00,0.032970336786400004,21.258407688530077,-0.2727991968093723,-0.2409400253769835,-0.03185917143238881
3027,2017-09-10 06:00:00,0.033087599996929604,20.916891448058998,-0.26946039702472696,-0.2565970024138791,-0.012863394610847845
3028,2017-09-10 08:00:00,0.0316512850840305,20.143926150295087,-0.310356155380754,-0.2920339699229881,-0.018322185457765927
3029,2017-09-10 10:00:00,0.0322575,20.4757575,-0.29309558216476767,-0.27682100138220833,-0.016274580782559334
3030,2017-09-10 12:00:00,0.0321725787905592,20.6202628541808,-0.29551351797355396,-0.2701960836067128,-0.02531743436684114
3031,2017-09-10 14:00:00,0.03248736,20.82464544,-0.2865508481852656,-0.26082606521901175,-0.025724782966253856
3032,2017-09-10 16:00:00,0.0335195,21.2409015,-0.2571630393903326,-0.24174260504769232,-0.01542043434264026
3033,2017-09-10 18:00:00,0.03413349323999999,21.72226203259,-0.23968099631623296,-0.2196743988773692,-0.020006597438863766
3034,2017-09-10 20:00:00,0.0336231999999207,21.551495999949168,-0.25421042078267847,-0.22750325014386016,-0.026707170638818306
3035,2017-09-10 22:00:00,0.0335016,21.5713926,-0.25767270065472436,-0.22659108090213256,-0.0310816197525918
3036,2017-09-11 00:00:00,0.0338173,21.531747699999997,-0.24868387042184859,-0.22840862049578076,-0.02027524992606783
3037,2017-09-11 02:00:00,0.0340429820644704,21.731667609354282,-0.2422580935319869,-0.21924319566661116,-0.02301489786537575
3038,2017-09-11 04:00:00,0.0325670430507024,20.622434501413192,-0.284282056879591,-0.2700965233901829,-0.014185533489408098
3039,2017-09-11 06:00:00,0.0325935405565781,20.5753297724523,-0.2835276014411643,-0.2722560624465176,-0.011271538994646668
3040,2017-09-11 08:00:00,0.032540485697965,20.415055845397973,-0.28503821631953735,-0.27960389806347463,-0.00543431825606272
3041,2017-09-11 10:00:00,0.0324786,20.4608492,-0.2868002690051578,-0.2775044795981702,-0.009295789406987609
3042,2017-09-11 12:00:00,0.033338660756165095,20.952943793197164,-0.26231202026544687,-0.25494416523349817,-0.0073678550319487
3043,2017-09-11 14:00:00,0.033432800000000006,21.00667464,-0.2596316221625539,-0.2524808486035056,-0.007150773559048307
3044,2017-09-11 16:00:00,0.032731472458859996,21.000293677279238,-0.27960030827261956,-0.2527733869221942,-0.02682692135042536
3045,2017-09-11 18:00:00,0.033280623999444904,20.7321919996542,-0.26396448321579374,-0.26506463785754714,0.0011001546417533925
3046,2017-09-11 20:00:00,0.0330804892735632,20.84229744410511,-0.26966285849185895,-0.26001680056281956,-0.009646057929039387
3047,2017-09-11 22:00:00,0.0333916695000795,20.854798687849648,-0.2608027183968864,-0.2594436750037806,-0.0013590433931057744
3048,2017-09-12 00:00:00,0.0330861397610097,21.07773027444196,-0.26950197387865144,-0.24922326871428788,-0.02027870516436356
3049,2017-09-12 02:00:00,0.0343869299992791,21.42249929955089,-0.23246496842921968,-0.23341716619419273,0.0009521977649730451
3050,2017-09-12 04:00:00,0.0342179499999207,21.407491699950388,-0.2372762846375951,-0.23410519684831288,-0.003171087789282212
3051,2017-09-12 06:00:00,0.034306368000000004,21.668215488,-0.23475878577081252,-0.22215218882493334,-0.012606596945879178
3052,2017-09-12 08:00:00,0.03378606,21.53495778,-0.24957335745534576,-0.22826145282733457,-0.02131190462801119
3053,2017-09-12 10:00:00,0.03373849,21.62221433,-0.250927803619989,-0.2242611341374115,-0.02666666948257751
3054,2017-09-12 12:00:00,0.033253062570078006,21.377242858752645,-0.2647492314247087,-0.2354919695867703,-0.029257261837938392
3055,2017-09-12 14:00:00,0.0329059499999223,21.304082799949697,-0.27463246222872134,-0.23884602782750186,-0.03578643440121948
3056,2017-09-12 16:00:00,0.032477004560155204,20.946370535190102,-0.2868456954793791,-0.2552455194224884,-0.031600176056890694
3057,2017-09-12 18:00:00,0.032131043639072404,21.62369356893574,-0.2966961357290548,-0.22419331771375617,-0.07250281801529862
3058,2017-09-12 20:00:00,0.032307570515446006,21.35965642590878,-0.29166993958314996,-0.23629822809681206,-0.055371711486337905
3059,2017-09-12 22:00:00,0.032072925140946014,21.11397127369721,-0.2983509260776383,-0.24756178259476722,-0.050789143482871085
3060,2017-09-13 00:00:00,0.0318943608924226,20.697229313549162,-0.30343513170208564,-0.2666675190931209,-0.03676761260896472
3061,2017-09-13 02:00:00,0.03041699508848,19.98554587677232,-0.34549971961306436,-0.2992949900789334,-0.04620472953413096
3062,2017-09-13 04:00:00,0.0301165239481161,20.522804062446266,-0.35405494314999714,-0.274664128997838,-0.07939081415215915
3063,2017-09-13 06:00:00,0.029699826000752997,20.117707636510058,-0.36591945726857394,-0.2932359703540876,-0.07268348691448634
3064,2017-09-13 08:00:00,0.0295986962234784,21.762157923348664,-0.3687988947073129,-0.2178453524911321,-0.15095354221618082
3065,2017-09-13 10:00:00,0.0285479279990302,20.322718883309623,-0.3987170992802148,-0.28383713070002453,-0.11487996858019028
3066,2017-09-13 12:00:00,0.030888311735382007,20.23100212613224,-0.3320800638483182,-0.2880419297427993,-0.04403813410551888
3067,2017-09-13 14:00:00,0.0320283600000838,20.284271280053073,-0.2996198158005228,-0.28559977964603406,-0.014020036154488769
3068,2017-09-13 16:00:00,0.03390127158,20.76458736048,-0.24629297312376067,-0.2635794568897201,0.017286483765959454
3069,2017-09-13 18:00:00,0.031748652493586,20.623302739433953,-0.3075838426955805,-0.2700567185986601,-0.03752712409692038
3070,2017-09-13 20:00:00,0.0312405599997582,20.362333439842395,-0.32205060598229746,-0.282020982217291,-0.04002962376500646
3071,2017-09-13 22:00:00,0.0310665599999196,20.404740719947192,-0.3270048551399458,-0.28007679997318413,-0.046928055166761684
3072,2017-09-14 00:00:00,0.0310878835265985,20.884370902096773,-0.3263977168400318,-0.2580879225547647,-0.06830979428526712
3073,2017-09-14 02:00:00,0.029266520000386,20.459913270269848,-0.37825684743704185,-0.2775473877488131,-0.10070945968822875
3074,2017-09-14 04:00:00,0.029311313616574207,20.157284338358227,-0.3769814524055804,-0.2914215573376579,-0.0855598950679225
3075,2017-09-14 06:00:00,0.032377010003355994,20.31427767210565,-0.2896928101302494,-0.2842241221057682,-0.005468688024481194
3076,2017-09-14 08:00:00,0.031141742274616007,20.114901577231453,-0.3248642130627604,-0.29336461549737175,-0.03149959756538867
3077,2017-09-14 10:00:00,0.028142250000628,18.637626300415906,-0.4102678457384036,-0.3610910142606342,-0.049176831477769356
3078,2017-09-14 12:00:00,0.027236736,17.229505248,-0.4360502709051354,-0.4256470041966738,-0.01040326670846159
3079,2017-09-14 14:00:00,0.0274554643989886,17.401541538558966,-0.42982248362095027,-0.41775991734224194,-0.012062566278708331
3080,2017-09-14 16:00:00,0.02477692,15.828614599999998,-0.5060878649124569,-0.48987151274913066,-0.016216352163326286
3081,2017-09-14 18:00:00,0.0256157051807808,16.59477490577116,-0.4822053891700098,-0.4547465233855405,-0.027458865784469322
3082,2017-09-14 20:00:00,0.025183800000765,16.21573360049258,-0.49450289420599863,-0.47212385514755434,-0.022379039058444294
3083,2017-09-14 22:00:00,0.0239940000014136,15.764412750928754,-0.5283797082865984,-0.49281487753684367,-0.03556483074975475
3084,2017-09-15 00:00:00,0.0256669631993984,16.768513763606965,-0.48074593517119063,-0.44678138151176183,-0.0339645536594288
3085,2017-09-15 02:00:00,0.0253086999996996,16.613661899802807,-0.490946654464125,-0.45388064001952083,-0.03706601444460417
3086,2017-09-15 04:00:00,0.0242266200005082,16.31152296034217,-0.5217563896909917,-0.46773234566772637,-0.05402404402326533
3087,2017-09-15 06:00:00,0.02273832,15.181837560000002,-0.5641323036604471,-0.5195233186172875,-0.04460898504315958
3088,2017-09-15 08:00:00,0.022163787000801898,14.516854843525227,-0.580490807280899,-0.5500097725189129,-0.030481034761986048
3089,2017-09-15 10:00:00,0.0203777,13.669252800000002,-0.6313455200821484,-0.5888684976957732,-0.042477022386375185
3090,2017-09-15 12:00:00,0.02373982,15.8161016,-0.5356168982812104,-0.4904451772793808,-0.04517172100182959
3091,2017-09-15 14:00:00,0.0267108499997843,17.6215823998577,-0.4510236632959652,-0.40767203775039346,-0.04335162554557176
3092,2017-09-15 16:00:00,0.0257616799990692,17.495886659367855,-0.47804909249636607,-0.41343461969897216,-0.06461447279739391
3093,2017-09-15 18:00:00,0.026508302200000004,18.233489677100003,-0.4567907452924921,-0.37961885300205844,-0.07717189229043364
3094,2017-09-15 20:00:00,0.0280099051605469,18.594256148134534,-0.4140360601815018,-0.3630793398448567,-0.05095672033664511
3095,2017-09-15 22:00:00,0.02723952,18.15368016,-0.43597100291853946,-0.38327775887088866,-0.0526932440476508
3096,2017-09-16 00:00:00,0.027490866330948997,18.597797025213012,-0.42881449516257897,-0.36291700662453386,-0.06589748853804511
3097,2017-09-16 02:00:00,0.0275446279003627,18.37904934445583,-0.42728375832218385,-0.37294559972969665,-0.054338158592487196
3098,2017-09-16 04:00:00,0.027552620623598697,18.629087271230077,-0.42705618394059774,-0.3614824901790137,-0.06557369376158406
3099,2017-09-16 06:00:00,0.0276606000002178,18.35357010014452,-0.4239817199397081,-0.3741137079946194,-0.04986801194508872
3100,2017-09-16 08:00:00,0.0260246700000707,17.874457470048558,-0.47056105805877885,-0.3960788579891022,-0.07448220006967665
3101,2017-09-16 10:00:00,0.025623580000698004,17.29176827047104,-0.4819811718138165,-0.42279252585112836,-0.059188645962688136
3102,2017-09-16 12:00:00,0.0267535735956399,16.968752722834562,-0.44980720732484075,-0.43760132968701165,-0.012205877637829099
3103,2017-09-16 14:00:00,0.025389600001136,16.756242000749722,-0.4886432132897468,-0.44734398640865647,-0.041299226881090334
3104,2017-09-16 16:00:00,0.0290373635999204,17.165568816852947,-0.3847815480406597,-0.42857820077142417,0.04379665273076444
3105,2017-09-16 18:00:00,0.031902657005832405,17.563300922741064,-0.3031989189842097,-0.41034398022561175,0.10714506124140205
3106,2017-09-16 20:00:00,0.029075074920314,17.70786881414324,-0.38370780506671087,-0.40371619540098946,0.020008390334278592
3107,2017-09-16 22:00:00,0.0308165998373244,17.59262917292097,-0.3341218949452998,-0.40899941242712085,0.07487751748182103
3108,2017-09-17 00:00:00,0.02881875,17.30607625,-0.3910060666858365,-0.4221365696171867,0.031130502931350224
3109,2017-09-17 02:00:00,0.028527532981374493,16.504976699639258,-0.3992978004246673,-0.4588633655287494,0.05956556510408212
3110,2017-09-17 04:00:00,0.028791270284220495,17.2032310642361,-0.39178848828859114,-0.42685155684484977,0.035063068556258625
3111,2017-09-17 06:00:00,0.0284759800001612,17.103994930096825,-0.4007656528039037,-0.43140108535718563,0.030635432553281938
3112,2017-09-17 08:00:00,0.02858025,17.052163500000002,-0.3977968047616707,-0.4337773223106494,0.03598051754897874
3113,2017-09-17 10:00:00,0.028120484500079004,15.827240947594463,-0.41088756822610867,-0.48993448850729804,0.07904692028118937
3114,2017-09-17 12:00:00,0.028733086781178294,16.45895796052885,-0.39344512950240285,-0.46097311685572784,0.06752798735332499
3115,2017-09-17 14:00:00,0.029583750000482995,16.774978500273882,-0.36922445397601233,-0.4464850025360391,0.07726054856002679
3116,2017-09-17 16:00:00,0.0312776427469242,17.487765096562953,-0.3209947601829823,-0.4138069566694327,0.0928121964864504
3117,2017-09-17 18:00:00,0.030908799999999997,17.441925,-0.3314967077114244,-0.4159085180425176,0.08441181033109318
3118,2017-09-17 20:00:00,0.03027829664,17.493359733264,-0.3494488384187342,-0.4135504678470058,0.06410162942827158
3119,2017-09-17 22:00:00,0.0296446538108838,17.566259601356506,-0.3674903582768419,-0.41020833817509716,0.042717979898255265
3120,2017-09-18 00:00:00,0.03056067,17.83555284,-0.3414089074864355,-0.39786245954918903,0.05645355206275354
3121,2017-09-18 02:00:00,0.031134760767730495,17.81022084832946,-0.32506299538827044,-0.3990238169456553,0.07396082155738487
3122,2017-09-18 04:00:00,0.0306275200011074,18.15995104065661,-0.3395055077049278,-0.38299026731761376,0.04348475961268594
3123,2017-09-18 06:00:00,0.0312442000001586,18.65286620009468,-0.3219469653562386,-0.36039233369719736,0.03844536834095874
3124,2017-09-18 08:00:00,0.0310997199996816,18.4805006998108,-0.3260607005362625,-0.3682945133305149,0.04223381279425237
3125,2017-09-18 10:00:00,0.0314435940000798,18.38086905204665,-0.3162696805455141,-0.3728621743560628,0.056592493810548705
3126,2017-09-18 12:00:00,0.032504000000080004,18.811690000046298,-0.2860770625159777,-0.35311097985784595,0.06703391734186825
3127,2017-09-18 14:00:00,0.0318961949999205,18.51925178495384,-0.30338290971625254,-0.3665179511108018,0.06313504139454928
3128,2017-09-18 16:00:00,0.0313772437017012,18.560157294439662,-0.318158852442967,-0.36464261826625366,0.04648376582328667
3129,2017-09-18 18:00:00,0.031875985163331,18.511326830448624,-0.30395833825644014,-0.36688127447877833,0.06292293622233819
3130,2017-09-18 20:00:00,0.03168921600023399,18.84269222413914,-0.3092761599219937,-0.35168966791659023,0.04241350799459653
3131,2017-09-18 22:00:00,0.03193074,19.0081697,-0.30239932041910567,-0.34410327309067174,0.04170395267156607
3132,2017-09-19 00:00:00,0.03093541,18.76907967,-0.3307390492619571,-0.3550644710246179,0.024325421762660837
3133,2017-09-19 02:00:00,0.03140329,18.683049502,-0.3174172441008614,-0.35900856563926437,0.04159132153840295
3134,2017-09-19 04:00:00,0.0306292638067692,18.42083622733106,-0.3394558568558526,-0.3710298598963041,0.03157400304045149
3135,2017-09-19 06:00:00,0.0311219999999202,18.344156999952965,-0.32542632885513106,-0.3745452561205354,0.049118927265404344
3136,2017-09-19 08:00:00,0.031181221000158008,18.36218687809304,-0.3237401472987207,-0.37371866764665257,0.049978520347931876
3137,2017-09-19 10:00:00,0.032449374146035,18.581492292781306,-0.28763240787022665,-0.36366450495996827,0.07603209708974162
3138,2017-09-19 12:00:00,0.0322727277636036,18.244769952277228,-0.29266200667582537,-0.37910170333685933,0.08643969666103396
3139,2017-09-19 14:00:00,0.032194050769855195,18.66434076441674,-0.29490215282735344,-0.3598662767522889,0.06496412392493545
3140,2017-09-19 16:00:00,0.0318792029996015,18.57249567576784,-0.3038667177814552,-0.36407695921337446,0.060210241431919276
3141,2017-09-19 18:00:00,0.032301465801661,18.018613807597394,-0.2918437572449608,-0.38946994104971516,0.09762618380475435
3142,2017-09-19 20:00:00,0.031469320320001805,17.845717315940945,-0.31553718285056465,-0.39739646423903935,0.0818592813884747
3143,2017-09-19 22:00:00,0.031785,18.412173000000003,-0.3065489311829298,-0.37142702973865377,0.06487809855572396
3144,2017-09-20 00:00:00,0.0314755548148815,18.425782045567715,-0.3153596699710547,-0.3708031164698329,0.05544344649877819
3145,2017-09-20 02:00:00,0.031652398507520996,18.54857772048047,-0.3103244532118171,-0.3651734894287086,0.05484903621689147
3146,2017-09-20 04:00:00,0.03119199999984,18.30798843990609,-0.3234332401139831,-0.3762034212295515,0.052770181115568415
3147,2017-09-20 06:00:00,0.0317877479967036,18.531624490078265,-0.3064706883072594,-0.36595071846690125,0.05948003015964187
3148,2017-09-20 08:00:00,0.0335894399999144,18.449078399952985,-0.25517165901111855,-0.3697350838481619,0.11456342483704335
3149,2017-09-20 10:00:00,0.032322588568020005,18.315743152450853,-0.2912423351326714,-0.3758479026864989,0.08460556755382753
3150,2017-09-20 12:00:00,0.032888731218486594,18.607939989583524,-0.2751227273637944,-0.36245199752272333,0.08732927015892894
3151,2017-09-20 14:00:00,0.0332799999998336,18.571559999907144,-0.26398225016723936,-0.3641198557252495,0.10013760555801016
3152,2017-09-20 16:00:00,0.035193225160929,18.6548143392897,-0.20950757113539628,-0.3603030203146214,0.15079544917922513
3153,2017-09-20 18:00:00,0.0391545,18.251059400000006,-0.09671939554410283,-0.3788133605674658,0.2820939650233629
3154,2017-09-20 20:00:00,0.038305299993695,18.91989593688581,-0.12089840945107982,-0.34815022640724846,0.22725181695616864
3155,2017-09-20 22:00:00,0.0373254718718367,18.371263922962786,-0.14879675802498468,-0.3733025261393192,0.2245057681143345
3156,2017-09-21 00:00:00,0.0410495999993586,18.267724799714564,-0.04276078873840959,-0.3780493272662043,0.3352885385277947
3157,2017-09-21 02:00:00,0.040863300000000005,18.05107635,-0.04806525204730818,-0.3879816801100429,0.33991642806273475
3158,2017-09-21 04:00:00,0.0380596000000986,18.28516740004737,-0.12789415075819643,-0.37724966282712,0.2493555120689236
3159,2017-09-21 06:00:00,0.03674992,18.32544104,-0.16518427169667915,-0.37540329834658825,0.2102190266499091
3160,2017-09-21 08:00:00,0.037787503000196614,17.914659230093207,-0.135641486009998,-0.3942357888776783,0.25859430286768026
3161,2017-09-21 10:00:00,0.0369684687410346,17.967909375400072,-0.15896159975886243,-0.39179451024000383,0.2328329104811414
3162,2017-09-21 12:00:00,0.0372383559999036,17.946685738953537,-0.1512771817924715,-0.3927675181064071,0.2414903363139356
3163,2017-09-21 14:00:00,0.034968959998598996,17.255159999308688,-0.2158930050008785,-0.4244708497286656,0.20857784472778712
3164,2017-09-21 16:00:00,0.0333021056490203,16.373657666650892,-0.2633528427306643,-0.4648837500386342,0.2015309073079699
3165,2017-09-21 18:00:00,0.0321447382301691,16.589185475738937,-0.29630621379533023,-0.45500277350571966,0.15869655971038943
3166,2017-09-21 20:00:00,0.0322973700110236,16.591983665663108,-0.29196037544803033,-0.4548744891367913,0.16291411368876096
3167,2017-09-21 22:00:00,0.031680000000088,17.003016000047232,-0.3095385642955714,-0.4360305131900053,0.12649194889443388
3168,2017-09-22 00:00:00,0.032289827886,17.207380480653,-0.29217512008354574,-0.42666132484456093,0.1344862047610152
3169,2017-09-22 02:00:00,0.032918659,17.413380803000006,-0.27427060272879084,-0.4172171405441857,0.14294653781539485
3170,2017-09-22 04:00:00,0.035568000002112,17.26515180102519,-0.19883672088849433,-0.42401277075175753,0.2251760498632632
3171,2017-09-22 06:00:00,0.0332514,17.255649599999998,-0.264796569277675,-0.4244484037484378,0.1596518344707628
3172,2017-09-22 08:00:00,0.031179921000000006,16.613719221,-0.32377716180845456,-0.4538780121015426,0.13010085029308804
3173,2017-09-22 10:00:00,0.031128240000704,16.531111701373867,-0.32524865920768536,-0.4576651937479475,0.13241653454026214
3174,2017-09-22 12:00:00,0.031469819548654014,16.525041030718462,-0.3155229684647487,-0.45794350657699223,0.14242053811224353
3175,2017-09-22 14:00:00,0.030176718001458595,16.391057669792268,-0.3523410561480194,-0.46408603848837043,0.11174498234035102
3176,2017-09-22 16:00:00,0.0304845182386941,16.388137108054476,-0.34357715346145357,-0.4642199330522142,0.12064277959076064
3177,2017-09-22 18:00:00,0.0310867199880768,16.887608773522818,-0.32643084591903404,-0.44132141324527685,0.11489056732624281
3178,2017-09-22 20:00:00,0.0314640143846112,16.902301782636442,-0.315688257137713,-0.44064780514401175,0.12495954800629877
3179,2017-09-22 22:00:00,0.0305868,16.790753100000003,-0.3406649159312089,-0.44576180839060864,0.10509689245939974
3180,2017-09-23 00:00:00,0.030345850022015,16.574510571024312,-0.3475254114862368,-0.455675551602066,0.10815014011582924
3181,2017-09-23 02:00:00,0.030487599999999997,16.9696868,-0.3434894074076147,-0.43755850646809297,0.09406909906047828
3182,2017-09-23 04:00:00,0.031188417999251407,17.38986557634856,-0.32353522932901296,-0.41829520747064064,0.09475997814162768
3183,2017-09-23 06:00:00,0.0315764995235118,17.39552302946025,-0.3124855019356259,-0.4180358387995201,0.1055503368638942
3184,2017-09-23 08:00:00,0.031339240000000004,17.46057196,-0.319240920301101,-0.41505363915264354,0.09581271885154252
3185,2017-09-23 10:00:00,0.031255144003790404,17.867776862166878,-0.321635360064144,-0.3963851336849569,0.07474977362081292
3186,2017-09-23 12:00:00,0.0313951799997507,17.862912919858154,-0.3176481576752343,-0.3966081234699564,0.07895996579472209
3187,2017-09-23 14:00:00,0.031215500000167595,17.669090500094867,-0.32276413174078933,-0.40549400594302226,0.08272987420223293
3188,2017-09-23 16:00:00,0.03147022,17.72016616,-0.3155115665351776,-0.4031524176391223,0.0876408511039447
3189,2017-09-23 18:00:00,0.0315584297269472,17.90593593279986,-0.31299999776604004,-0.3946357126564701,0.08163571489043003
3190,2017-09-23 20:00:00,0.0307644,17.6453736,-0.33560816506216,-0.40658131868592284,0.07097315362376283
3191,2017-09-23 22:00:00,0.031226249999917507,18.016562149952406,-0.3224580502623116,-0.3895640002856415,0.06710595002332986
3192,2017-09-24 00:00:00,0.031339140001079,17.9728080006188,-0.3192437675400126,-0.39156993040023924,0.07232616286022664
3193,2017-09-24 02:00:00,0.0314207600003332,18.340708760194488,-0.31691982608640656,-0.37470334233816804,0.05778351625176148
3194,2017-09-24 04:00:00,0.03056148,18.13860748,-0.3413858446024044,-0.3839687731673653,0.042582928564960876
3195,2017-09-24 06:00:00,0.0303673289370372,18.052093409937214,-0.34691384886121013,-0.38793505250586174,0.041021203644651616
3196,2017-09-24 08:00:00,0.0311300799999152,17.972224829951042,-0.32519626946888874,-0.3915966661412427,0.06640039667235398
3197,2017-09-24 10:00:00,0.0313964559999146,18.018992263950988,-0.31761182651004455,-0.38945259053534576,0.07184076402530121
3198,2017-09-24 12:00:00,0.0314340000000845,18.36932280004938,-0.3165428475940158,-0.373391517857075,0.056848670263059176
3199,2017-09-24 14:00:00,0.0311303136048748,17.914534211014324,-0.32518961810581176,-0.3942415204377486,0.06905190233193687
3200,2017-09-24 16:00:00,0.0311382500002535,18.156068700147806,-0.3249636475302016,-0.38316825509386676,0.058204607563665134
3201,2017-09-24 18:00:00,0.030888017197632005,17.983224241155618,-0.3320884501322331,-0.39109239282056,0.05900394268832693
3202,2017-09-24 20:00:00,0.0304432485507904,17.834291674760692,-0.34475221275296497,-0.39792027827887616,0.05316806552591119
3203,2017-09-24 22:00:00,0.0302636928254381,17.81225081984364,-0.34986464839608394,-0.3989307519208728,0.04906610352478885
3204,2017-09-25 00:00:00,0.030776490000083694,17.710454350048167,-0.33526393016109013,-0.40359766025831023,0.0683337300972201
3205,2017-09-25 02:00:00,0.0308973343521366,18.24897302671815,-0.3318231656213199,-0.37890901135853605,0.04708584573721614
3206,2017-09-25 04:00:00,0.03148785000501,18.064032752874148,-0.3150095927561481,-0.38738768756081154,0.07237809480466345
3207,2017-09-25 06:00:00,0.0316169391629142,18.36185965385389,-0.3113340763630352,-0.3737336693999842,0.06239959303694903
3208,2017-09-25 08:00:00,0.031605718184376,18.126782399259188,-0.3116535678775319,-0.3845108997068322,0.07285733182930032
3209,2017-09-25 10:00:00,0.031327535616000005,18.174263132112,-0.31957417567251817,-0.38233412257041843,0.06275994689790027
3210,2017-09-25 12:00:00,0.0315549000013392,18.25976880077495,-0.3131004985714216,-0.3784140738812739,0.06531357530985232
3211,2017-09-25 14:00:00,0.033823791399741995,18.786009053346707,-0.24849904276820742,-0.35428833526620546,0.10578929249799804
3212,2017-09-25 16:00:00,0.033209499992264996,18.74703623563353,-0.26598957547433677,-0.35607506292271934,0.09008548744838257
3213,2017-09-25 18:00:00,0.03255696,18.72552088,-0.284569148520368,-0.357061444796185,0.07249229627581699
3214,2017-09-25 20:00:00,0.0330492999999165,18.90534741995224,-0.27055090120930225,-0.34881721019471223,0.07826630898540998
3215,2017-09-25 22:00:00,0.032506923959751605,18.752372869926702,-0.28599380950015324,-0.35583040234532703,0.0698365928451738
3216,2017-09-26 00:00:00,0.032983680000502794,18.910708800288273,-0.27241927952609424,-0.3485714151230297,0.07615213559693546
3217,2017-09-26 02:00:00,0.033303,18.93541974,-0.2633273781468027,-0.34743853015365617,0.08411115200685348
3218,2017-09-26 04:00:00,0.0325991206674216,18.55421724682212,-0.28336872063960317,-0.36491494261902135,0.08154622197941819
3219,2017-09-26 06:00:00,0.033538080001797595,18.782304301006707,-0.25663401664125085,-0.3544581814270637,0.09782416478581285
3220,2017-09-26 08:00:00,0.034378399999473806,18.73348399971326,-0.23270784052341117,-0.3566963717258075,0.12398853120239631
3221,2017-09-26 10:00:00,0.03410421002583,18.81475001425,-0.24051476838100014,-0.35297069202833065,0.11245592364733051
3222,2017-09-26 12:00:00,0.0346673500217607,18.73366931175913,-0.22448065428292172,-0.35668787600553714,0.13220722172261543
3223,2017-09-26 14:00:00,0.0352016295659392,18.520771655643745,-0.20926827506366666,-0.3664482719047469,0.15717999684108022
3224,2017-09-26 16:00:00,0.035596439999727295,18.51296831985817,-0.1980269574726335,-0.36680601960376524,0.16877906213113175
3225,2017-09-26 18:00:00,0.035889796,18.67914994,-0.18967432115889638,-0.35918734294310134,0.16951302178420496
3226,2017-09-26 20:00:00,0.0354277600002712,18.835615370144183,-0.20282973187489,-0.3520141097069416,0.14918437783205157
3227,2017-09-26 22:00:00,0.034189222490000004,18.789286792010003,-0.23809423430402013,-0.3541380657536535,0.11604383144963334
3228,2017-09-27 00:00:00,0.034827,18.874128,-0.21993498893266714,-0.3502484795850732,0.13031349065240608
3229,2017-09-27 02:00:00,0.0341983399999134,18.9943740799519,-0.23783463421292697,-0.34473573995668344,0.10690110574375647
3230,2017-09-27 04:00:00,0.03440450000696799,18.959960503839987,-0.2319647029356949,-0.3463134469793376,0.11434874404364267
3231,2017-09-27 06:00:00,0.0340194600100971,19.388017445754443,-0.24292782984332706,-0.32668896967543637,0.08376113983210931
3232,2017-09-27 08:00:00,0.034044555980602,19.92168655905827,-0.24221327989591554,-0.302222651351093,0.06000937145517746
3233,2017-09-27 10:00:00,0.0354563499987025,20.679209059243263,-0.2020156975313451,-0.26749366635767646,0.06547796882633136
3234,2017-09-27 12:00:00,0.0351552699999134,20.995206264948283,-0.2105882569093295,-0.2530066217983251,0.04241836488899561
3235,2017-09-27 14:00:00,0.035051300000085696,20.795564100050843,-0.21354856314234608,-0.26215931329868747,0.04861075015634139
3236,2017-09-27 16:00:00,0.035259999999999986,20.840874,-0.20760631141972735,-0.26008205904550924,0.05247574762578189
3237,2017-09-27 18:00:00,0.03604278099974231,21.121405337848984,-0.18531842571746407,-0.2472209643322021,0.06190253861473802
3238,2017-09-27 20:00:00,0.0360789,21.0916072,-0.18429002039121284,-0.24858707435789298,0.06429705396668015
3239,2017-09-27 22:00:00,0.03584306,20.92990988,-0.1910050210947965,-0.2560001661121105,0.06499514501731402
3240,2017-09-28 00:00:00,0.0353374200000846,20.773641180049733,-0.205401955267083,-0.26316438015748633,0.05776242489040334
3241,2017-09-28 02:00:00,0.036535827564351496,20.941714115642377,-0.17128006060446269,-0.25545899522625204,0.08417893462178935
3242,2017-09-28 04:00:00,0.0356742679619412,21.733660125922622,-0.19581098553816567,-0.21915184778191585,0.023340862243750177
3243,2017-09-28 06:00:00,0.0357434746189848,22.71185162258493,-0.19384048540782126,-0.17430618603592568,-0.019534299371895575
3244,2017-09-28 08:00:00,0.03639748,21.78312462,-0.17521918879289292,-0.21688412415377192,0.04166493536087901
3245,2017-09-28 10:00:00,0.035589500085,21.0755157703356,-0.1982245555572526,-0.2493247937249099,0.0511002381676573
3246,2017-09-28 12:00:00,0.035397109151098505,21.38186465062356,-0.20370244419578598,-0.23528008130557934,0.03157763710979336
3247,2017-09-28 14:00:00,0.034935528261468014,21.32809861082022,-0.2168448967001516,-0.23774501137568235,0.02090011467553074
3248,2017-09-28 16:00:00,0.0367246199998242,21.340513739897844,-0.16590463091895333,-0.23717583378515159,0.07127120286619826
3249,2017-09-28 18:00:00,0.035478134482,21.697205670791,-0.2013954345536064,-0.22082311988921313,0.019427685335606737
3250,2017-09-28 20:00:00,0.035775119608004405,22.57523419122991,-0.19293946724494998,-0.18056947817867913,-0.012369989066270848
3251,2017-09-28 22:00:00,0.035698871464141205,22.23838571813382,-0.19511045749125405,-0.19601245916518784,0.0009020016739337833
3252,2017-09-29 00:00:00,0.0351907651818905,22.33260098081513,-0.2095776133715493,-0.19169311493051366,-0.017884498441035623
3253,2017-09-29 02:00:00,0.034378419324080006,20.55145951713423,-0.23270729029976706,-0.27335040583371445,0.040643115533947394
3254,2017-09-29 04:00:00,0.03381169999999999,20.0384899,-0.24884331752132333,-0.29686774575587227,0.048024428234548944
3255,2017-09-29 06:00:00,0.0345334949580186,20.505563270071963,-0.228291868865717,-0.27545454145356774,0.04716267258785073
3256,2017-09-29 08:00:00,0.0347678791950028,20.381242750913337,-0.2216183176604174,-0.28115407571582307,0.059535758055405674
3257,2017-09-29 10:00:00,0.035287500999999985,21.032317953,-0.20682328379782586,-0.25130521853028537,0.04448193473245951
3258,2017-09-29 12:00:00,0.0352211999979,20.861139388756193,-0.2087110520973073,-0.25915298250741603,0.05044193041010872
3259,2017-09-29 14:00:00,0.0355739999999153,20.869337999950307,-0.19866588477303196,-0.2587771132163287,0.06011122844329672
3260,2017-09-29 16:00:00,0.035797738487516995,20.854715725327765,-0.19229544675715607,-0.25944747846067706,0.06715203170352099
3261,2017-09-29 18:00:00,0.038019799999272005,20.776985099602165,-0.12902736409585425,-0.2630110765500988,0.13398371245424456
3262,2017-09-29 20:00:00,0.037223627999999995,20.800881907,-0.15169652766134478,-0.2619155158699773,0.11021898820863252
3263,2017-09-29 22:00:00,0.03659563598025401,20.59604893809423,-0.16957715374020885,-0.2713061822878701,0.10172902854766128
3264,2017-09-30 00:00:00,0.036900950234316,21.054876320879504,-0.16088403369763585,-0.2502710192565054,0.08938698555886956
3265,2017-09-30 02:00:00,0.03716369428744151,20.474165217172228,-0.15340300205923574,-0.2768940003577074,0.12349099829847165
3266,2017-09-30 04:00:00,0.037044599999913,21.05082813995056,-0.15679393754323673,-0.2504566100669402,0.09366267252370347
3267,2017-09-30 06:00:00,0.037929599999209807,21.035851199561755,-0.13159560130701828,-0.25114323513468817,0.11954763382766989
3268,2017-09-30 08:00:00,0.0378291689391583,20.965002716097523,-0.13445514438244024,-0.2543913180872536,0.11993617370481338
3269,2017-09-30 10:00:00,0.0375667513134453,21.167336736636592,-0.14192688175224863,-0.24511521716451803,0.1031883354122694
3270,2017-09-30 12:00:00,0.0371093583496564,21.444457054601447,-0.1549500927158542,-0.23241050230572247,0.07746040958986827
3271,2017-09-30 14:00:00,0.0371092340541591,21.51221863075828,-0.1549536317438047,-0.22930394011000388,0.07435030836619919
3272,2017-09-30 16:00:00,0.0374024199993959,21.355394939655078,-0.14660583735546515,-0.236493597992912,0.08988776063744686
3273,2017-09-30 18:00:00,0.03776668,21.57647847,-0.13623437297137442,-0.2263579167349093,0.09012354376353487
3274,2017-09-30 20:00:00,0.037478887558022304,21.484435720934574,-0.144428599779237,-0.2305776610332838,0.08614906125404681
3275,2017-09-30 22:00:00,0.037539000000516,21.2065668002915,-0.1427170364581748,-0.2433166959435254,0.1005996594853506
3276,2017-10-01 00:00:00,0.0374368591557401,21.127681045842653,-0.14562526171485235,-0.24693325146732747,0.10130798975247512
3277,2017-10-01 02:00:00,0.036719999999999996,20.7943632,-0.1660361747710145,-0.26221436914169427,0.09617819437067976
3278,2017-10-01 04:00:00,0.0367058434131528,20.961500938821377,-0.16643925096945103,-0.25455185875824865,0.08811260778879762
3279,2017-10-01 06:00:00,0.0370024460353672,20.9087678652368,-0.15799417457505446,-0.25696943199300837,0.0989752574179539
3280,2017-10-01 08:00:00,0.0358228,20.766649800000003,-0.19158187792253825,-0.2634849033535248,0.07190302543098656
3281,2017-10-01 10:00:00,0.03631157349023769,20.741637085582983,-0.17766517875853216,-0.2646316233300551,0.08696644457152292
3282,2017-10-01 12:00:00,0.036405499999745,20.447941429856773,-0.17499083777554889,-0.27809624255635707,0.10310540478080818
3283,2017-10-01 14:00:00,0.0364470115438845,20.44513443891368,-0.173808892184879,-0.2782249304122498,0.10441603822737083
3284,2017-10-01 16:00:00,0.036394150000337994,20.3185309201887,-0.17531400286206408,-0.2840291298925819,0.1087151270305178
3285,2017-10-01 18:00:00,0.036559769999915497,20.41648987795281,-0.17059835490713496,-0.27953815414819183,0.10893979924105687
3286,2017-10-01 20:00:00,0.03634176,20.60608368,-0.1768056874326644,-0.2708461346972399,0.0940404472645755
3287,2017-10-01 22:00:00,0.036670313871485394,20.755265267456146,-0.16745087282025936,-0.26400683274806575,0.09655595992780638
3288,2017-10-02 00:00:00,0.0363518997145575,20.369254756702887,-0.17651698241914773,-0.2817036711020119,0.10518668868286415
3289,2017-10-02 02:00:00,0.03638172,20.07527376,-0.17566791848712843,-0.2951813719232428,0.11951345343611436
3290,2017-10-02 04:00:00,0.0364872199999183,20.220350919954726,-0.17266404902614008,-0.2885302394357923,0.11586619040965224
3291,2017-10-02 06:00:00,0.0364646001148715,19.623980603739653,-0.17330809814420425,-0.315871124699655,0.14256302655545075
3292,2017-10-02 08:00:00,0.0367690586810569,19.828285911419112,-0.1646393418426987,-0.3065046491656048,0.14186530732290611
3293,2017-10-02 10:00:00,0.035503045899999995,19.087736474800003,-0.2006861393136248,-0.340455495859858,0.1397693565462332
3294,2017-10-02 12:00:00,0.03545226,19.42159782,-0.2021321508224109,-0.3251494611948798,0.12301731037246891
3295,2017-10-02 14:00:00,0.035291849994379,19.445897246902817,-0.20669945620151062,-0.32403544222903985,0.11733598602752923
3296,2017-10-02 16:00:00,0.03506000000024,19.22033025013157,-0.21330085067984034,-0.3343766701713987,0.12107581949155838
3297,2017-10-02 18:00:00,0.0353241,19.374453,-0.20578121158467055,-0.32731083824427104,0.12152962665960049
3298,2017-10-02 20:00:00,0.034431250000472195,19.31610625026491,-0.23120305849369363,-0.3299857731742167,0.09878271468052305
3299,2017-10-02 22:00:00,0.03445983,19.35436572,-0.23038930884589168,-0.328231749300389,0.09784244045449733
3300,2017-10-03 00:00:00,0.034944937387113614,19.344626065113136,-0.21657699352286908,-0.3286782684840758,0.1121012749612067
3301,2017-10-03 02:00:00,0.03394742,19.373044600000004,-0.24497900317477297,-0.32737540702269363,0.08239640384792066
3302,2017-10-03 04:00:00,0.03283952,19.09288832,-0.27652390344402555,-0.3402193070277172,0.06369540358369163
3303,2017-10-03 06:00:00,0.03278024999816399,19.15249309892728,-0.27821148020806125,-0.3374866971416796,0.05927521693361837
3304,2017-10-03 08:00:00,0.03224576,19.253120000000003,-0.29342985161973756,-0.33287340824737593,0.039443556627638376
3305,2017-10-03 10:00:00,0.0320837403534597,19.2593496377183,-0.2980429878159406,-0.33258780749653305,0.034544819680592476
3306,2017-10-03 12:00:00,0.0308162400006552,19.26260514040955,-0.3341321404655121,-0.3324385574028621,-0.0016935830626499948
3307,2017-10-03 14:00:00,0.0313462,19.3270793,-0.3190427503346115,-0.3294827084078381,0.010439958073226618
3308,2017-10-03 16:00:00,0.03150455563705799,19.42712349606305,-0.3145339383677657,-0.32489613390621797,0.010362195538452246
3309,2017-10-03 18:00:00,0.031767257694100805,19.317524230830873,-0.3070541024710756,-0.3299207651701187,0.022866662699043083
3310,2017-10-03 20:00:00,0.0319180340466108,19.23179054111016,-0.3027610931715995,-0.33385126759481726,0.031090174423217765
3311,2017-10-03 22:00:00,0.0324889552,19.461142697600003,-0.2865054285400724,-0.3233365071764821,0.03683107863640972
3312,2017-10-04 00:00:00,0.03230802368715,19.25411748713425,-0.2916570365628346,-0.3328276779678029,0.04117064140496829
3313,2017-10-04 02:00:00,0.0334969999834073,19.108855990534447,-0.25780367553030303,-0.33948726145780317,0.08168358592750014
3314,2017-10-04 04:00:00,0.033430773514985,19.280959833528208,-0.259689321655013,-0.33159707762936247,0.07190775597434945
3315,2017-10-04 06:00:00,0.0328834632062112,19.364677227177072,-0.27527272187759927,-0.3277590132721858,0.05248629139458655
3316,2017-10-04 08:00:00,0.031946789,19.415522763,-0.30194236211562936,-0.32542797511801164,0.023485613002382277
3317,2017-10-04 10:00:00,0.0308850053021058,19.480748956413237,-0.33217420691894267,-0.3224376487690611,-0.009736558149881558
3318,2017-10-04 12:00:00,0.0311603599993367,19.138760759592603,-0.32433411624034447,-0.3381162628728124,0.013782146632467906
3319,2017-10-04 14:00:00,0.0311583599994834,18.959946499685646,-0.324391061628837,-0.346314089006559,0.021923027377722004
3320,2017-10-04 16:00:00,0.031119691891192007,18.83128252883871,-0.3254920469340564,-0.35221275090986276,0.026720703975806337
3321,2017-10-04 18:00:00,0.032707811534247004,18.835789641062156,-0.28027399859412433,-0.3520061201725137,0.07173212157838937
3322,2017-10-04 20:00:00,0.032728576,18.895733696,-0.2796827782661862,-0.3492579560138616,0.06957517774767541
3323,2017-10-04 22:00:00,0.032442413282433,18.83202038337136,-0.287830602425794,-0.3521789236123429,0.06434832118654887
3324,2017-10-05 00:00:00,0.032246056919999995,18.91531693744,-0.29342139750674195,-0.34836015284903665,0.0549387553422947
3325,2017-10-05 02:00:00,0.031777686004953,18.71292845991667,-0.30675718034289673,-0.3576387503785247,0.05088157003562799
3326,2017-10-05 04:00:00,0.03146814,18.6203079,-0.3155707897435539,-0.3618849846945251,0.04631419495097122
3327,2017-10-05 06:00:00,0.030710936883007807,18.574215659906613,-0.33713040415738715,-0.3639981057095778,0.026867701552190648
3328,2017-10-05 08:00:00,0.0317984195152512,18.8375772032816,-0.30616684140022316,-0.3519241685189606,0.04575732711873742
3329,2017-10-05 10:00:00,0.031499485,18.78836173,-0.3146783130769416,-0.3541804756684159,0.039502162591474266
3330,2017-10-05 12:00:00,0.032183926533,19.119492741029998,-0.29519041714895233,-0.3389996144925335,0.043809197343581185
3331,2017-10-05 14:00:00,0.03296412,18.97894068,-0.27297620548071755,-0.345443291633625,0.07246708615290748
3332,2017-10-05 16:00:00,0.03213675036,18.937181639610003,-0.29653364999701626,-0.3473577550148309,0.05082410501781465
3333,2017-10-05 18:00:00,0.0326917111484845,18.971973310785465,-0.28073241998881215,-0.34576271404132397,0.06503029405251182
3334,2017-10-05 20:00:00,0.0320759880451413,18.997988708841586,-0.29826371693658355,-0.344570025548945,0.04630630861236146
3335,2017-10-05 22:00:00,0.032162137758205,18.89622727267639,-0.2958108023171963,-0.3492353277526769,0.053424525435480597
3336,2017-10-06 00:00:00,0.032022939194605304,18.87299437762059,-0.2997741607488017,-0.35030045105073015,0.050526290301928456
3337,2017-10-06 02:00:00,0.0315365400056862,18.49970640333559,-0.3136232571523565,-0.36741401857380795,0.05379076142145145
3338,2017-10-06 04:00:00,0.0319746091560984,18.75492849814496,-0.3011502472590548,-0.35571323833499213,0.05456299107593732
3339,2017-10-06 06:00:00,0.032185699995547004,19.006273107370422,-0.2951399218883905,-0.344190223296052,0.04905030140766148
3340,2017-10-06 08:00:00,0.0322085910045322,19.043648873679707,-0.2944881531407592,-0.34247671323271306,0.04798856009195385
3341,2017-10-06 10:00:00,0.0318119561139,19.281125400774396,-0.30578141793749053,-0.33158948711897246,0.02580806918148193
3342,2017-10-06 12:00:00,0.03137071,19.19591584,-0.31834488454744697,-0.33549596059891124,0.017151076051464265
3343,2017-10-06 14:00:00,0.0312183520857248,19.244360220844523,-0.32268292517479835,-0.33327500455476217,0.010592079379963815
3344,2017-10-06 16:00:00,0.031136293086757607,19.143775820984327,-0.32501936613392357,-0.3378863449604445,0.012866978826520936
3345,2017-10-06 18:00:00,0.030589606458717004,18.89999445070366,-0.34058500848438367,-0.3490626196560269,0.008477611171643251
3346,2017-10-06 20:00:00,0.0308661324986392,18.974087927344662,-0.3327115665210323,-0.3456657684235591,0.01295420190252683
3347,2017-10-06 22:00:00,0.0309511845732528,19.780255058602467,-0.3302899046279201,-0.3087066468175332,-0.02158325781038689
3348,2017-10-07 00:00:00,0.0310076009321055,20.20422913372539,-0.3286835787739957,-0.28926935051419445,-0.03941422825980123
3349,2017-10-07 02:00:00,0.031038582723379,20.374862323782047,-0.3278014436391592,-0.2814465894801536,-0.04635485415900559
3350,2017-10-07 04:00:00,0.0311631299911836,20.28930146425993,-0.3242552471036379,-0.2853691684209003,-0.03888607868273758
3351,2017-10-07 06:00:00,0.030524752153002,19.912356618662425,-0.3424315854370071,-0.30265038697599866,-0.039781198461008416
3352,2017-10-07 08:00:00,0.030585605248211207,19.773897911202546,-0.34069893373608656,-0.3089980933113322,-0.03170084042475435
3353,2017-10-07 10:00:00,0.0303539185534272,20.160977441245095,-0.34729567864146993,-0.2912522452516066,-0.05604343338986334
3354,2017-10-07 12:00:00,0.031406891030141895,20.087908487133188,-0.317314713063139,-0.29460212675376307,-0.02271258630937595
3355,2017-10-07 14:00:00,0.031544679999782804,20.00054707986229,-0.3133914895722774,-0.29860725267592886,-0.014784236896348557
3356,2017-10-07 16:00:00,0.0315648613440504,19.999478708440424,-0.31281687228531946,-0.2986562326799133,-0.014160639605406145
3357,2017-10-07 18:00:00,0.0311972242641812,20.164948545946547,-0.32328449122182373,-0.291070188038058,-0.032214303183765725
3358,2017-10-07 20:00:00,0.031247389183578694,19.976512402427566,-0.32185616070516243,-0.2997091340744989,-0.022147026630663535
3359,2017-10-07 22:00:00,0.0316572,20.179533600000003,-0.31018774177450886,-0.29040152918868134,-0.019786212585827523
3360,2017-10-08 00:00:00,0.0317635883383854,19.835738101864067,-0.3071585789221045,-0.3061629998943717,-0.0009955790277328402
3361,2017-10-08 02:00:00,0.031617072011320795,19.800857437089892,-0.3113302938106956,-0.307762120822406,-0.0035681729882895974
3362,2017-10-08 04:00:00,0.0316571999987166,19.455769199211254,-0.3101877418110508,-0.3235828578061458,0.01339511599509502
3363,2017-10-08 06:00:00,0.03166083,19.431823280000003,-0.3100843858868138,-0.3246806700410801,0.014596284154266281
3364,2017-10-08 08:00:00,0.032937969000665104,19.302362970389762,-0.2737207949436299,-0.3306158404797129,0.05689504553608299
3365,2017-10-08 10:00:00,0.033126405,19.46768635,-0.2683555139560352,-0.3230365102708507,0.05468099631481549
3366,2017-10-08 12:00:00,0.033999830469375,19.40293258604834,-0.2434867357954977,-0.3260051778628962,0.08251844206739847
3367,2017-10-08 14:00:00,0.033019199999784005,19.747453579870815,-0.2714079293727503,-0.3102104464569568,0.038802517084206456
3368,2017-10-08 16:00:00,0.0317782599997918,19.650961659871253,-0.30674083716215395,-0.31463416514627934,0.007893327984125398
3369,2017-10-08 18:00:00,0.031464,19.575576,-0.3156886667063797,-0.31809025714321426,0.0024015904368345775
3370,2017-10-08 20:00:00,0.029809000010530006,19.261200006804,-0.36281097884054786,-0.3325029764318534,-0.030308002408694468
3371,2017-10-08 22:00:00,0.0293259600012084,19.135650000788495,-0.37656443034348935,-0.33825887711304903,-0.038305553230440326
3372,2017-10-09 00:00:00,0.029370132414868706,19.26961938860804,-0.37530672262296716,-0.33211698580549587,-0.04318973681747129
3373,2017-10-09 02:00:00,0.0313132499956125,18.97643256734109,-0.31998092580376497,-0.3455582772701862,0.025577351466421205
3374,2017-10-09 04:00:00,0.031010740014895406,19.117247029182593,-0.32859420062294914,-0.33910257023712065,0.010508369614171509
3375,2017-10-09 06:00:00,0.030218344208915494,18.836850186059216,-0.3511558457835325,-0.3519574989747556,0.0008016531912231062
3376,2017-10-09 08:00:00,0.0296908300027174,18.878411761727808,-0.36617559758886936,-0.35005208845910124,-0.01612350912976812
3377,2017-10-09 10:00:00,0.0301760000015744,19.035260000993144,-0.3523614995406905,-0.34286130515384045,-0.00950019438685007
3378,2017-10-09 12:00:00,0.029799644999032506,19.10452930837974,-0.3630773412421241,-0.33968562029148197,-0.023391720950642125
3379,2017-10-09 14:00:00,0.029221362148402,18.973923669770752,-0.37954261324371125,-0.34567329889139076,-0.03386931435232049
3380,2017-10-09 16:00:00,0.029547200000000006,18.6693464,-0.3702651310407989,-0.3596367909706638,-0.010628340070135078
3381,2017-10-09 18:00:00,0.027793158,17.71729819,-0.4202074362651697,-0.40328390110933904,-0.01692353515583067
3382,2017-10-09 20:00:00,0.026761074101259,18.282442553707146,-0.44959364770599114,-0.3773745847240088,-0.07221906298198233
3383,2017-10-09 22:00:00,0.0265714994025,17.820427426308,-0.45499135053650497,-0.3985558914472519,-0.05643545908925307
3384,2017-10-10 00:00:00,0.0281175812599165,17.206175253356005,-0.41097023130164245,-0.42671657907225824,0.015746347770615787
3385,2017-10-10 02:00:00,0.028164582599999998,17.845711801500002,-0.40963197641811944,-0.3973967170512485,-0.01223525936687092
3386,2017-10-10 04:00:00,0.0277778178696298,17.818937835847372,-0.42064421113893563,-0.3986241824415668,-0.022020028697368854
3387,2017-10-10 06:00:00,0.02676492,17.75098332,-0.4494841445990045,-0.40173959005061066,-0.047744554548393825
3388,2017-10-10 08:00:00,0.027009825002034,18.018517186356906,-0.4425110388452329,-0.3894743706971648,-0.05303666814806812
3389,2017-10-10 10:00:00,0.030159327000000007,18.110074600999997,-0.35283622485150673,-0.38527687678985584,0.03244065193834911
3390,2017-10-10 12:00:00,0.0288953599992824,18.239302079547038,-0.3888247734400645,-0.37935238060380033,-0.009472392836264165
3391,2017-10-10 14:00:00,0.0287419434520148,18.502422168587326,-0.3931929562031383,-0.3672895130038082,-0.025903443199330134
3392,2017-10-10 16:00:00,0.028125999999999998,18.715844,-0.41073052707172397,-0.35750508603485587,-0.053225441036868104
3393,2017-10-10 18:00:00,0.027528341029155502,18.72905106182544,-0.4277474894603093,-0.35689960190490483,-0.0708478875554045
3394,2017-10-10 20:00:00,0.0278230472421286,19.09766207146469,-0.41935640895036674,-0.34000045208553525,-0.07935595686483149
3395,2017-10-10 22:00:00,0.027188999999999998,18.997956,-0.4374094435373703,-0.3445715251015898,-0.09283791843578054
3396,2017-10-11 00:00:00,0.028095299999999997,18.7941816,-0.41160463884920034,-0.3539136609165842,-0.05769097793261613
3397,2017-10-11 02:00:00,0.02736134,18.755226460000006,-0.43250245905104207,-0.3556995781297969,-0.07680288092124515
3398,2017-10-11 04:00:00,0.027751966006238103,18.6973515742028,-0.4213802833949744,-0.35835288022954453,-0.06302740316542987
3399,2017-10-11 06:00:00,0.028284259980758,18.94393442548518,-0.4062244386976604,-0.347048170283994,-0.05917626841366641
3400,2017-10-11 08:00:00,0.028854947549099997,18.65092435573252,-0.3899754248622506,-0.36048135849011975,-0.029494066372130867
3401,2017-10-11 10:00:00,0.0281322621678054,18.465565618578218,-0.41055222626940363,-0.3689792193450229,-0.04157300692438071
3402,2017-10-11 12:00:00,0.029128469999086495,18.662309399414728,-0.38218750320305245,-0.35995940566219425,-0.022228097540858194
3403,2017-10-11 14:00:00,0.02952399999878,18.71569919922663,-0.3709256976305016,-0.3575117244962668,-0.013413973134234813
3404,2017-10-11 16:00:00,0.029795303999630405,18.604216838769226,-0.3632009411998894,-0.3626226871705245,-0.0005782540293648997
3405,2017-10-11 18:00:00,0.0292322339813673,18.77068158803552,-0.3792330628450883,-0.3549910303183648,-0.024242032526723467
3406,2017-10-11 20:00:00,0.0289627798737858,18.678635583020718,-0.3869051478264032,-0.35921092388731135,-0.027694223939091822
3407,2017-10-11 22:00:00,0.0286308000000594,18.60365760003859,-0.39635750996025865,-0.3626483257403085,-0.03370918421995017
3408,2017-10-12 00:00:00,0.028845599396432,18.85183544554244,-0.3902415919744572,-0.35127049251410486,-0.03897109946035232
3409,2017-10-12 02:00:00,0.0298956599996316,18.66589577976998,-0.3603435352864867,-0.35979498632216433,-0.0005485489643223818
3410,2017-10-12 04:00:00,0.0298678341144352,18.7976259732282,-0.36113581326592903,-0.35375575196190023,-0.0073800613040287955
3411,2017-10-12 06:00:00,0.03026400000042,18.803931120260962,-0.3498559022961027,-0.3534666894500559,0.0036107871539531877
3412,2017-10-12 08:00:00,0.029573053999999998,18.364248282000002,-0.36952899794976085,-0.3736241615886375,0.004095163638876631
3413,2017-10-12 10:00:00,0.0285963970167888,18.30179770087895,-0.39733705565593136,-0.3764872386511056,-0.020849817004825744
3414,2017-10-12 12:00:00,0.0283916141363949,18.695540531317164,-0.4031677764239391,-0.3584359083655831,-0.044731868058355995
3415,2017-10-12 14:00:00,0.0329927,19.1388574,-0.27216245581947085,-0.33811183234664666,0.06594937652717581
3416,2017-10-12 16:00:00,0.03000564,18.73542636,-0.3572121081331033,-0.35660732328007344,-0.0006047848530298383
3417,2017-10-12 18:00:00,0.03023666,18.56828508,-0.35063434582585296,-0.364269996010564,0.013635650184711023
3418,2017-10-12 20:00:00,0.0293037214259846,18.669596985177023,-0.37719762254275374,-0.35962530277216104,-0.017572319770592704
3419,2017-10-12 22:00:00,0.0309080301280568,18.30930759374565,-0.3315186280414797,-0.37614294398447046,0.04462431594299077
3420,2017-10-13 00:00:00,0.030193,18.282,-0.35187746374782736,-0.37739487381251835,0.025517410064690993
3421,2017-10-13 02:00:00,0.0286426000000499,18.194709400031694,-0.3960215321437793,-0.38139675353968855,-0.014624778604090727
3422,2017-10-13 04:00:00,0.0275444010698388,18.53660602137983,-0.4272902167988103,-0.36572233775771573,-0.061567879041094564
3423,2017-10-13 06:00:00,0.028363000000000006,18.008357999999998,-0.4039824980403916,-0.3899401235037787,-0.01404237453661289
3424,2017-10-13 08:00:00,0.0295272539978454,18.677743672637092,-0.3708330475032389,-0.35925181394974626,-0.011581233553492665
3425,2017-10-13 10:00:00,0.028671052800152093,18.27019013129692,-0.39521140420659656,-0.3779363029487662,-0.017275101257830383
3426,2017-10-13 12:00:00,0.028917,18.1623141,-0.38820862427094877,-0.3828819317203805,-0.005326692550568279
3427,2017-10-13 14:00:00,0.02943488,18.37736838,-0.3734631842931164,-0.3730226643572776,-0.00044051993583882343
3428,2017-10-13 16:00:00,0.0289582060064352,18.354981465244922,-0.38703537816255223,-0.37404900327973617,-0.012986374882816065
3429,2017-10-13 18:00:00,0.027630500002250005,17.93434968046043,-0.4248387480415212,-0.3933330706677904,-0.031505677373730834
3430,2017-10-13 20:00:00,0.0386099249948698,18.225453651134213,-0.1122249142966616,-0.37998726849480546,0.26776235419814387
3431,2017-10-13 22:00:00,0.03851001075867,18.36487076115366,-0.11506974200349551,-0.3735956237311074,0.2585258817276119
3432,2017-10-14 00:00:00,0.037606956632961215,18.438217935291,-0.140782127898631,-0.37023298709747193,0.22945085919884092
3433,2017-10-14 02:00:00,0.0370807408605116,18.49680624697489,-0.1557649097941367,-0.3675469776432807,0.211782067849144
3434,2017-10-14 04:00:00,0.0355366200000633,18.477077500032912,-0.1997301941578103,-0.3684514515781402,0.1687212574203299
3435,2017-10-14 06:00:00,0.04005,18.41754375,-0.07122209597634795,-0.37118080511020013,0.2999587091338522
3436,2017-10-14 08:00:00,0.042299999999024986,18.370664399576558,-0.007158529250956351,-0.3733300115786011,0.36617148232764474
3437,2017-10-14 10:00:00,0.040005000000000006,18.3297195,-0.07250336731141091,-0.37520715028088913,0.3027037829694782
3438,2017-10-14 12:00:00,0.0398837199997208,18.454791499870808,-0.07595653593083734,-0.36947316402233027,0.2935166280914929
3439,2017-10-14 14:00:00,0.037465999932797006,18.60349916663079,-0.14479554521875276,-0.3626555891964311,0.21786004397767833
3440,2017-10-14 16:00:00,0.0397325,18.70107,-0.08026217706262635,-0.3581824072024349,0.27792023013980854
3441,2017-10-14 18:00:00,0.03898312,18.81209908,-0.10159904624194963,-0.3530922253897348,0.25149317914778513
3442,2017-10-14 20:00:00,0.0364745999991732,18.914316749571253,-0.17302337447509952,-0.3484060069450877,0.1753826324699882
3443,2017-10-14 22:00:00,0.035346316529939394,19.03154170666237,-0.20514864707409458,-0.3430317721538081,0.1378831250797135
3444,2017-10-15 00:00:00,0.035072700000000005,18.943539450000006,-0.2129392474432226,-0.34706627812593127,0.13412703068270868
3445,2017-10-15 02:00:00,0.03419880874462,18.83629810795837,-0.2378212877872375,-0.3519828092620075,0.11416152147476999
3446,2017-10-15 04:00:00,0.033025800004103996,18.9640517023566,-0.27122000945393926,-0.3461258840068136,0.07490587455287434
3447,2017-10-15 06:00:00,0.032031805586821505,18.91579121090597,-0.29952171065564515,-0.3483384095528595,0.04881669889721435
3448,2017-10-15 08:00:00,0.0317459999996568,18.179302499803466,-0.3076593663497564,-0.38210309032399603,0.07444372397423965
3449,2017-10-15 10:00:00,0.03159478,17.97259,-0.311965007479723,-0.3915799247439281,0.07961491726420511
3450,2017-10-15 12:00:00,0.031865138072124,18.319623168402178,-0.3042671841904921,-0.37567002148070655,0.07140283729021446
3451,2017-10-15 14:00:00,0.0319460600020808,18.252530611188874,-0.30196311865201153,-0.3787459121797442,0.07678279352773265
3452,2017-10-15 16:00:00,0.033007857602399986,18.260717008991733,-0.2717308780091734,-0.3783706028174794,0.10663972480830602
3453,2017-10-15 18:00:00,0.0339111,18.02929122,-0.24601313150565055,-0.388980429919672,0.14296729841402148
3454,2017-10-15 20:00:00,0.033710244902616,18.29993464743943,-0.2517320177007486,-0.37657265123611433,0.12484063353536573
3455,2017-10-15 22:00:00,0.03217545,18.74880045,-0.29543176689903267,-0.35599418166276553,0.060562414763732864
3456,2017-10-16 00:00:00,0.032850236627840985,18.842873035265605,-0.2762187721537767,-0.3516813785431444,0.07546260638936769
3457,2017-10-16 02:00:00,0.0324129749984421,18.74722657409893,-0.2886687897464826,-0.35606633676381716,0.06739754701733458
3458,2017-10-16 04:00:00,0.032307179999657404,19.055012399797935,-0.2916810586206127,-0.3419557468879037,0.05027468826729098
3459,2017-10-16 06:00:00,0.032260227999999995,18.971044428,-0.2930179086491667,-0.34580529912138325,0.05278739047221653
3460,2017-10-16 08:00:00,0.032233499997378005,18.418334998501784,-0.29377892695145663,-0.3711445299403698,0.07736560298891315
3461,2017-10-16 10:00:00,0.0344784399998203,19.116481839900366,-0.22985943197221864,-0.33913765070944074,0.1092782187372221
3462,2017-10-16 12:00:00,0.033583980000531005,18.528338688292948,-0.2553271199155498,-0.3661013576371777,0.11077423772162792
3463,2017-10-16 14:00:00,0.03429306,19.1946987,-0.23513770041363527,-0.33555176097023304,0.10041406055659777
3464,2017-10-16 16:00:00,0.0343052730047637,19.160035437660607,-0.23478996323766377,-0.3371409149786138,0.10235095174095005
3465,2017-10-16 18:00:00,0.03421407,19.166756399999997,-0.23738675869711598,-0.33683278921314946,0.09944603051603348
3466,2017-10-16 20:00:00,0.0341997544238685,19.15890865792605,-0.23779436174916488,-0.3371925727399116,0.09939821099074672
3467,2017-10-16 22:00:00,0.0343594,19.1466027,-0.23324882173878903,-0.3377567453262561,0.10450792358746708
3468,2017-10-17 00:00:00,0.033657243833280004,18.6397182073088,-0.2532411010533687,-0.36099510977849253,0.1077540087251238
3469,2017-10-17 02:00:00,0.0332808000449411,18.91140497222653,-0.26395947072583953,-0.3485394987841873,0.08458002805834774
3470,2017-10-17 04:00:00,0.033098999999764005,18.762196199866224,-0.26913580820580796,-0.3553800470384263,0.08624423883261834
3471,2017-10-17 06:00:00,0.0328403900001749,18.708206940099632,-0.2764991321932344,-0.3578552107355861,0.08135607854235172
3472,2017-10-17 08:00:00,0.0326989653149376,18.856176255465996,-0.28052587431023146,-0.3510714859860379,0.07054561167580642
3473,2017-10-17 10:00:00,0.031858806303000003,18.73942770744,-0.3044474667300213,-0.3564238795735654,0.051976412843544095
3474,2017-10-17 12:00:00,0.032122697622265,18.936693374472245,-0.2969337693312165,-0.3473801397659609,0.05044637043474437
3475,2017-10-17 14:00:00,0.03252216,18.68230452,-0.2855599983528168,-0.3590427196989683,0.07348272134615147
3476,2017-10-17 16:00:00,0.0323149999981025,18.99824139888445,-0.29145840217954744,-0.34455844085185094,0.05310003867230351
3477,2017-10-17 18:00:00,0.033007009995127894,18.892942617211247,-0.27175501167364274,-0.34938591436935124,0.07763090269570849
3478,2017-10-17 20:00:00,0.0319777162175982,18.76869100745017,-0.3010617808404777,-0.3550822894469846,0.05402050860650692
3479,2017-10-17 22:00:00,0.0325905385734761,18.821625011819318,-0.2836130759944295,-0.352655504443333,0.06904242844890351
3480,2017-10-18 00:00:00,0.032631,18.427098,-0.28246103008374435,-0.370742785903124,0.08828175581937964
3481,2017-10-18 02:00:00,0.0325740237,18.3574124019,-0.28408329897192097,-0.37393755581435595,0.08985425684243498
3482,2017-10-18 04:00:00,0.0325570334836192,18.589956129168577,-0.2845670562435931,-0.3632764762917657,0.07870942004817261
3483,2017-10-18 06:00:00,0.031092667989999996,18.04251039326,-0.32626149026647644,-0.38837439053515244,0.062112900268676
3484,2017-10-18 08:00:00,0.0318027499976795,18.157071898675166,-0.3060435408890592,-0.38312226297271706,0.07707872208365785
3485,2017-10-18 10:00:00,0.031525265663745,18.095131605511234,-0.3139442680668223,-0.38596194563726194,0.07201767757043964
3486,2017-10-18 12:00:00,0.031221031299139,17.747633945753375,-0.32260664074483986,-0.40189314373108875,0.0792865029862489
3487,2017-10-18 14:00:00,0.032027999999700005,18.23076463982924,-0.299630065982131,-0.37974378365225,0.08011371767011899
3488,2017-10-18 16:00:00,0.032363519999097,17.84251391950216,-0.29007690692507,-0.3975433254963926,0.10746641857132261
3489,2017-10-18 18:00:00,0.0326687400080124,17.99816148441426,-0.2813864702959369,-0.39040758768692274,0.10902111739098586
3490,2017-10-18 20:00:00,0.0334158878364255,18.071191427729975,-0.2601131570603743,-0.3870594946535645,0.12694633759319018
3491,2017-10-18 22:00:00,0.0337674099983611,18.22038263911568,-0.2501043732886524,-0.38021975149069015,0.13011537820203772
3492,2017-10-19 00:00:00,0.0342221087293984,18.5950084402618,-0.2371578743960383,-0.36304485064883657,0.12588697625279827
3493,2017-10-19 02:00:00,0.0342108767586656,18.617919246558014,-0.23747767888795396,-0.36199449366557346,0.1245168147776195
3494,2017-10-19 04:00:00,0.033931906998179,18.249496360020615,-0.2454207001648624,-0.3788850188904531,0.13346431872559072
3495,2017-10-19 06:00:00,0.0371187163805634,18.07389920776974,-0.15468364434354812,-0.3869353551694654,0.2322517108259173
3496,2017-10-19 08:00:00,0.035903699998866,18.214231959424712,-0.18927843682134626,-0.3805017323726241,0.19122329555127782
3497,2017-10-19 10:00:00,0.034579068160938,18.155998087260322,-0.2269942768979918,-0.3831714923758078,0.156177215477816
3498,2017-10-19 12:00:00,0.034579,18.13456725,-0.2269962176236813,-0.38415399946362144,0.15715778183994014
3499,2017-10-19 14:00:00,0.033843,18.125690345,-0.247952122126046,-0.38456096546193536,0.13660884333588935
3500,2017-10-19 16:00:00,0.0341322678663386,17.967804125658308,-0.23971588600839042,-0.391799335465263,0.1520834494568726
3501,2017-10-19 18:00:00,0.0338737574,18.06787957,-0.2470763760157999,-0.38721132837121197,0.14013495235541207
3502,2017-10-19 20:00:00,0.0344253700000602,18.099967460031653,-0.2313704779598725,-0.385740243550487,0.15436976559061452
3503,2017-10-19 22:00:00,0.034293862323119,18.011911237164547,-0.2351148561111057,-0.38977722362933864,0.15466236751823295
3504,2017-10-20 00:00:00,0.03429864,18.19056528,-0.23497882276808751,-0.38158674272463877,0.14660791995655126
3505,2017-10-20 02:00:00,0.034443093604513,18.250854459065746,-0.23086583915233086,-0.37882275618360756,0.1479569170312767
3506,2017-10-20 04:00:00,0.0343758942406614,18.07928115697016,-0.23277918623316496,-0.38668861710825775,0.1539094308750928
3507,2017-10-20 06:00:00,0.0340414400603396,17.930201351781886,-0.24230199854735007,-0.3935232528001887,0.1512212542528386
3508,2017-10-20 08:00:00,0.0340574399984322,18.073599999168,-0.24184643716866494,-0.38694907253236505,0.1451026353637001
3509,2017-10-20 10:00:00,0.034065909607148996,17.768224809440245,-0.24160528457159758,-0.400949145637556,0.15934386106595844
3510,2017-10-20 12:00:00,0.034089089994009995,18.09527432682037,-0.2409452764555827,-0.38595540250989346,0.14501012605431077
3511,2017-10-20 14:00:00,0.034094452000000004,17.558761576000002,-0.24079260568728414,-0.41055208876999394,0.1697594830827098
3512,2017-10-20 16:00:00,0.0346291746,17.7310894,-0.2255676114741645,-0.40265163642411317,0.17708402494994868
3513,2017-10-20 18:00:00,0.035252399999652004,17.759915999824678,-0.20782270392177934,-0.40133006702851365,0.1935073631067343
3514,2017-10-20 20:00:00,0.034208103999999996,17.68123926,-0.2375566268034491,-0.40493704017589194,0.16738041337244283
3515,2017-10-20 22:00:00,0.03373496,17.585321600000004,-0.25102831223805067,-0.4093344316380994,0.15830611940004874
3516,2017-10-21 00:00:00,0.0347875,17.4661685,-0.2210596604378891,-0.4147970630725567,0.1937374026346676
3517,2017-10-21 02:00:00,0.0350347213993112,17.23091828236123,-0.2140206006078531,-0.4255822229537214,0.21156162234586828
3518,2017-10-21 04:00:00,0.0344184599975662,17.253803728779946,-0.23156722436255636,-0.42453302860629394,0.19296580424373758
3519,2017-10-21 06:00:00,0.034399299999042905,16.81801939953207,-0.23211276118228413,-0.4445117717157325,0.21239901053344834
3520,2017-10-21 08:00:00,0.034103999999999995,16.8487767,-0.24052074838268034,-0.44310168841638775,0.2025809400337074
3521,2017-10-21 10:00:00,0.033943799999667006,16.476014719838364,-0.24508207434498594,-0.4601911414847629,0.21510906713977698
3522,2017-10-21 12:00:00,0.033727469964663304,16.548050742662394,-0.2512415737397289,-0.4568886152165264,0.20564704147679752
3523,2017-10-21 14:00:00,0.034076540001108,16.338347710531238,-0.24130260859248434,-0.4665025520358002,0.22519994344331587
3524,2017-10-21 16:00:00,0.0334180472739336,16.32729131918176,-0.2600516720519523,-0.467009437638754,0.20695776558680173
3525,2017-10-21 18:00:00,0.0336889881689426,16.550393436413266,-0.2523372542236998,-0.4567812132897211,0.2044439590660213
3526,2017-10-21 20:00:00,0.0337539779998326,16.930100097916036,-0.25048681850392296,-0.439373377950164,0.18888655944624105
3527,2017-10-21 22:00:00,0.0344936038163304,16.75547838063503,-0.2294276772294511,-0.4473789949417329,0.2179513177122818
3528,2017-10-22 00:00:00,0.034312961336937,17.13769883699986,-0.2345710556903728,-0.4298559134622661,0.1952848577718933
3529,2017-10-22 02:00:00,0.034084883420746205,17.265002935217975,-0.2410650489387324,-0.424019595576609,0.1829545466378766
3530,2017-10-22 04:00:00,0.03372228717355,16.876626515146853,-0.2513891417772644,-0.441824900186245,0.19043575840898058
3531,2017-10-22 06:00:00,0.0342900505691298,16.875975716800554,-0.23522338702494283,-0.4418547363508432,0.20663134932590038
3532,2017-10-22 08:00:00,0.0333268790400576,16.332369377898225,-0.2626474774904777,-0.4667766315835983,0.2041291540931206
3533,2017-10-22 10:00:00,0.0335240000015028,16.492010000739295,-0.25703491221403746,-0.45945783010425834,0.20242291789022088
3534,2017-10-22 12:00:00,0.033800862025143,16.55505403831459,-0.24915190388831,-0.4565675457439362,0.20741564185562622
3535,2017-10-22 14:00:00,0.0344400000001722,16.86672000008433,-0.23095392240930634,-0.44227906915529785,0.2113251467459915
3536,2017-10-22 16:00:00,0.034120876974698705,16.456301768935685,-0.240040215407035,-0.46109489124256936,0.22105467583553437
3537,2017-10-22 18:00:00,0.0336853391446586,16.389325940112425,-0.2524411517840562,-0.4641654304721719,0.21172427868811572
3538,2017-10-22 20:00:00,0.0337899729893306,16.750761000198647,-0.24946194409837458,-0.4475952655268882,0.19813332142851364
3539,2017-10-22 22:00:00,0.0341122744248572,16.85963381342527,-0.2402851531963765,-0.4426039388061439,0.2023187856097674
3540,2017-10-23 00:00:00,0.0344916600001722,16.51507551008245,-0.2294830229166539,-0.4584003806850684,0.2289173577684145
3541,2017-10-23 02:00:00,0.034154205401377605,16.927990438082787,-0.2390912652348922,-0.43947009632443307,0.20037883108954088
3542,2017-10-23 04:00:00,0.0340511599982268,16.473141599142163,-0.24202524570749545,-0.46032286109113535,0.2182976153836399
3543,2017-10-23 06:00:00,0.033950679999653795,16.22601259983454,-0.2448861821945791,-0.4716526094567569,0.2267664272621778
3544,2017-10-23 08:00:00,0.0334034999994861,16.543273499745492,-0.2604658721797939,-0.4571076302260218,0.1966417580462279
3545,2017-10-23 10:00:00,0.03339962688,16.699754637839998,-0.26057615033478987,-0.4499336768512907,0.18935752651650084
3546,2017-10-23 12:00:00,0.031676625000222,16.2521062501139,-0.3096346596418857,-0.4704563334533985,0.1608216738115128
3547,2017-10-23 14:00:00,0.0320134439963436,16.539624490110935,-0.30004451464554527,-0.45727492083561877,0.1572304061900735
3548,2017-10-23 16:00:00,0.032792700000899205,16.36618305044877,-0.27785699506081496,-0.46522642742953885,0.1873694323687239
3549,2017-10-23 18:00:00,0.033093759999944,16.453153743972162,-0.2692850051294769,-0.4612392139678882,0.1919542088384113
3550,2017-10-23 20:00:00,0.0330736999987636,16.631833899378247,-0.26985616745156105,-0.45304753591977237,0.18319136846821132
3551,2017-10-23 22:00:00,0.032449999999945,16.333087999972314,-0.2876145881218973,-0.4667436860074327,0.17912909788553544
3552,2017-10-24 00:00:00,0.031150373365857,16.486293008780674,-0.32461846262281824,-0.45971992836258063,0.1351014657397624
3553,2017-10-24 02:00:00,0.0337254900810724,16.884514336809268,-0.2512979463639907,-0.4414632791913863,0.19016533282739556
3554,2017-10-24 04:00:00,0.03395898,17.18141444,-0.24464985880514342,-0.4278517505229484,0.18320189171780496
3555,2017-10-24 06:00:00,0.0333917750099232,17.029862432757767,-0.2607997142471463,-0.43479972551240725,0.17400001126526093
3556,2017-10-24 08:00:00,0.034154208422404395,16.871839680451654,-0.2390911792181138,-0.44204435493545036,0.20295317571733656
3557,2017-10-24 10:00:00,0.0345948750008196,17.284592868602566,-0.22654421354603116,-0.42312148561635127,0.1965772720703201
3558,2017-10-24 12:00:00,0.034315373261632004,17.830222794937058,-0.23450238169094975,-0.39810681804013803,0.16360443634918828
3559,2017-10-24 14:00:00,0.0352375399991862,18.35673189957605,-0.20824580820257627,-0.37396875377216,0.16572294556958372
3560,2017-10-24 16:00:00,0.0353048270915257,18.001241207300442,-0.20632996325514633,-0.39026639630333754,0.1839364330481912
3561,2017-10-24 18:00:00,0.0354942000000626,17.888339700031548,-0.20093800593634972,-0.3954424204487827,0.19450441451243297
3562,2017-10-24 20:00:00,0.0334481715612612,17.712665073441208,-0.2591939523665731,-0.4034963085763169,0.1443023562097438
3563,2017-10-24 22:00:00,0.034484837600000005,17.62114605,-0.2296772750450309,-0.40769204242042806,0.17801476737539715
3564,2017-10-25 00:00:00,0.03396042,17.51135958,-0.24460885812242147,-0.4127252561773515,0.16811639805493003
3565,2017-10-25 02:00:00,0.035524220001217896,17.31520312059363,-0.20008325555948658,-0.4217181438254701,0.22163488826598354
3566,2017-10-25 04:00:00,0.033873650277070004,17.04668117452271,-0.24707942609445624,-0.43402866217076363,0.1869492360763074
3567,2017-10-25 06:00:00,0.033915999999877995,17.649441599936516,-0.24587361529708412,-0.40639481926351095,0.16052120396642683
3568,2017-10-25 08:00:00,0.03406016,17.51991888,-0.241768991389995,-0.4123328509337033,0.1705638595437083
3569,2017-10-25 10:00:00,0.0336870434196686,17.2570287894538,-0.2523926264792256,-0.4243851741416177,0.17199254766239208
3570,2017-10-25 12:00:00,0.03327957,17.52376323,-0.26399449342192544,-0.4121566048506802,0.14816211142875474
3571,2017-10-25 14:00:00,0.0337428000001854,17.40855480009565,-0.2508050862935076,-0.4174383909788627,0.1666333046853551
3572,2017-10-25 16:00:00,0.0337514961248028,17.490389278595725,-0.2505574841779873,-0.4136866497763518,0.1631291655983645
3573,2017-10-25 18:00:00,0.03435369,18.27881435,-0.23341140083486034,-0.3775409214758118,0.14412952064095147
3574,2017-10-25 20:00:00,0.034413981,17.619280164,-0.23169475350014274,-0.40777758486554044,0.1760828313653977
3575,2017-10-25 22:00:00,0.035112256500061514,17.87447937563131,-0.21181296722890636,-0.39607785371707793,0.18426488648817158
3576,2017-10-26 00:00:00,0.034620051198390005,17.58277930305358,-0.22582737931774569,-0.4094509844698365,0.18362360515209084
3577,2017-10-26 02:00:00,0.03512103,17.90976452,-0.2115631620293651,-0.3944601892266219,0.1828970271972568
3578,2017-10-26 04:00:00,0.033746100001300204,17.658117900680352,-0.25071112636386145,-0.40599705006423636,0.15528592370037492
3579,2017-10-26 06:00:00,0.034334679999760406,17.6976646398765,-0.2339526667990055,-0.4041840107000641,0.1702313439010586
3580,2017-10-26 08:00:00,0.03470885,17.72801844,-0.22329903800461598,-0.4027924260689479,0.1794933880643319
3581,2017-10-26 10:00:00,0.035337400000000005,18.1090674,-0.20540252472341836,-0.38532305240629716,0.1799205276828788
3582,2017-10-26 12:00:00,0.03484512,18.02622816,-0.21941906367508165,-0.38912085738519026,0.1697017937101086
3583,2017-10-26 14:00:00,0.0358473999995168,18.185492849754876,-0.1908814496064619,-0.38181929073980675,0.19093784113334486
3584,2017-10-26 16:00:00,0.035818199999999994,17.914921200000006,-0.19171285232567822,-0.3942237787407389,0.20251092641506066
3585,2017-10-26 18:00:00,0.0353619769636995,17.642331545302078,-0.20470275229917287,-0.40672078315321913,0.20201803085404627
3586,2017-10-26 20:00:00,0.0351776577455716,17.817134201200766,-0.2099508174255843,-0.39870687094330803,0.18875605351772373
3587,2017-10-26 22:00:00,0.0353388000000601,17.902424400030448,-0.2053626629468386,-0.394796700572767,0.1894340376259284
3588,2017-10-27 00:00:00,0.036057,17.843931,-0.18491357244094347,-0.39747835875635257,0.2125647863154091
3589,2017-10-27 02:00:00,0.0359533740004242,17.670964663208498,-0.1878640840592486,-0.40540808402963674,0.21754399997038815
3590,2017-10-27 04:00:00,0.0353221014122994,17.24890123571015,-0.20583811676536806,-0.4247577857695593,0.21891966900419124
3591,2017-10-27 06:00:00,0.036659999999750406,17.388237499881612,-0.16774453655820507,-0.4183698474228202,0.25062531086461515
3592,2017-10-27 08:00:00,0.03704572,17.67015955,-0.1567620481208647,-0.4054449948336446,0.2486829467127799
3593,2017-10-27 10:00:00,0.0355448732737176,17.44700616043789,-0.19949520120328393,-0.41567556978744463,0.2161803685841607
3594,2017-10-27 12:00:00,0.0346232996830256,17.28296031864733,-0.2257348862011684,-0.42319633065776263,0.19746144445659422
3595,2017-10-27 14:00:00,0.034494000000000004,17.48627338,-0.22941639681213358,-0.4138753451359357,0.18445894832380214
3596,2017-10-27 16:00:00,0.0346031599962552,17.450018388111538,-0.22630831738685867,-0.41553747275448616,0.1892291553676275
3597,2017-10-27 18:00:00,0.0349362578089875,17.203382057550435,-0.21682412451516753,-0.42684463448340654,0.210020509968239
3598,2017-10-27 20:00:00,0.0354486244,17.446698337599994,-0.20223566615720534,-0.4156896820741626,0.21345401591695728
3599,2017-10-27 22:00:00,0.035344982350874195,17.687515671192113,-0.20518663474947413,-0.404649295072545,0.19946266032307086
3600,2017-10-28 00:00:00,0.035627357315232006,17.852740678463253,-0.19714665813678267,-0.39707447479109426,0.19992781665431159
3601,2017-10-28 02:00:00,0.035121554076505496,17.516946713834272,-0.2115482401581679,-0.41246911132747677,0.20092087116930887
3602,2017-10-28 04:00:00,0.03536397,17.52570279,-0.20464600518180456,-0.41206768478544464,0.20742167960364008
3603,2017-10-28 06:00:00,0.0353404258390716,17.710469771228095,-0.20531637092637509,-0.40359695326686623,0.19828058234049115
3604,2017-10-28 08:00:00,0.0357681432075,17.353444045638096,-0.19313810417802144,-0.4199649701419435,0.22682686596392207
3605,2017-10-28 10:00:00,0.0347231896483631,17.25804834673097,-0.2228907495512265,-0.4243384320456797,0.20144768249445322
3606,2017-10-28 12:00:00,0.0352774685983958,17.39150614000914,-0.20710893332220998,-0.41821999503703605,0.21111106171482608
3607,2017-10-28 14:00:00,0.034683043675096996,17.147296792967957,-0.22403381365709468,-0.42941589053396745,0.20538207687687277
3608,2017-10-28 16:00:00,0.0348796257596,17.243400560973402,-0.21843659166019155,-0.42500996686033815,0.2065733752001466
3609,2017-10-28 18:00:00,0.0353684897982864,17.37425048855822,-0.20451731433770173,-0.41901108871431203,0.2144937743766103
3610,2017-10-28 20:00:00,0.035266838314621504,17.192956417319518,-0.20741160616406748,-0.42732260299660296,0.21991099683253548
3611,2017-10-28 22:00:00,0.03494309,17.36940366,-0.21662959361516762,-0.41923329391115177,0.20260370029598415
3612,2017-10-29 00:00:00,0.0348138680724252,17.00151175230382,-0.220308890318794,-0.43609947615453054,0.21579058583573654
3613,2017-10-29 02:00:00,0.035743100021491205,17.44967832539579,-0.1938511512085041,-0.4155530630939798,0.22170191188547572
3614,2017-10-29 04:00:00,0.036522203999999996,17.363082066,-0.17166796021523967,-0.41952311044215496,0.2478551502269153
3615,2017-10-29 06:00:00,0.036145067575873886,17.367443890265044,-0.18240605109615007,-0.4193231405014501,0.2369170894053
3616,2017-10-29 08:00:00,0.0360615496080625,17.24209428948308,-0.1847840328321378,-0.42506985350789467,0.24028582067575688
3617,2017-10-29 10:00:00,0.036351820770625,17.6931582054786,-0.17651923016576532,-0.4043906103621735,0.22787138019640818
3618,2017-10-29 12:00:00,0.03608875658093751,17.47850658727965,-0.18400937695528022,-0.41423141750047426,0.23022204054519405
3619,2017-10-29 14:00:00,0.038240000001791986,17.766782000832585,-0.12275767629119504,-0.4010152918952204,0.27825761560402534
3620,2017-10-29 16:00:00,0.0449995773708099,17.760388018800022,0.06970571748799664,-0.4013084270905483,0.47101414457854496
3621,2017-10-29 18:00:00,0.042982552332160015,17.994338515627838,0.012275576062961983,-0.3905828535378797,0.40285842960084167
3622,2017-10-29 20:00:00,0.039296000002624,17.859049601192545,-0.0926905089380255,-0.39678523918061837,0.30409473024259287
3623,2017-10-29 22:00:00,0.0386534,17.409048199999997,-0.11098706367743849,-0.41741577082187775,0.30642870714443926
3624,2017-10-30 00:00:00,0.0385604999975547,17.38746449889738,-0.11363217723655965,-0.41840528602639265,0.304773108789833
3625,2017-10-30 02:00:00,0.039766681310104406,17.230915323334273,-0.07928894299970013,-0.4255823586117418,0.3462934156120417
3626,2017-10-30 04:00:00,0.0377916,17.302540500000006,-0.13552483337871268,-0.4222986677841194,0.2867738344054067
3627,2017-10-30 06:00:00,0.0376375999992668,17.185167999665225,-0.13990962863513798,-0.4276796667666855,0.28777003813154756
3628,2017-10-30 08:00:00,0.0380072,17.3789616,-0.129386120048944,-0.41879510553424293,0.2894089854852989
3629,2017-10-30 10:00:00,0.037776738,17.253739350000004,-0.13594799459163964,-0.42453598008256294,0.2885879854909233
3630,2017-10-30 12:00:00,0.037308025955983794,17.13454203967567,-0.14929349028934577,-0.4300006383606979,0.2807071480713521
3631,2017-10-30 14:00:00,0.03811995900306,17.006487100752715,-0.1261755671958092,-0.4358713789012127,0.3096958117054035
3632,2017-10-30 16:00:00,0.0392795726698074,17.12730089614102,-0.09315823939690217,-0.4303326120843676,0.3371743726874655
3633,2017-10-30 18:00:00,0.040160075993993995,17.056836155049126,-0.06808793562561292,-0.4335631021824805,0.36547516655686757
3634,2017-10-30 20:00:00,0.040747098214094814,17.175328887791107,-0.05137383021094054,-0.4281307456040024,0.37675691539306183
3635,2017-10-30 22:00:00,0.04024125,17.10296,-0.06577669280233003,-0.4314485322274675,0.3656718394251375
3636,2017-10-31 00:00:00,0.0413423631702493,17.144610433746234,-0.0344250318756447,-0.4295390479703147,0.39511401609467
3637,2017-10-31 02:00:00,0.0417112,17.17648814,-0.023923252825086908,-0.42807759912643056,0.40415434630134367
3638,2017-10-31 04:00:00,0.0418196100046851,17.319046411940274,-0.020836527682040817,-0.42154194627692165,0.40070541859488085
3639,2017-10-31 06:00:00,0.041527599999116,17.72343004962272,-0.02915083989731406,-0.4030027830425263,0.37385194314521225
3640,2017-10-31 08:00:00,0.0424282720013072,17.843740143549763,-0.0035062794817264592,-0.39748710866251985,0.3939808291807934
3641,2017-10-31 10:00:00,0.0411774,17.46926239,-0.03912197812856809,-0.414655222190794,0.3755332440622259
3642,2017-10-31 12:00:00,0.04065222,17.8866597,-0.05407526878964403,-0.3955194408618666,0.34144417207222255
3643,2017-10-31 14:00:00,0.040290700000634005,17.215250150270894,-0.06436871795052554,-0.4263005360389529,0.36193181808842734
3644,2017-10-31 16:00:00,0.040227150000379804,17.20819610016247,-0.06617815780983574,-0.4266239323741091,0.3604457745642734
3645,2017-10-31 18:00:00,0.0388749111592248,17.193191713327153,-0.10468004370607568,-0.42731181573745736,0.32263177203138166
3646,2017-10-31 20:00:00,0.039688045902429296,17.366491892513242,-0.08152790508359158,-0.4193667852983083,0.3378388802147167
3647,2017-10-31 22:00:00,0.0401191345288346,17.67022125238169,-0.06925364953059544,-0.40544216605814654,0.3361885165275511
3648,2017-11-01 00:00:00,0.0396238017835644,17.255139817796444,-0.08335710837132433,-0.4244717749598445,0.3411146665885202
3649,2017-11-01 02:00:00,0.0393298965415318,18.21313702465219,-0.09172538307890522,-0.3805519301862525,0.2888265471073473
3650,2017-11-01 04:00:00,0.0416494685156214,17.932367403551517,-0.025680914634091064,-0.3934239491103522,0.36774303447626117
3651,2017-11-01 06:00:00,0.04048724,17.971864359999994,-0.058772694230948615,-0.3916131920602979,0.33284049782934927
3652,2017-11-01 08:00:00,0.0403986599999382,17.762793989972828,-0.061294805674039096,-0.4011981241797641,0.33990331850572497
3653,2017-11-01 10:00:00,0.03936000000054,17.749916800243522,-0.09086825643193973,-0.4017884851641008,0.3109202287321611
3654,2017-11-01 12:00:00,0.0385543492482596,17.28541554132122,-0.11380730565346996,-0.42308376978811685,0.3092764641346469
3655,2017-11-01 14:00:00,0.0386029601989565,17.309003710669288,-0.11242322081573435,-0.4220023587684955,0.30957913795276115
3656,2017-11-01 16:00:00,0.038206395498285986,17.03623175268573,-0.12371448711500091,-0.4345077209631794,0.3107932338481785
3657,2017-11-01 18:00:00,0.037137538597714605,17.077650867438386,-0.1541477250702555,-0.43260884163704144,0.27846111656678596
3658,2017-11-01 20:00:00,0.035450999999999996,16.872049999999998,-0.20216802641979276,-0.44203471273414746,0.2398666863143547
3659,2017-11-01 22:00:00,0.03679925994654,17.14299590421645,-0.16377943038167367,-0.4296130668566153,0.2658336364749416
3660,2017-11-02 00:00:00,0.0364742889158684,16.3330916620194,-0.1730322318555718,-0.4667435181191149,0.29371128626354315
3661,2017-11-02 02:00:00,0.0376414033048308,16.666761643596267,-0.13980133827074598,-0.45144625661189003,0.31164491834114405
3662,2017-11-02 04:00:00,0.0376792388626364,16.059630143690693,-0.13872405792269202,-0.4792804935409608,0.34055643561826876
3663,2017-11-02 06:00:00,0.0367080299988849,15.791227639520304,-0.16637699297789102,-0.49158553601462,0.32520854303672897
3664,2017-11-02 08:00:00,0.0363851100013598,15.85743795059263,-0.1755713960078365,-0.48855009231614416,0.31297869630830766
3665,2017-11-02 10:00:00,0.03427809,15.62922273,-0.23556393667776634,-0.4990127293589978,0.26344879268123145
3666,2017-11-02 12:00:00,0.034859999999999995,15.75021,-0.21899538995362094,-0.49346600951477104,0.2744706195611501
3667,2017-11-02 14:00:00,0.0349267246993042,16.136357636378538,-0.21709555785230594,-0.47576288457028615,0.2586673267179802
3668,2017-11-02 16:00:00,0.034472,16.3119975,-0.23004279613149778,-0.46771059016785466,0.23766779403635688
3669,2017-11-02 18:00:00,0.03479999949965,16.432559763734723,-0.2207037659800185,-0.46218335494118745,0.24147958896116895
3670,2017-11-02 20:00:00,0.036887660311149,15.964214724831582,-0.16126243364428183,-0.4836548595154228,0.322392425871141
3671,2017-11-02 22:00:00,0.035546499999999995,16.189393499999998,-0.19944888391982563,-0.4733314297800023,0.2738825458601767
3672,2017-11-03 00:00:00,0.0351303533476141,16.346719130064553,-0.21129770118392557,-0.46611876026291543,0.2548210590789899
3673,2017-11-03 02:00:00,0.0361649147389344,16.3928440566144,-0.18184094884922214,-0.4640041407214749,0.28216319187225275
3674,2017-11-03 04:00:00,0.035925418026744003,16.44756532900312,-0.18866006600858662,-0.4614954175520055,0.27283535154341887
3675,2017-11-03 06:00:00,0.0359483799998518,16.037780299933882,-0.18800627672104195,-0.4802822101840354,0.2922759334629934
3676,2017-11-03 08:00:00,0.03677499999985,16.08082489993441,-0.16447017647687495,-0.4783088097014083,0.31383863322453337
3677,2017-11-03 10:00:00,0.035842200001377604,16.201767150622715,-0.19102950757442036,-0.4727641537892758,0.28173464621485544
3678,2017-11-03 12:00:00,0.03531430000357701,15.820229841602435,-0.20606024390690383,-0.4902559160486911,0.2841956721417873
3679,2017-11-03 14:00:00,0.035112964732549094,16.104315703744703,-0.21179280194035308,-0.4772318624519052,0.2654390605115521
3680,2017-11-03 16:00:00,0.03502212,16.32357762,-0.21437939642383372,-0.46717969397189524,0.25280029754806155
3681,2017-11-03 18:00:00,0.0332534974970727,17.371511176139634,-0.2647368478804609,-0.41913667381555214,0.15439982593509122
3682,2017-11-03 20:00:00,0.033177299999483004,17.37968153972917,-0.2669063960907991,-0.41876209954954363,0.15185570345874455
3683,2017-11-03 22:00:00,0.033769466399146804,17.765090364751156,-0.2500458220135386,-0.4010928457686326,0.151047023755094
3684,2017-11-04 00:00:00,0.0332605334735564,17.114407905838316,-0.2645365146586223,-0.4309236974536253,0.16638718279500297
3685,2017-11-04 02:00:00,0.0341890858099336,17.20969861240193,-0.23809812595404586,-0.4265550489746011,0.18845692302055525
3686,2017-11-04 04:00:00,0.0335587461336081,17.123866777114014,-0.2560455961457968,-0.430490050930244,0.1744444547844472
3687,2017-11-04 06:00:00,0.0341767999999524,17.123869199976152,-0.23844793609086684,-0.4304899398529587,0.19204200376209185
3688,2017-11-04 08:00:00,0.034083723999521004,16.935127999762003,-0.24109806078720158,-0.4391428713609679,0.19804481057376633
3689,2017-11-04 10:00:00,0.0347360652639,17.150825889156962,-0.22252414605992152,-0.42925409741421405,0.20672995135429253
3690,2017-11-04 12:00:00,0.0344916330011352,17.619317862579894,-0.2294837916520359,-0.4077758565559323,0.1782920649038964
3691,2017-11-04 14:00:00,0.0344772,17.577076799999997,-0.22989473811055725,-0.40971241847730755,0.1798176803667503
3692,2017-11-04 16:00:00,0.034903823358572,17.50360746808388,-0.2177476207726321,-0.4130806554933275,0.1953330347206954
3693,2017-11-04 18:00:00,0.0350864820601876,17.544420407642043,-0.2125468350286342,-0.4112095665618351,0.1986627315332009
3694,2017-11-04 20:00:00,0.03442342,17.37710493,-0.23142599971943917,-0.4188802254673828,0.18745422574794363
3695,2017-11-04 22:00:00,0.0350621599999524,17.355621879976436,-0.21323934966394612,-0.41986512627455225,0.20662577661060613
3696,2017-11-05 00:00:00,0.0357418896285865,17.75192800656095,-0.19388561435812546,-0.40169628043882927,0.2078106660807038
3697,2017-11-05 02:00:00,0.035578350563179595,17.389767698815184,-0.19854201250632258,-0.4182996947134445,0.21975768220712194
3698,2017-11-05 04:00:00,0.0361028268716112,17.451408224608063,-0.18360875784158695,-0.41547375502884853,0.23186499718726158
3699,2017-11-05 06:00:00,0.0357885000018798,17.425658250915287,-0.19255849135329664,-0.41665427501305874,0.2240957836597621
3700,2017-11-05 08:00:00,0.036328377129485986,16.99395421598295,-0.177186733840897,-0.4364459550583395,0.2592592212174425
3701,2017-11-05 10:00:00,0.03639630329658,17.31535251584121,-0.17525269271204666,-0.42171129472816943,0.24645860201612277
3702,2017-11-05 12:00:00,0.036333266733120005,17.077316613317645,-0.17704751364142837,-0.4326241656786909,0.25557665203726254
3703,2017-11-05 14:00:00,0.036659048,17.133898164,-0.16777164255800914,-0.4300301571521165,0.2622585145941074
3704,2017-11-05 16:00:00,0.03985155,16.509949300000002,-0.07687250256397611,-0.45863539426286043,0.38176289169888433
3705,2017-11-05 18:00:00,0.0398182,16.5552872,-0.07782206698673956,-0.45655685633382415,0.3787347893470846
3706,2017-11-05 20:00:00,0.0386870699995257,16.389883649799067,-0.11002838800535242,-0.4641398620021484,0.354111473996796
3707,2017-11-05 22:00:00,0.038076507587178,16.730714125452096,-0.1274127461655315,-0.44851432418464143,0.32110157801910993
3708,2017-11-06 00:00:00,0.0383565599996868,16.527342039865047,-0.11943889886635878,-0.45783801570100907,0.3383991168346503
3709,2017-11-06 02:00:00,0.03869655,16.478220599999997,-0.10975846683059452,-0.46009001184305337,0.35033154501245883
3710,2017-11-06 04:00:00,0.0392001151720509,16.905250413415708,-0.09542060860204088,-0.44051262374140093,0.34509201513936005
3711,2017-11-06 06:00:00,0.0383281820967336,16.567611746745307,-0.12024689427976165,-0.45599183153408035,0.3357449372543187
3712,2017-11-06 08:00:00,0.0377196,16.7657043,-0.13757486751481365,-0.44691018272812444,0.3093353152133108
3713,2017-11-06 10:00:00,0.038580495221813386,17.081257545136065,-0.11306285928809705,-0.432443491755542,0.3193806324674449
3714,2017-11-06 12:00:00,0.0376234200006156,16.986644100277935,-0.14031337143076053,-0.43678109084448125,0.29646771941372074
3715,2017-11-06 14:00:00,0.038546900000053,16.963617930023325,-0.11401940583557857,-0.43783673674415147,0.3238173309085729
3716,2017-11-06 16:00:00,0.0367590881974428,16.74112884784352,-0.16492322839495338,-0.44803685620507117,0.2831136278101178
3717,2017-11-06 18:00:00,0.0380965321985631,16.962147704452686,-0.1268425914863426,-0.43790413994572924,0.3110615484593866
3718,2017-11-06 20:00:00,0.03826794,17.220075089999998,-0.12196214920662522,-0.42607933434605894,0.3041171851394337
3719,2017-11-06 22:00:00,0.0363130450072976,16.78986303687606,-0.17762328070013392,-0.44580261376453095,0.268179333064397
3720,2017-11-07 00:00:00,0.0374230638842592,16.852899998614756,-0.14601805029058315,-0.4429126537993562,0.29689460350877306
3721,2017-11-07 02:00:00,0.0372820185418275,17.054641628616828,-0.15003399149506963,-0.4336637113069835,0.28362971981191387
3722,2017-11-07 04:00:00,0.038027208,16.975018075999998,-0.12881643834067857,-0.43731409154424,0.30849765320356143
3723,2017-11-07 06:00:00,0.039550560000000005,16.760926559999998,-0.08544249943376772,-0.4471292205266347,0.3616867210928669
3724,2017-11-07 08:00:00,0.0390839014224108,18.60921483017933,-0.09872952740546444,-0.3623935518397108,0.26366402443424636
3725,2017-11-07 10:00:00,0.0397273400003324,18.09938887015144,-0.08040909616624915,-0.38576676928307235,0.3053576731168232
3726,2017-11-07 12:00:00,0.038305870000000006,17.228926036,-0.12088217983464858,-0.4256735584506412,0.3047913786159926
3727,2017-11-07 14:00:00,0.039244140001116,17.20067843048914,-0.09416710301288174,-0.4269685835722013,0.3328014805593196
3728,2017-11-07 16:00:00,0.0385970364765804,17.03698638671738,-0.11259188516412034,-0.4344731244014214,0.32188123923730105
3729,2017-11-07 18:00:00,0.038231999999676,17.183443199854374,-0.12298545792212082,-0.4277587410472951,0.30477328312517427
3730,2017-11-07 20:00:00,0.037992671631607,16.876288348894697,-0.12979978187043695,-0.44184040358144916,0.3120406217110122
3731,2017-11-07 22:00:00,0.0447055514358677,16.969688874673587,0.06133400632785084,-0.4375584113536802,0.49889241768153103
3732,2017-11-08 00:00:00,0.0426256399996484,17.05891205985929,0.002113319601236891,-0.43346793132355255,0.43558125092478944
3733,2017-11-08 02:00:00,0.040477497421391104,17.217941624654305,-0.05905009171319702,-0.42617714409554686,0.3671270523823498
3734,2017-11-08 04:00:00,0.04165342194,17.4708040676,-0.02556834998227697,-0.4145845432364105,0.3890161932541335
3735,2017-11-08 06:00:00,0.04032473500627,17.415373236807877,-0.06339964957030092,-0.41712579645368403,0.3537261468833831
3736,2017-11-08 08:00:00,0.041991900000114005,17.552687870047652,-0.015930966960680783,-0.4108305407536935,0.3948995737930127
3737,2017-11-08 10:00:00,0.041744460799887605,17.525468531152814,-0.022976228170036677,-0.41207842449546844,0.38910219632543175
3738,2017-11-08 12:00:00,0.0410495551020938,17.516538012993458,-0.04276206708459655,-0.4124878484149745,0.3697257813303779
3739,2017-11-08 14:00:00,0.0408681,17.47395705,-0.04792858310490167,-0.4144399932350213,0.3665114101301196
3740,2017-11-08 16:00:00,0.0405737100000531,17.808343830023308,-0.056310660177372164,-0.3991098697567214,0.34279920957934923
3741,2017-11-08 18:00:00,0.040824,17.650368,-0.04918422901326342,-0.40635234800504033,0.3571681189917769
3742,2017-11-08 20:00:00,0.04079224,17.85828544,-0.05008852184885455,-0.39682027251967034,0.3467317506708158
3743,2017-11-08 22:00:00,0.0425333999999426,18.135900899975525,-0.0005130019003023149,-0.3840928576361838,0.3835798557358815
3744,2017-11-09 00:00:00,0.0426490432132256,18.096918754998764,0.0027796721946775236,-0.3858800129056028,0.3886596851002803
3745,2017-11-09 02:00:00,0.0420980375592,18.089512121814085,-0.012908944471115378,-0.38621957358222914,0.37331062911111373
3746,2017-11-09 04:00:00,0.0434102310752381,18.62984337828902,0.02445274304344532,-0.36144782608560777,0.3859005691290531
3747,2017-11-09 06:00:00,0.0431621400101136,18.999783179451963,0.0173889214827945,-0.34448775717687197,0.36187667865966644
3748,2017-11-09 08:00:00,0.0428561099998814,18.914721209947654,0.008675421932137453,-0.3483874642637297,0.3570628861958671
3749,2017-11-09 10:00:00,0.042754642002107004,19.100813866941312,0.0057863544438134665,-0.33985595649922173,0.3456423109430352
3750,2017-11-09 12:00:00,0.043330704228257994,19.06238436701378,0.02218839927892181,-0.34161777548936634,0.36380617476828814
3751,2017-11-09 14:00:00,0.0433041604036626,19.059475839446343,0.021432625021654644,-0.3417511183408563,0.36318374336251097
3752,2017-11-09 16:00:00,0.0430125063190682,18.98061031760412,0.013128446836213389,-0.34536674629103287,0.35849519312724626
3753,2017-11-09 18:00:00,0.04427482,18.896207532000002,0.04906992095256559,-0.34923623277352306,0.39830615372608863
3754,2017-11-09 20:00:00,0.0422683901,18.6595601514,-0.008058548307066466,-0.36008544626563943,0.35202689795857295
3755,2017-11-09 22:00:00,0.0425412,18.8759376,-0.0002909148672570297,-0.3501655175988236,0.34987460273156656
3756,2017-11-10 00:00:00,0.04401852,19.12695044,0.041772368881973075,-0.33865771268030825,0.3804300815622813
3757,2017-11-10 02:00:00,0.044795,19.16438475,0.06388084813196791,-0.3369415186531851,0.40082236678515304
3758,2017-11-10 04:00:00,0.0435714605999394,19.413098900073003,0.02904338234045909,-0.32553909828491057,0.3545824806253697
3759,2017-11-10 06:00:00,0.04241754,19.24635179,-0.0038118484960104468,-0.33318370010466736,0.3293718516086569
3760,2017-11-10 08:00:00,0.0415945423629708,19.504727851457844,-0.027244810299347,-0.32133832474111546,0.29409351444176846
3761,2017-11-10 10:00:00,0.040942992526646606,19.511937667569203,-0.04579619093595177,-0.32100778723830126,0.2752115963023495
3762,2017-11-10 12:00:00,0.040664000000000006,18.822332,-0.05373986042682078,-0.35262309222863125,0.2988832318018105
3763,2017-11-10 14:00:00,0.040858209300000004,18.5633373729,-0.04821019800253946,-0.36449682603288763,0.3162866280303482
3764,2017-11-10 16:00:00,0.039688976561056,18.47568947533416,-0.0815014067231221,-0.3685150862410336,0.28701367951791146
3765,2017-11-10 18:00:00,0.038716970000059296,17.45195171002673,-0.10917705436975102,-0.41544883867726234,0.30627178430751134
3766,2017-11-10 20:00:00,0.0379667185285236,17.50246018255667,-0.1305387366934746,-0.41313325335259626,0.28259451665912166
3767,2017-11-10 22:00:00,0.039390089389651,17.457203420381223,-0.09001153039288443,-0.415208071478867,0.3251965410859826
3768,2017-11-11 00:00:00,0.0411967829920554,18.333452190835768,-0.038570092081716266,-0.3750360232661948,0.33646593118447854
3769,2017-11-11 02:00:00,0.0401108000004768,18.096297000215113,-0.06949095602562033,-0.38590851755404,0.31641756152841966
3770,2017-11-11 04:00:00,0.0397440403028662,18.427172440422762,-0.07993359352350611,-0.37073937314597905,0.29080577962247295
3771,2017-11-11 06:00:00,0.0402043117748831,17.789651250753348,-0.06682842366922752,-0.39996684008406636,0.3331384164148388
3772,2017-11-11 08:00:00,0.04032301,17.961542689999995,-0.06344876515000213,-0.392086394008028,0.3286376288580259
3773,2017-11-11 10:00:00,0.040153837978176,18.018326952613908,-0.06826554875572986,-0.3894830920550178,0.3212175432992879
3774,2017-11-11 12:00:00,0.0379853396435404,18.23915418782262,-0.13000854334018716,-0.37935916077135534,0.24935061743116818
3775,2017-11-11 14:00:00,0.036796500000234,17.612503200112005,-0.16385801349474446,-0.4080882780490559,0.24423026455431143
3776,2017-11-11 16:00:00,0.037916700001797005,17.947132500850575,-0.13196289901607186,-0.3927470360913989,0.260784137075327
3777,2017-11-11 18:00:00,0.0376955250954014,17.867867687499537,-0.1382603449627372,-0.39638096975370185,0.25812062479096465
3778,2017-11-11 20:00:00,0.0385677581757312,18.277047410865983,-0.11342551733339663,-0.3776219276540502,0.2641964103206536
3779,2017-11-11 22:00:00,0.0376740000024518,18.183060001183343,-0.13887322239786812,-0.3819308258579206,0.24305760346005248
3780,2017-11-12 00:00:00,0.0370332942006622,17.994120852921753,-0.15711584413212604,-0.39059283238979686,0.23347698825767083
3781,2017-11-12 02:00:00,0.035808240000000005,17.815497600000004,-0.1919964403811719,-0.3987819017160278,0.2067854613348559
3782,2017-11-12 04:00:00,0.0336959999998245,17.130931199910773,-0.252137608492249,-0.43016617905417975,0.17802857056193078
3783,2017-11-12 06:00:00,0.0349892380888488,17.386585262902642,-0.21531563309494742,-0.4184455950253458,0.20312996193039837
3784,2017-11-12 08:00:00,0.0358597113305296,17.370245637234742,-0.190530912817058,-0.419194693058051,0.22866378024099301
3785,2017-11-12 10:00:00,0.0369460235669508,18.011123007748363,-0.1596006743847307,-0.38981336038773107,0.23021268600300038
3786,2017-11-12 12:00:00,0.0357580800006984,18.664980480364548,-0.19342463080943706,-0.35983694866560356,0.1664123178561665
3787,2017-11-12 14:00:00,0.03608454,18.017298,-0.1841294343838849,-0.3895302648847075,0.20540083050082258
3788,2017-11-12 16:00:00,0.034997899999133,17.59092544956422,-0.2150690051537468,-0.4090775204475096,0.1940085152937628
3789,2017-11-12 18:00:00,0.034879092780425495,17.416575757185775,-0.2184517670143799,-0.4170706663260006,0.1986188993116207
3790,2017-11-12 20:00:00,0.033632088776000005,16.953101029498,-0.253957333360585,-0.43831888912963446,0.18436155576904945
3791,2017-11-12 22:00:00,0.0337262999999422,17.331583799970296,-0.2512748857899552,-0.42096716366565273,0.16969227787569752
3792,2017-11-13 00:00:00,0.033346400000000005,17.7536,-0.262091663125875,-0.4016196270918466,0.1395279639659716
3793,2017-11-13 02:00:00,0.0341293608116167,17.57512653773691,-0.23979865769471545,-0.4098018291929647,0.17000317149824926
3794,2017-11-13 04:00:00,0.0355959059998281,17.965496033913237,-0.19804216188960605,-0.3919051510463955,0.19386298915678946
3795,2017-11-13 06:00:00,0.035781644736,17.530210479645,-0.1927536792569862,-0.4118610275759256,0.21910734831893938
3796,2017-11-13 08:00:00,0.036888000000174,17.624768400083138,-0.1612527617818248,-0.4075259740308456,0.24627321224902082
3797,2017-11-13 10:00:00,0.0370440275003136,17.80615078122279,-0.156810238150482,-0.3992104111384816,0.2424001729879996
3798,2017-11-13 12:00:00,0.0373620023105954,18.059784255233268,-0.1477566379352335,-0.3875824619876816,0.2398258240524481
3799,2017-11-13 14:00:00,0.037497731590170696,18.082276067432314,-0.14389205937415384,-0.3865513139912265,0.24265925461707266
3800,2017-11-13 16:00:00,0.0364500536543752,17.76990917119299,-0.17372227509666055,-0.4008719252592567,0.22714965016259614
3801,2017-11-13 18:00:00,0.0358868648000568,17.48934983432768,-0.18975778032477544,-0.41373430360099406,0.22397652327621861
3802,2017-11-13 20:00:00,0.036160000000000005,18.289344,-0.18198088471846566,-0.37705818458450285,0.1950772998660372
3803,2017-11-13 22:00:00,0.036329118150765,18.241944630088675,-0.1771656349670421,-0.37923123159755634,0.20206559663051424
3804,2017-11-14 00:00:00,0.0371949870056748,17.945196310509157,-0.1525120139954909,-0.39283580167300874,0.24032378767751783
3805,2017-11-14 02:00:00,0.037024857267272004,18.337618414681238,-0.15735606637454155,-0.3748450207212232,0.21748895434668167
3806,2017-11-14 04:00:00,0.0368490138836052,18.069867850738397,-0.16236280164015865,-0.38712017468018667,0.22475737304002802
3807,2017-11-14 06:00:00,0.036543009703932296,18.169683036776732,-0.1710755657251449,-0.3825440992537883,0.2114685335286434
3808,2017-11-14 08:00:00,0.0368202,18.431682,-0.16318321059827404,-0.3705326302085131,0.2073494196102391
3809,2017-11-14 10:00:00,0.036097260000000006,17.79562803,-0.18376726168650687,-0.3996928317520165,0.2159255700655096
3810,2017-11-14 12:00:00,0.0359832,17.9452812,-0.18701485743044688,-0.3928319098732895,0.2058170524428426
3811,2017-11-14 14:00:00,0.036612507006108005,18.106631247540133,-0.1690967901442126,-0.3854347389927679,0.2163379488485553
3812,2017-11-14 16:00:00,0.037116122341332006,18.35906666211317,-0.15475750363486407,-0.37386171545568087,0.2191042118208168
3813,2017-11-14 18:00:00,0.03788675,18.22326319,-0.1328156563224628,-0.3800876912437537,0.24727203492129088
3814,2017-11-14 20:00:00,0.0372547447842506,18.921921831894775,-0.15081054891246382,-0.34805734827181695,0.19724679935935313
3815,2017-11-14 22:00:00,0.037363034107878,18.683286881870426,-0.14772725988452703,-0.35899768284442224,0.2112704229598952
3816,2017-11-15 00:00:00,0.0384075000007966,18.9240300003925,-0.11798849968346822,-0.34796069826854553,0.2299721985850773
3817,2017-11-15 02:00:00,0.0383376,18.95102874,-0.11997874117994763,-0.34672292800767385,0.22674418682772624
3818,2017-11-15 04:00:00,0.0377301544403336,18.899957255027108,-0.13727435414021202,-0.3490643249097883,0.21178997076957626
3819,2017-11-15 06:00:00,0.0379773862203554,18.80306404154548,-0.13023499874335526,-0.35350644109266816,0.2232714423493129
3820,2017-11-15 08:00:00,0.0379326711756036,18.647728439618227,-0.13150815663416734,-0.3606278768083828,0.22911972017421547
3821,2017-11-15 10:00:00,0.038849999999944505,18.908259999972987,-0.10538933157960967,-0.3486836815565424,0.24329434997693272
3822,2017-11-15 12:00:00,0.037402099999999994,18.559910000000002,-0.14661494860109206,-0.3646539555993122,0.21803900699822013
3823,2017-11-15 14:00:00,0.0385171865005536,18.541246852067246,-0.1148654292838673,-0.3655095766327842,0.25064414734891693
3824,2017-11-15 16:00:00,0.0386515359576808,19.148358145891788,-0.111040137988348,-0.3376762660612603,0.22663612807291228
3825,2017-11-15 18:00:00,0.038054000000000004,19.081065399999996,-0.12805359786047824,-0.3407613345069779,0.21270773664649964
3826,2017-11-15 20:00:00,0.0390828546216765,19.058168177341173,-0.09875933264489502,-0.3418110687418224,0.24305173609692737
3827,2017-11-15 22:00:00,0.038703634144,19.109628353832,-0.10955676214969108,-0.3394518520892845,0.22989508993959346
3828,2017-11-16 00:00:00,0.0384522571603374,19.00878041283676,-0.11671414267105786,-0.3440752746656243,0.22736113199456648
3829,2017-11-16 02:00:00,0.039150000001080015,19.39295250053498,-0.09684752264685824,-0.32646271970481083,0.22961519705795258
3830,2017-11-16 04:00:00,0.0392424786448384,19.03822882166997,-0.0942144063056776,-0.34272519813562186,0.24851079182994426
3831,2017-11-16 06:00:00,0.038671499999895,19.694474199946526,-0.11047170787676941,-0.3126393117248555,0.20216760384808607
3832,2017-11-16 08:00:00,0.03915072,19.6492616448,-0.09682702233624818,-0.31471210315852816,0.21788508082227998
3833,2017-11-16 10:00:00,0.038505999999792005,20.169961149891048,-0.11518393912310047,-0.2908403827885453,0.1756564436654448
3834,2017-11-16 12:00:00,0.0390880464649573,19.98175024052857,-0.09861150686774324,-0.29946900285626676,0.20085749598852354
3835,2017-11-16 14:00:00,0.0391677623439375,19.454664858864557,-0.09634178085248368,-0.32363348682286636,0.22729170597038267
3836,2017-11-16 16:00:00,0.0401170000001563,19.90450000007755,-0.06931442531747055,-0.30301057745069276,0.2336961521332222
3837,2017-11-16 18:00:00,0.0402432599990139,19.71756905951685,-0.06571946271077404,-0.31158051673032133,0.24586105401954728
3838,2017-11-16 20:00:00,0.040990619998443,19.868366759245312,-0.044440108394301875,-0.3046671233332506,0.26022701493894873
3839,2017-11-16 22:00:00,0.0406258651702068,19.956886559791588,-0.05482566185529959,-0.30060889031173493,0.24578322845643535
3840,2017-11-17 00:00:00,0.0398525599991398,19.681730199575178,-0.07684374516517019,-0.3132235665787306,0.2363798214135604
3841,2017-11-17 02:00:00,0.03993819999999999,19.545898,-0.07440534342657154,-0.3194508593911778,0.24504551596460625
3842,2017-11-17 04:00:00,0.039770956948031407,19.740813598742584,-0.07916720405936735,-0.3105148595996721,0.2313476555403048
3843,2017-11-17 06:00:00,0.03793055,19.25489916,-0.13156855222300134,-0.33279184179763255,0.2012232895746312
3844,2017-11-17 08:00:00,0.0390604041405522,20.06140800467361,-0.09939855837651591,-0.29581705417497134,0.19641849579845544
3845,2017-11-17 10:00:00,0.0397923026482943,19.393626920565158,-0.07855943441772967,-0.32643180059270327,0.2478723661749736
3846,2017-11-17 12:00:00,0.0394152499986365,19.37786374932966,-0.08929514001364337,-0.3271544707934598,0.2378593307798164
3847,2017-11-17 14:00:00,0.040147499999747496,19.654307999876387,-0.06844600809090085,-0.3144807505720683,0.24603474248116747
3848,2017-11-17 16:00:00,0.040403554113717294,19.46005533133971,-0.06115545705857926,-0.323386358008011,0.26223090094943174
3849,2017-11-17 18:00:00,0.04066655916128,19.498911273540585,-0.053666994204823855,-0.3216049885658232,0.26793799436099935
3850,2017-11-17 20:00:00,0.0398094000000516,19.37259645002511,-0.078072626713016,-0.32739595267480176,0.24932332596178575
3851,2017-11-17 22:00:00,0.03974442729284389,19.316252914929017,-0.07992257487538681,-0.32997904926183436,0.2500564743864475
3852,2017-11-18 00:00:00,0.038885599999480006,18.816218379748378,-0.10437570360331867,-0.35290337410266426,0.2485276704993456
3853,2017-11-18 02:00:00,0.0389941302259545,19.050941976489238,-0.10128555542177041,-0.342142357410984,0.24085680198921355
3854,2017-11-18 04:00:00,0.0400942036832762,19.13152808525308,-0.06996349792554794,-0.3384478483221399,0.26848435039659196
3855,2017-11-18 06:00:00,0.039967371890003996,19.326299537741992,-0.07357474106097729,-0.32951845698527343,0.25594371592429616
3856,2017-11-18 08:00:00,0.0398241899996409,19.3742743598253,-0.07765151554591897,-0.3273190280893843,0.2496675125434653
3857,2017-11-18 10:00:00,0.0395136297438804,19.437438959089068,-0.08649400340182514,-0.32442321652020867,0.23792921311838353
3858,2017-11-18 12:00:00,0.0393174533990748,19.3698887539442,-0.09207967289553319,-0.3275200883097667,0.2354404154142335
3859,2017-11-18 14:00:00,0.0396236348395356,19.19434911018504,-0.08336186171796132,-0.33556778808419285,0.2522059263662315
3860,2017-11-18 16:00:00,0.039971105226731,19.541009105235773,-0.07346844289803393,-0.31967499313355485,0.2462065502355209
3861,2017-11-18 18:00:00,0.0412294688,19.8078589984,-0.03763943899765408,-0.30744113086156677,0.2698016918639127
3862,2017-11-18 20:00:00,0.041938115,19.726905406,-0.017462370936290564,-0.31115248741524826,0.2936901164789577
3863,2017-11-18 22:00:00,0.0413364,19.793919600000002,-0.0345948194113453,-0.30808018931558306,0.2734853699042378
3864,2017-11-19 00:00:00,0.0412843200004752,19.714670220226928,-0.03607767742292805,-0.31171341541804803,0.27563573799512
3865,2017-11-19 02:00:00,0.040655846759714995,19.811002201803426,-0.05397200516160002,-0.3072970291829999,0.2533250240213999
3866,2017-11-19 04:00:00,0.0398401399996916,19.96200290984548,-0.07719737603793649,-0.30037432877171555,0.22317695273377908
3867,2017-11-19 06:00:00,0.03998442,20.53254,-0.07308933540197991,-0.27421778023708443,0.2011284448351045
3868,2017-11-19 08:00:00,0.0406025820034518,19.969405651697684,-0.055488596392025635,-0.3000349464951066,0.24454635010308096
3869,2017-11-19 10:00:00,0.040264068000052,19.8226201236256,-0.06512700281588345,-0.30676439994424004,0.24163739712835658
3870,2017-11-19 12:00:00,0.040236659438326786,19.941163652799293,-0.06590739847085732,-0.3013297145788094,0.2354223161079521
3871,2017-11-19 14:00:00,0.040207160000000006,20.36686704,-0.06674732702038096,-0.2818131371278037,0.21506581010742276
3872,2017-11-19 16:00:00,0.0403729013402403,20.23144216766894,-0.0620282241696072,-0.28802175582595735,0.22599353165635014
3873,2017-11-19 18:00:00,0.04061715,20.54857812,-0.05507380625010332,-0.2734825048773869,0.21840869862728357
3874,2017-11-19 20:00:00,0.040251341999849706,20.373686753923927,-0.06548934635519914,-0.2815004840482376,0.21601113769303842
3875,2017-11-19 22:00:00,0.0402194,20.4034064,-0.0663988212172439,-0.2801379725157965,0.2137391512985526
3876,2017-11-20 00:00:00,0.040125,20.15743575,-0.06908664375124289,-0.29141461579779115,0.22232797204654825
3877,2017-11-20 02:00:00,0.0401074478956872,20.112213976024808,-0.06958639948737678,-0.29348782987311783,0.22390143038574106
3878,2017-11-20 04:00:00,0.040655240002285986,20.00677973112496,-0.05398928118162503,-0.29832151376768834,0.24433223258606332
3879,2017-11-20 06:00:00,0.0405351090589045,20.002270300858825,-0.05740973305293131,-0.2985282507768244,0.24111851772389306
3880,2017-11-20 08:00:00,0.0403325081250668,20.228440041196357,-0.06317832791922577,-0.28815938976447303,0.22498106184524724
3881,2017-11-20 10:00:00,0.040290014284199996,20.504555229572198,-0.06438824214632283,-0.2755007555572816,0.21111251341095877
3882,2017-11-20 12:00:00,0.040244674600936704,20.428376418275477,-0.06567918517979159,-0.2789932099645026,0.213314024784711
3883,2017-11-20 14:00:00,0.0410078199993513,20.55305363967487,-0.0439503779914828,-0.2732773225156901,0.2293269445242073
3884,2017-11-20 16:00:00,0.040303869002053794,20.333837648036173,-0.06399376097206821,-0.28332738555946513,0.2193336245873969
3885,2017-11-20 18:00:00,0.0409937283414467,20.993882319953315,-0.04435160548785343,-0.25306731869624055,0.2087157132083871
3886,2017-11-20 20:00:00,0.040961250000049514,21.11672425002552,-0.04527635143991128,-0.2474355710649846,0.20215921962507333
3887,2017-11-20 22:00:00,0.03984267000004831,21.10679879002559,-0.07712534010605297,-0.2478906085738456,0.1707652684677926
3888,2017-11-21 00:00:00,0.0396191802306324,21.003707244730894,-0.08348869644455213,-0.2526168902732186,0.16912819382866645
3889,2017-11-21 02:00:00,0.037366347912266985,20.382750296481305,-0.1476329069384468,-0.2810849615609378,0.13345205462249102
3890,2017-11-21 04:00:00,0.0380234418,20.721157762200004,-0.1289236722096144,-0.2655705078044689,0.1366468355948545
3891,2017-11-21 06:00:00,0.038957,20.926347500000002,-0.10234275307021302,-0.25616348514425885,0.15382073207404584
3892,2017-11-21 08:00:00,0.03924546967551001,20.73302037420253,-0.09412924359763711,-0.2650266606261768,0.1708974170285397
3893,2017-11-21 10:00:00,0.039736400000242006,21.288530000129647,-0.08015113354003023,-0.23955905344908301,0.1594079199090528
3894,2017-11-21 12:00:00,0.039480000002015986,21.343792751089893,-0.0874515328297462,-0.23702550593290414,0.14957397310315795
3895,2017-11-21 14:00:00,0.0406820259921834,21.563650180539913,-0.053226611825250646,-0.22694603586277917,0.17371942403752852
3896,2017-11-21 16:00:00,0.040250149997672006,21.396564788762454,-0.06552328587123513,-0.23460614637070656,0.16908286049947144
3897,2017-11-21 18:00:00,0.03933952,21.1328,-0.0914513772682502,-0.24669857054092717,0.15524719327267697
3898,2017-11-21 20:00:00,0.039072,21.3268,-0.09906839299171842,-0.2378045468161171,0.1387361538243987
3899,2017-11-21 22:00:00,0.03899467,21.24034,-0.10127018659928347,-0.24176834728646285,0.14049816068717938
3900,2017-11-22 00:00:00,0.039230638177162894,21.69421666965776,-0.09455153634626358,-0.22096015209020553,0.12640861574394197
3901,2017-11-22 02:00:00,0.03917999999928,22.024302374595266,-0.09599334180806753,-0.20582721347713928,0.10983387166907176
3902,2017-11-22 04:00:00,0.0390239199982792,21.455318559053907,-0.10043736028048836,-0.23191255138671568,0.13147519110622732
3903,2017-11-22 06:00:00,0.03944565000004791,22.51572525002734,-0.08842957000488072,-0.18329769433792645,0.09486812433304573
3904,2017-11-22 08:00:00,0.03955582,23.54182382,-0.08529273305104722,-0.13625570967127398,0.050962976620226766
3905,2017-11-22 10:00:00,0.0400268000001936,23.863994700115427,-0.07188266252580144,-0.121485630025967,0.04960296750016556
3906,2017-11-22 12:00:00,0.040215238540518006,24.802666631574763,-0.06651730918938409,-0.07845176183930376,0.011934452649919672
3907,2017-11-22 14:00:00,0.040577620788,25.403899908779998,-0.0561993094997306,-0.05088793177946508,-0.00531137772026552
3908,2017-11-22 16:00:00,0.0424908,25.234,-0.001725938762527629,-0.058677075179116425,0.0569511364165888
3909,2017-11-22 18:00:00,0.042593200000052005,24.317276980029693,0.0011896653436298517,-0.1007046849146603,0.10189435025829015
3910,2017-11-22 20:00:00,0.04208330907024,25.005673001938558,-0.013328304264742838,-0.06914483671402961,0.055816532449286776
3911,2017-11-22 22:00:00,0.0432037756723208,25.14919708280715,0.018574401049515805,-0.06256490588760273,0.08113930693711854
3912,2017-11-23 00:00:00,0.043089769623437996,24.880901329542702,0.015328341439352718,-0.07486505431440577,0.09019339575375848
3913,2017-11-23 02:00:00,0.0435473099948493,24.94276742704981,0.028355749495428476,-0.07202877318559328,0.10038452268102176
3914,2017-11-23 04:00:00,0.0429919200050634,26.020406603064572,0.0125422989689031,-0.022623884534767855,0.035166183503670956
3915,2017-11-23 06:00:00,0.043153235466555,29.17704239572375,0.017135385118051124,0.12209360840593071,-0.10495822328787958
3916,2017-11-23 08:00:00,0.0436906145027285,27.69037648952928,0.03243601523167155,0.053936691702013546,-0.021500676470341998
3917,2017-11-23 10:00:00,0.0430077000005819,27.64273170037401,0.012991597989464867,0.051752393325155015,-0.03876079533569015
3918,2017-11-23 12:00:00,0.04220425,27.8923381,-0.00988478989724594,0.06319571930524771,-0.07308050920249365
3919,2017-11-23 14:00:00,0.0439931799998383,28.40155625989561,0.04105087075224699,0.08654107185790602,-0.04549020110565903
3920,2017-11-23 16:00:00,0.0442009339098722,28.11448516745183,0.04696618474499602,0.07338015893572997,-0.02641397419073395
3921,2017-11-23 18:00:00,0.04413504,27.62154496,0.04509000745889641,0.05078107697702186,-0.005691069518125452
3922,2017-11-23 20:00:00,0.044069400440802015,27.368811483755184,0.043221072222306325,0.039194388658593315,0.00402668356371301
3923,2017-11-23 22:00:00,0.04312,25.626800000000006,0.01618908177128731,-0.040668969410531594,0.0568580511818189
3924,2017-11-24 00:00:00,0.0422841203968144,24.92446600005695,-0.007610664342614672,-0.07286781094782203,0.06525714660520736
3925,2017-11-24 02:00:00,0.0442688977234016,25.48563673242633,0.048901297769368975,-0.04714066761090277,0.09604196538027174
3926,2017-11-24 04:00:00,0.0430984333007462,25.029920515033364,0.015575019692491273,-0.06803319776179842,0.08360821745428969
3927,2017-11-24 06:00:00,0.044219999999999995,26.297452500000002,0.047509047739495325,-0.009922581544020353,0.05743162928351568
3928,2017-11-24 08:00:00,0.043280154719208014,25.660541429050433,0.020749118457871817,-0.03912207729463732,0.05987119575250914
3929,2017-11-24 10:00:00,0.043815520002128,26.14872348126997,0.03599241158661196,-0.016741135261302054,0.052733546847914016
3930,2017-11-24 12:00:00,0.0434756867490342,25.93689058847373,0.026316442566827157,-0.026452716571739684,0.05276915913856684
3931,2017-11-24 14:00:00,0.04341987,26.594057100000004,0.024727189221184206,0.0036753996378756965,0.02105178958330851
3932,2017-11-24 16:00:00,0.0432372,27.319663199999997,0.019526081781718344,0.03694116184543696,-0.017415080063718613
3933,2017-11-24 18:00:00,0.043657164511590005,27.53191483766625,0.0314836037915856,0.0466719407167434,-0.015188336925157801
3934,2017-11-24 20:00:00,0.04346496,28.39068624,0.026011023098917323,0.08604273054429412,-0.060031707445376795
3935,2017-11-24 22:00:00,0.043372339700000005,28.317382444699998,0.023373873422585536,0.08268208263441346,-0.05930820921182792
3936,2017-11-25 00:00:00,0.0443546019831024,28.31253082644777,0.051341529130423134,0.08245965785173798,-0.031118128721314843
3937,2017-11-25 02:00:00,0.0446154830085385,28.0724712253303,0.058769515347159455,0.07145400946149455,-0.012684494114335094
3938,2017-11-25 04:00:00,0.044957049999782006,27.850191309864954,0.06849484856680475,0.06126347934965136,0.007231369217153394
3939,2017-11-25 06:00:00,0.045383520001092005,27.792252560668725,0.08063759940997824,0.05860724940152207,0.022030350008456163
3940,2017-11-25 08:00:00,0.04554549461,27.57293823693,0.08524945326335301,0.048552678275115314,0.036696774988237695
3941,2017-11-25 10:00:00,0.045529640537019404,27.875903242921012,0.08479804505770776,0.06244225534249318,0.022355789715214576
3942,2017-11-25 12:00:00,0.045838,28.592247999999998,0.09357787040909601,0.09528342680952329,-0.0017055564004272716
3943,2017-11-25 14:00:00,0.04563945,28.600722,0.08792461655183449,0.09567192143346179,-0.0077473048816272955
3944,2017-11-25 16:00:00,0.0461045,28.15575,0.10116584398230288,0.0752719651196669,0.025893878862635986
3945,2017-11-25 18:00:00,0.04479852000005201,28.429830000033,0.06398107202454696,0.08783729513404552,-0.02385622310949856
3946,2017-11-25 20:00:00,0.0448797667336821,28.691833761982625,0.0662943855993857,0.09984898417924896,-0.03355459857986326
3947,2017-11-25 22:00:00,0.0452868,28.217159999999996,0.07788372018939044,0.07808733623791714,-0.00020361604852670023
3948,2017-11-26 00:00:00,0.0452685,28.076226899999998,0.07736266984646482,0.0716261901811593,0.005736479665305522
3949,2017-11-26 02:00:00,0.04583623605704,27.725810311256684,0.09352764619684424,0.055561172377808415,0.037966473819035826
3950,2017-11-26 04:00:00,0.045943962073086,27.451117439579267,0.09659489633907276,0.04296774496680242,0.05362715137227034
3951,2017-11-26 06:00:00,0.046296025418552,26.98417260011171,0.10661908906511704,0.02156043321215233,0.08505865585296471
3952,2017-11-26 08:00:00,0.045887077169857016,26.661720612052843,0.09497522976340311,0.006777466037370151,0.08819776372603297
3953,2017-11-26 10:00:00,0.0464089799999481,27.022276899969768,0.10983521056082515,0.0233073432480021,0.08652786731282305
3954,2017-11-26 12:00:00,0.046462,27.350035,0.11134483292197063,0.03833357168958745,0.07301126123238318
3955,2017-11-26 14:00:00,0.0468530999998446,27.639891899908324,0.12248050445406054,0.051622201300848096,0.07085830315321245
3956,2017-11-26 16:00:00,0.0478099800001044,27.319831560059658,0.1497254581302386,0.036948880393709804,0.1127765777365288
3957,2017-11-26 18:00:00,0.050097798179999986,26.982363840159998,0.21486581043549102,0.021477509738322416,0.1933883006971686
3958,2017-11-26 20:00:00,0.0494691000003766,26.919833700204936,0.1969650780808738,0.018610785262672857,0.17835429281820095
3959,2017-11-26 22:00:00,0.05143522469480541,27.377094669054237,0.25294594946156834,0.03957413529038082,0.21337181417118753
3960,2017-11-27 00:00:00,0.05186566079940602,27.753891378882145,0.26520162595936764,0.056848562489555055,0.20835306346981258
3961,2017-11-27 02:00:00,0.051667966894536,27.324296180446176,0.2595727474387755,0.0371535630722663,0.2224191843665092
3962,2017-11-27 04:00:00,0.051055740534801,27.801380481215173,0.24214101220992085,0.05902572332883282,0.18311528888108802
3963,2017-11-27 06:00:00,0.051415300000477004,27.81402813025804,0.25237863969039326,0.0596055609095047,0.19277307878088856
3964,2017-11-27 08:00:00,0.0501819446692005,27.11839821922795,0.21726168787013128,0.027714071567292352,0.18954761630283892
3965,2017-11-27 10:00:00,0.050768129999841295,27.20663126991495,0.23395196478534266,0.0317591584029757,0.20219280638236697
3966,2017-11-27 12:00:00,0.052235390140559695,27.81510475541829,0.2757288172160777,0.05965491931011283,0.2160738979059649
3967,2017-11-27 14:00:00,0.053942941,28.477240895999998,0.32434739431303666,0.09001087056468975,0.2343365237483469
3968,2017-11-27 16:00:00,0.0532757980113204,28.402324445553106,0.30535203458451515,0.0865762897004979,0.21877574488401724
3969,2017-11-27 18:00:00,0.052774950005605496,29.8244079631678,0.2910915414079372,0.15177239559908823,0.13931914580884897
3970,2017-11-27 20:00:00,0.05200740000000001,28.77887265,0.2692373231766083,0.10383932405042229,0.16539799912618602
3971,2017-11-27 22:00:00,0.0526336200007046,28.59180597038275,0.28706749509540747,0.09526316174816832,0.19180433334723915
3972,2017-11-28 00:00:00,0.0523573902149,29.236579216772252,0.2792024882855842,0.12482310273018414,0.15437938555540004
3973,2017-11-28 02:00:00,0.053322500006379996,28.76584060344181,0.30668176630807326,0.10324186357995126,0.203439902728122
3974,2017-11-28 04:00:00,0.054536860000774214,29.06321538041258,0.3412578696695099,0.11687515389715819,0.2243827157723517
3975,2017-11-28 06:00:00,0.0545966944595568,29.09225269773384,0.34296151804477953,0.11820638373818984,0.2247551343065897
3976,2017-11-28 08:00:00,0.057025600000522,28.901065680264548,0.4121190079384362,0.1094413225565013,0.3026776853819349
3977,2017-11-28 10:00:00,0.0639298799995492,28.788299999797,0.6087024757607197,0.10427152545638418,0.5044309503043355
3978,2017-11-28 12:00:00,0.0588760632708458,28.402419286627246,0.4648066867129458,0.08658063773536127,0.3782260489775845
3979,2017-11-28 14:00:00,0.0578096999999415,28.2597530399714,0.4344444491179731,0.08004003473285246,0.3544044143851206
3980,2017-11-28 16:00:00,0.05618403,28.193483160000003,0.3881572408691509,0.07700186006941985,0.31115538079973104
3981,2017-11-28 18:00:00,0.0562603999926986,27.861819996384128,0.39033170048034393,0.06179660210114575,0.3285350983791982
3982,2017-11-28 20:00:00,0.055789739999381804,28.49158196968429,0.37693074141372657,0.09066834401617092,0.28626239739755566
3983,2017-11-28 22:00:00,0.0560194228615455,28.750610287983914,0.3834704318014062,0.10254362240975093,0.28092680939165526
3984,2017-11-29 00:00:00,0.05757817337617381,28.661792782138534,0.4278522618660294,0.09847174094497116,0.3293805209210583
3985,2017-11-29 02:00:00,0.0582588597166065,28.465566555606607,0.44723323733637116,0.08947565478927569,0.35775758254709544
3986,2017-11-29 04:00:00,0.0564165000015309,27.70269050075173,0.39477628862967545,0.0545012334956219,0.34027505513405354
3987,2017-11-29 06:00:00,0.057832499999835,28.672932899918187,0.43509362659137285,0.0989824650265661,0.33611116156480675
3988,2017-11-29 08:00:00,0.059385,28.754859000000003,0.47929748765574637,0.102738406664756,0.37655908099099034
3989,2017-11-29 10:00:00,0.0595387200007176,29.400370940354357,0.48367431055675386,0.1323322134284665,0.35134209712828735
3990,2017-11-29 12:00:00,0.058136,30.335253,0.4437350899336628,0.1751923331108774,0.2685427568227854
3991,2017-11-29 14:00:00,0.0549503599998984,29.377890299945694,0.3530313295789858,0.1313015776081388,0.22172975197084702
3992,2017-11-29 16:00:00,0.0541215,29.769568,0.32943145049787065,0.14925823099351024,0.1801732195043604
3993,2017-11-29 18:00:00,0.047808,25.279776000000002,0.14966908218852346,-0.056578452343926174,0.20624753453244962
3994,2017-11-29 20:00:00,0.049896000000396,25.59997440020317,0.20912007214672446,-0.04189880199313638,0.25101887413986085
3995,2017-11-29 22:00:00,0.04715172,24.256455300000002,0.13098302103796375,-0.10349308421964419,0.23447610525760793
3996,2017-11-30 00:00:00,0.0513760000062244,26.018512003152235,0.25125966288808205,-0.022710743383063454,0.2739704062711455
3997,2017-11-30 02:00:00,0.051258107787174594,26.009131725215678,0.24790295353484887,-0.02314078675684209,0.271043740291691
3998,2017-11-30 04:00:00,0.0516329500107139,25.92220450537889,0.25857572233912024,-0.027126007146327544,0.2857017294854478
3999,2017-11-30 06:00:00,0.048346335603456005,25.530692616860048,0.16499694835190232,-0.04507505882174917,0.2100720071736515
4000,2017-11-30 08:00:00,0.047569524859858096,25.94952780542259,0.14287905193987965,-0.025873357255457533,0.16875240919533718
4001,2017-11-30 10:00:00,0.046369821260368205,24.841359690280157,0.10872025565991585,-0.07667785986965814,0.18539811552957397
4002,2017-11-30 12:00:00,0.045344402638955394,23.00154008322288,0.07952382263644668,-0.16102527860439136,0.24054910124083806
4003,2017-11-30 14:00:00,0.0465525367434309,23.2259660235644,0.1139226581248143,-0.15073636294531773,0.264659021070132
4004,2017-11-30 16:00:00,0.047694958149182405,24.63378081491517,0.1464504758970776,-0.08619441369576948,0.23264488959284707
4005,2017-11-30 18:00:00,0.0495846797028324,25.384622994008303,0.20025594385135695,-0.05177169125018979,0.25202763510154674
4006,2017-11-30 20:00:00,0.0493859402003456,24.886559127481576,0.19459729434733392,-0.07460566983451648,0.2692029641818504
4007,2017-11-30 22:00:00,0.0516189962340235,26.056892807215892,0.25817842069269187,-0.020951156878324016,0.27912957757101586
4008,2017-12-01 00:00:00,0.050503396092093006,25.303369150718762,0.22641427662051797,-0.05549681295095879,0.28191108957147676
4009,2017-12-01 02:00:00,0.0500341354220176,25.39251690866398,0.2130531600596269,-0.051409790919111444,0.26446295097873834
4010,2017-12-01 04:00:00,0.05012584,24.94114482,0.21566423666102466,-0.07210316238970169,0.28776739905072635
4011,2017-12-01 06:00:00,0.04970861,24.78150717,0.2037845735692834,-0.07942182757770652,0.2832064011469899
4012,2017-12-01 08:00:00,0.05216773,26.36963602,0.2738023505799561,-0.006613293196493031,0.2804156437764491
4013,2017-12-01 10:00:00,0.0512425,26.144420999999998,0.2474585577501696,-0.016938384593728185,0.26439694234389777
4014,2017-12-01 12:00:00,0.05430384139125,27.31195731054862,0.33462320156018494,0.03658788162068797,0.29803531993949695
4015,2017-12-01 14:00:00,0.052810399999247006,26.74068279961872,0.2921008983119602,0.010397525674348639,0.2817033726376115
4016,2017-12-01 16:00:00,0.0521665,26.169195600000002,0.27376732916346425,-0.015802581087683246,0.2895699102511475
4017,2017-12-01 18:00:00,0.0543016,26.71132608,0.3345593831077562,0.009051652680681057,0.32550773042707515
4018,2017-12-01 20:00:00,0.054108,26.679456,0.3290470690973517,0.0075905534660851565,0.32145651563126654
4019,2017-12-01 22:00:00,0.05349944444,26.00040900117336,0.3117198514346573,-0.02354068425466348,0.3352605356893208
4020,2017-12-02 00:00:00,0.0551682634375,26.651126047494998,0.35923562798811093,0.006291753106795372,0.35294387488131557
4021,2017-12-02 02:00:00,0.0547129799999498,26.33078510997584,0.34627248092451,-0.008394431936108324,0.35466691286061836
4022,2017-12-02 04:00:00,0.054776700000000005,26.4627,0.3480867611363888,-0.002346730072548413,0.35043349120893724
4023,2017-12-02 06:00:00,0.055187569679434494,26.516916895912995,0.3597853287520768,0.00013886971371822622,0.35964645903835857
4024,2017-12-02 08:00:00,0.056034200000603614,27.887541800300408,0.383891176794504,0.06297583062834322,0.3209153461661608
4025,2017-12-02 10:00:00,0.0534360000008784,27.07256100044503,0.3099134171854203,0.025612642127423372,0.28430077505799695
4026,2017-12-02 12:00:00,0.05393635,27.901790150000004,0.32415973077149446,0.06362905310394938,0.26053067766754506
4027,2017-12-02 14:00:00,0.051896018500582,27.178319396104797,0.26606599156637195,0.030461186870185307,0.23560480469618664
4028,2017-12-02 16:00:00,0.05214873,27.41988933,0.273261369349596,0.04153607719629226,0.23172529215330373
4029,2017-12-02 18:00:00,0.0531097970836392,27.65910346233313,0.300625540579364,0.0525029646616569,0.24812257591770712
4030,2017-12-02 20:00:00,0.0536868848754544,28.021908144746927,0.3170567860342008,0.06913592060423679,0.247920865429964
4031,2017-12-02 22:00:00,0.053498310646092985,29.78134368754777,0.3116875692650366,0.14979809307817946,0.16188947618685715
4032,2017-12-03 00:00:00,0.053455737526768986,29.51693003418036,0.31047539776650196,0.13767592139666662,0.17279947636983534
4033,2017-12-03 02:00:00,0.0542531645552432,30.02540761440195,0.333180295397358,0.16098732171638247,0.17219297368097553
4034,2017-12-03 04:00:00,0.0544025500020706,29.61915385112732,0.3374337018617033,0.14236242167072288,0.1950712801909804
4035,2017-12-03 06:00:00,0.05670769000111981,31.42820395062061,0.40306725306368196,0.22529919746589525,0.17776805559778672
4036,2017-12-03 08:00:00,0.0553957507060662,31.32762122549253,0.3657128039060146,0.2206879338391158,0.14502487006689882
4037,2017-12-03 10:00:00,0.05775637,38.93023379,0.4329260002241075,0.5692333798147292,-0.13630737959062172
4038,2017-12-03 12:00:00,0.0576070499989647,38.0929831493154,0.4286744571779272,0.5308492197020419,-0.10217476252411473
4039,2017-12-03 14:00:00,0.06019029,35.90286267,0.5022262652871449,0.43044208824212593,0.07178417704501894
4040,2017-12-03 16:00:00,0.059494399999999996,35.7896,0.4824124006347662,0.4252495064167892,0.05716289421797699
4041,2017-12-03 18:00:00,0.0593589106003542,38.41471727652922,0.4785546521020759,0.5455992761995716,-0.06704462409749573
4042,2017-12-03 20:00:00,0.0556504550010731,33.944708355654555,0.3729649219528988,0.3406695576821895,0.03229536427070934
4043,2017-12-03 22:00:00,0.056433749999595995,35.698425749744445,0.3952674425863576,0.4210695788659403,-0.02580213627958272
4044,2017-12-04 00:00:00,0.05763846,37.86505092,0.42956878459927894,0.5203995565310109,-0.09083077193173195
4045,2017-12-04 02:00:00,0.057191100000050316,37.98637410003341,0.41683123916840464,0.5259616763330033,-0.10913043716459864
4046,2017-12-04 04:00:00,0.05915559999896401,36.770915399356035,0.4727658510870608,0.4702383849909856,0.002527466096075237
4047,2017-12-04 06:00:00,0.0604486400064452,36.72393312391561,0.5095821865687358,0.46808445987545605,0.041497726693279724
4048,2017-12-04 08:00:00,0.059697176462394586,37.35079822301036,0.48818599327235906,0.4968233931930033,-0.008637399920644218
4049,2017-12-04 10:00:00,0.059318,35.393445,0.4773898170013192,0.4070875890523451,0.07030222794897412
4050,2017-12-04 12:00:00,0.05911622500094861,35.598848425571234,0.47164473872538754,0.4165044083316638,0.055140330393723735
4051,2017-12-04 14:00:00,0.06005722924115301,35.382546634134975,0.49843766670642514,0.40658794820407096,0.09184971850235418
4052,2017-12-04 16:00:00,0.0605855816064422,35.2947544052372,0.513481283161043,0.4025630710562834,0.1109182121047596
4053,2017-12-04 18:00:00,0.06028604767258201,35.07352940927602,0.5049527444202934,0.3924209042387589,0.11253184018153445
4054,2017-12-04 20:00:00,0.0620649000023349,36.17812170136103,0.5556014666296827,0.4430614715173489,0.11253999511233376
4055,2017-12-04 22:00:00,0.062988,37.21732400000001,0.5818846125497953,0.4907042029553506,0.09118040959444468
4056,2017-12-05 00:00:00,0.06431854,35.63822416,0.6197686739310129,0.41830960789966004,0.20145906603135283
4057,2017-12-05 02:00:00,0.06250500000783,35.15304350440362,0.5681323004430598,0.3960662663445408,0.17206603409851906
4058,2017-12-05 04:00:00,0.06216141171789,35.51154826345112,0.5583494153994272,0.4125020902230242,0.14584732517640298
4059,2017-12-05 06:00:00,0.06218395,35.7765776,0.5589911410618519,0.424652488197439,0.13433865286441288
4060,2017-12-05 08:00:00,0.060144648375474,35.31738045178343,0.500926725171792,0.4036003730912361,0.09732635208055596
4061,2017-12-05 10:00:00,0.06082675,35.30391575,0.52034799759635,0.4029830773329408,0.11736492026340917
4062,2017-12-05 12:00:00,0.06430663265598961,35.43049028818426,0.6194296397408521,0.4087859481863824,0.21064369155446966
4063,2017-12-05 14:00:00,0.0638606992994777,35.58056111820049,0.6067327146953595,0.41566601789033253,0.19106669680502697
4064,2017-12-05 16:00:00,0.062802000000324,34.890000000179995,0.5765886910407598,0.38400690981246804,0.19258178122829178
4065,2017-12-05 18:00:00,0.06318000000000001,34.740459,0.5873513702460648,0.3771511304133304,0.21020023983273434
4066,2017-12-05 20:00:00,0.062317065648825,35.38353598905157,0.5627813025082472,0.4066333056581971,0.1561479968500501
4067,2017-12-05 22:00:00,0.0638083089934055,35.65752954272069,0.6052410214196821,0.4191946724972597,0.18604634892242233
4068,2017-12-06 00:00:00,0.06254963000000001,33.8895557,0.5694030366575379,0.3381410575384891,0.23126197911904878
4069,2017-12-06 02:00:00,0.0635255999998443,33.32303279991832,0.5971915340949155,0.3121685414870732,0.28502299260784236
4070,2017-12-06 04:00:00,0.061954134000506,33.20937484827123,0.5524476598953957,0.306957837783658,0.2454898221117377
4071,2017-12-06 06:00:00,0.0623317600039737,33.10584760211052,0.563199690420231,0.30221158116758784,0.26098810925264315
4072,2017-12-06 08:00:00,0.0639994880003584,32.9998609991848,0.610684403230228,0.2973525741524671,0.3133318290777609
4073,2017-12-06 10:00:00,0.06418556796159999,31.453435549932493,0.615982601460639,0.22645595232617768,0.38952664913446133
4074,2017-12-06 12:00:00,0.0647999800000514,31.063521930024642,0.6334765688558711,0.20858017404737858,0.4248963948084925
4075,2017-12-06 14:00:00,0.061552800000000005,32.900218800000005,0.5410205987701843,0.2927844293919423,0.24823616937824194
4076,2017-12-06 16:00:00,0.069462192582785,33.050963835419005,0.7662223319720242,0.2996954083683028,0.4665269236037214
4077,2017-12-06 18:00:00,0.07445985653232902,33.004266092291196,0.9085192999904415,0.29755452777410785,0.6109647722163336
4078,2017-12-06 20:00:00,0.0768783812658884,32.37305119041693,0.9773812203071228,0.26861617564666757,0.7087650446604552
4079,2017-12-06 22:00:00,0.0763246882826956,30.929561358658265,0.9616160881340009,0.20243868693438027,0.7591774011996206
4080,2017-12-07 00:00:00,0.07163939999999999,29.044244700000004,0.8282132976201183,0.1160054338885745,0.7122078637315438
4081,2017-12-07 02:00:00,0.07221889692859801,30.289014158063036,0.8447131376950011,0.1730724910634799,0.6716406466315212
4082,2017-12-07 04:00:00,0.07692276,30.954252030000006,0.9786448025272024,0.20357064269053973,0.7750741598366627
4083,2017-12-07 06:00:00,0.07527450000021399,29.958969600085172,0.9317143960726053,0.15794143885265727,0.7737729572199481
4084,2017-12-07 08:00:00,0.0774004000003234,28.67706360011982,0.992244501213733,0.0991718389729238,0.8930726622408092
4085,2017-12-07 10:00:00,0.08183999999963999,27.49455719987905,1.1186518838419623,0.04495926176425777,1.0736926220777046
4086,2017-12-07 12:00:00,0.08984820419809281,28.82871253219825,1.3466670501710565,0.10612425752832419,1.2405427926427324
4087,2017-12-07 14:00:00,0.0955951799998134,27.90810602994552,1.5102989470165151,0.06391860767136429,1.4463803393451509
4088,2017-12-07 16:00:00,0.08539439999943997,28.46302094981334,1.219855235688448,0.08935895026185652,1.1304962854265914
4089,2017-12-07 18:00:00,0.0792972930707815,27.895775396431944,1.0462541615883487,0.0633533038207885,0.9829008577675602
4090,2017-12-07 20:00:00,0.0764741900000481,27.690811330017414,0.9658728051336998,0.05395662717427107,0.9119161779594287
4091,2017-12-07 22:00:00,0.08149245657552599,26.50161189448,1.1087563854640305,-0.0005627954710926809,1.1093191809351233
4092,2017-12-08 00:00:00,0.07709815318320001,25.708807502011286,0.9836387193716387,-0.036909295861558736,1.0205480152331974
4093,2017-12-08 02:00:00,0.07465399999963361,26.416268999870354,0.9140470879803775,-0.004475381705124427,0.9185224696855019
4094,2017-12-08 04:00:00,0.0713168,25.580905800000004,0.8190280057825332,-0.04277301118182647,0.8618010169643597
4095,2017-12-08 06:00:00,0.07093751000000001,26.43109504,0.8082285967897319,-0.0037956747326602673,0.8120242715223922
4096,2017-12-08 08:00:00,0.0692299426399542,25.80372281262293,0.7596095498760432,-0.03255785759131297,0.7921674074673563
4097,2017-12-08 10:00:00,0.07238387237790289,25.515830987861122,0.8494104335657454,-0.045756397383119124,0.8951668309488645
4098,2017-12-08 12:00:00,0.0748516666841196,27.331615465454675,0.9196751914632411,0.037489119229556195,0.8821860722336848
4099,2017-12-08 14:00:00,0.075392,26.852168,0.9350599378858439,0.015508618546288306,0.9195513193395556
4100,2017-12-08 16:00:00,0.07090439999999999,29.0520136,0.8072858658140883,0.11636160286236641,0.6909242629517219
4101,2017-12-08 18:00:00,0.07290637806500401,29.80469975842125,0.8642875793277475,0.1508688634311025,0.713418715896645
4102,2017-12-08 20:00:00,0.07495039999999999,29.439984000000003,0.9224863951844245,0.13414829328568656,0.788338101898738
4103,2017-12-08 22:00:00,0.074484086745606,29.03025204749009,0.9092091994952027,0.11536393397416116,0.7938452655210416
4104,2017-12-09 00:00:00,0.07311188811169601,29.398198051870807,0.8701390044809459,0.13223259630617754,0.7379064081747684
4105,2017-12-09 02:00:00,0.074375999999952,29.589097049980907,0.9061316784083866,0.14098445310119667,0.7651472253071899
4106,2017-12-09 04:00:00,0.07183679999999999,28.68368594,0.833833807876595,0.0994754433440995,0.7343583645324955
4107,2017-12-09 06:00:00,0.07467337043099999,29.527591519998,0.9145986163905452,0.13816470236472767,0.7764339140258175
4108,2017-12-09 08:00:00,0.072475340002435,28.940727760972337,0.8520147634635076,0.11125964980799824,0.7407551136555093
4109,2017-12-09 10:00:00,0.07222609999950898,28.839984699803942,0.8449182285457266,0.10664103549798949,0.7382771930477371
4110,2017-12-09 12:00:00,0.0734028039155248,29.615564686910982,0.8784221618223382,0.1421978747032366,0.7362242871191016
4111,2017-12-09 14:00:00,0.07142896,29.09160411,0.822221503403437,0.11817664892018771,0.7040448544832493
4112,2017-12-09 16:00:00,0.0655908406149052,27.425680534290446,0.6559945029857048,0.04180157775482036,0.6141929252308844
4113,2017-12-09 18:00:00,0.0680857600004392,26.87015680017333,0.7270315850296574,0.01633332378094024,0.7106982612487172
4114,2017-12-09 20:00:00,0.070500586463636,28.019649066848768,0.795788205617341,0.06903235208659542,0.7267558535307456
4115,2017-12-09 22:00:00,0.07242278380380499,28.234602529597,0.8505183467794073,0.07888699743408449,0.7716313493453228
4116,2017-12-10 00:00:00,0.06588975999999999,25.89980644,0.6645055438660746,-0.02815285727452188,0.6926584011405965
4117,2017-12-10 02:00:00,0.0590126100000461,24.951453180019488,0.4686945402689672,-0.0716305706444584,0.5403251109134256
4118,2017-12-10 04:00:00,0.0593141414859429,25.36835447717827,0.4772799547022679,-0.052517529263869184,0.5297974839661371
4119,2017-12-10 06:00:00,0.0617294428070967,25.156832489346176,0.5460500957763634,-0.06221485698602193,0.6082649527623853
4120,2017-12-10 08:00:00,0.06161725239144,25.7089878070074,0.5428557321397027,-0.03690102969190338,0.5797567618316061
4121,2017-12-10 10:00:00,0.062416285342,26.814608559339,0.5656063547024446,0.0137866878435588,0.5518196668588857
4122,2017-12-10 12:00:00,0.0668406167550384,27.850256981265996,0.6915789995101144,0.06126649008675916,0.6303125094233553
4123,2017-12-10 14:00:00,0.0682220000003987,30.31366800017716,0.7309107051771484,0.17420275836590637,0.556707946811242
4124,2017-12-10 16:00:00,0.06809835,29.0389728,0.7273900562640065,0.11576374108612676,0.6116263151778798
4125,2017-12-10 18:00:00,0.0697603423998656,28.827994351594466,0.7747114611760166,0.10609133219157806,0.6686201289844386
4126,2017-12-10 20:00:00,0.0638998202157336,27.775697527828203,0.6078465926642501,0.05784827592292099,0.5499983167413292
4127,2017-12-10 22:00:00,0.0661827061825956,27.081993181947926,0.6728465115655391,0.026045065045276268,0.6468014465202628
4128,2017-12-11 00:00:00,0.07111381500017759,29.3511059775733,0.8132484755220836,0.1300736374089995,0.6831748381130841
4129,2017-12-11 02:00:00,0.0718586,28.68159316,0.8344545126566922,0.09937949883394061,0.7350750138227516
4130,2017-12-11 04:00:00,0.0702940846844931,28.7932291957077,0.7899085431672227,0.10449750682429133,0.6854110363429313
4131,2017-12-11 06:00:00,0.07193564,29.826892200000003,0.8366480491823203,0.15188628663683906,0.6847617625454812
4132,2017-12-11 08:00:00,0.0715151374002185,28.95953939208848,0.8246752063507754,0.1121220781247475,0.7125531282260279
4133,2017-12-11 10:00:00,0.07125212,29.79062396,0.8171863917836026,0.1502235516522147,0.666962840131388
4134,2017-12-11 12:00:00,0.06988259921913151,30.529940266282892,0.7781924424658253,0.18411786489045706,0.5940745775753682
4135,2017-12-11 14:00:00,0.0708288,30.038102399999996,0.8051333299711826,0.161569320295199,0.6435640096759836
4136,2017-12-11 16:00:00,0.07012801000004311,29.850939310018354,0.7851799491079914,0.15298873801321192,0.6321912110947795
4137,2017-12-11 18:00:00,0.06993329000000001,30.82093861,0.7796357456764647,0.19745882454458283,0.5821769211318818
4138,2017-12-11 20:00:00,0.06802002858421499,30.969159210715443,0.7251600343758534,0.20425406959235995,0.5209059647834935
4139,2017-12-11 22:00:00,0.0649271024,30.42016016,0.6370960863469506,0.17908494288121873,0.45801114346573185
4140,2017-12-12 00:00:00,0.0674771999994316,30.045802199746905,0.709704240919502,0.16192232133450465,0.5477819195849973
4141,2017-12-12 02:00:00,0.06564859000184049,30.615837910858325,0.6576387837434307,0.18805588390467975,0.4695828998387509
4142,2017-12-12 04:00:00,0.06571285087070157,31.41811697626813,0.6594684639487184,0.22483675525351124,0.4346317086952072
4143,2017-12-12 06:00:00,0.068047699998893,31.719024609483995,0.7259479141631329,0.23863201107205947,0.4873159030910734
4144,2017-12-12 08:00:00,0.0689709173977285,31.548266216560982,0.7522344028111195,0.23080351005212277,0.5214308927589968
4145,2017-12-12 10:00:00,0.0685381200005004,30.946358240225933,0.7399114939453805,0.20320874808471875,0.5367027458606617
4146,2017-12-12 12:00:00,0.0693344400005782,32.78729976027342,0.7625848714928716,0.2876076014625041,0.4749772700303675
4147,2017-12-12 14:00:00,0.06704278,32.94029753,0.6973351321939505,0.2946218581315312,0.4027132740624193
4148,2017-12-12 16:00:00,0.06660040000028701,34.112237560147,0.6847393807975627,0.3483500149984492,0.3363893657991135
4149,2017-12-12 18:00:00,0.06834930000102749,33.925698900510014,0.7345352794384634,0.3397980600272861,0.39473721941117734
4150,2017-12-12 20:00:00,0.0653250000000402,33.3077875000205,0.6484253038852147,0.3114696133479853,0.3369556905372294
4151,2017-12-12 22:00:00,0.065398839999597,32.41835103980023,0.6505277277699525,0.2706929691267984,0.3798347586431541
4152,2017-12-13 00:00:00,0.06571118406512401,31.738338848407587,0.6594210054996594,0.23951748168655987,0.4199035238130996
4153,2017-12-13 02:00:00,0.06493661621480219,31.816195869443003,0.6373669703067981,0.24308687443002397,0.39428009587677415
4154,2017-12-13 04:00:00,0.06662639999999999,31.8853048,0.6854796708940935,0.24625520673914864,0.4392244641549448
4155,2017-12-13 06:00:00,0.0664968000001236,32.40443940006023,0.6817896094526316,0.2700551832819603,0.41173442617067124
4156,2017-12-13 08:00:00,0.06774075,32.196780000000004,0.7172082200547054,0.26053493776229303,0.4566732822924124
4157,2017-12-13 10:00:00,0.06856469999999999,34.27913100000001,0.7406682981997097,0.3560013253776647,0.384666972822045
4158,2017-12-13 12:00:00,0.0680294999982444,34.23706649911646,0.7254297110713732,0.35407285801255867,0.37135685305881455
4159,2017-12-13 14:00:00,0.0691500999990041,35.13272239949402,0.7573362146057075,0.39513463547247724,0.3622015791332303
4160,2017-12-13 16:00:00,0.06836999999909699,33.72755699955455,0.7351246641976259,0.3307141488521476,0.4044105153454783
4161,2017-12-13 18:00:00,0.06593987272723201,32.812308667858524,0.6659323883310572,0.288754146912986,0.37717824141807116
4162,2017-12-13 20:00:00,0.06665870999987429,34.315076639935285,0.6863996237090898,0.357649270606468,0.3287503531026218
4163,2017-12-13 22:00:00,0.06760475,34.67694186000001,0.7133359333531816,0.37423915644378386,0.3390967769093977
4164,2017-12-14 00:00:00,0.0676795004273843,37.24211123517747,0.7154642795729862,0.4918405857272101,0.22362369384577607
4165,2017-12-14 02:00:00,0.06733800000202099,36.07249680108264,0.705740841663434,0.4382190469348403,0.26752179472859366
4166,2017-12-14 04:00:00,0.06772765758566279,35.030111483549646,0.7168354437169935,0.3904303884578702,0.3264050552591233
4167,2017-12-14 06:00:00,0.069124660001748,35.8552933209067,0.7566118692890781,0.4282612484513551,0.328350620837723
4168,2017-12-14 08:00:00,0.0690548200003017,36.54169584015965,0.7546233361358805,0.45972970355962894,0.29489363257625156
4169,2017-12-14 10:00:00,0.0693515000000425,36.04026116002209,0.7630706156770893,0.4367411883968145,0.32632942728027486
4170,2017-12-14 12:00:00,0.0696004200013113,36.61919970068993,0.7701580392848574,0.46328290548911727,0.3068751337957401
4171,2017-12-14 14:00:00,0.0686425199998312,36.15752873991109,0.7428840434236729,0.442117377250855,0.3007666661728179
4172,2017-12-14 16:00:00,0.0689212,35.38664735,0.7508188144430429,0.4067759475040308,0.3440428669390121
4173,2017-12-14 18:00:00,0.068762400000588,35.81980764030631,0.746297350281829,0.42663439028047395,0.319662960001355
4174,2017-12-14 20:00:00,0.07039100000004299,35.58887110002174,0.7926679835170598,0.41604699302162595,0.37662099049543385
4175,2017-12-14 22:00:00,0.0710186205712557,37.06515932659536,0.810538033454632,0.4837281399896857,0.3268098934649463
4176,2017-12-15 00:00:00,0.07263249999987251,35.82251989993712,0.8564895323465135,0.4267587351335888,0.4297307972129247
4177,2017-12-15 02:00:00,0.0714153,34.68921315,0.8218325663715046,0.37480173966230945,0.44703082670919514
4178,2017-12-15 04:00:00,0.07499199999999999,34.695496,0.9236708593519496,0.37508977995591464,0.548581079396035
4179,2017-12-15 06:00:00,0.07348981,34.78386949,0.8808994596448749,0.3791413052997512,0.5017581543451237
4180,2017-12-15 08:00:00,0.0746939999996624,34.55146199984384,0.9151859958345868,0.36848647163339815,0.5466995242011887
4181,2017-12-15 10:00:00,0.0760130999983503,34.051712399260985,0.9527443295323762,0.3455752097568607,0.6071691197755156
4182,2017-12-15 12:00:00,0.0762353600002568,35.086255720118196,0.9590726710740173,0.39300434810762297,0.5660683229663943
4183,2017-12-15 14:00:00,0.07481275000050999,37.493685880255605,0.9185671285484696,0.5033741468709505,0.41519298167751906
4184,2017-12-15 16:00:00,0.0794335499962854,36.668139898285254,1.0501337636517258,0.4655265924917445,0.5846071711599814
4185,2017-12-15 18:00:00,0.07944157,36.36548448,1.0503621147820952,0.45165120862230435,0.5987109061597908
4186,2017-12-15 20:00:00,0.0786688000014336,36.53656520066582,1.0283592692763208,0.4594944869133323,0.5688647823629885
4187,2017-12-15 22:00:00,0.07857919999999999,36.307624600000004,1.0258081156439096,0.4489985944705795,0.5768095211733302
4188,2017-12-16 00:00:00,0.0785745,36.47148914,1.025674293971137,0.4565110434727191,0.5691632504984179
4189,2017-12-16 02:00:00,0.0782331000039411,38.00867950191474,1.015953715554672,0.5269842782583848,0.4889694372962873
4190,2017-12-16 04:00:00,0.0794954,37.5293581,1.0518948000257937,0.5050095570190088,0.5468852430067849
4191,2017-12-16 06:00:00,0.07943259999999999,37.5714417,1.0501067146959724,0.5069388999923357,0.5431678147036367
4192,2017-12-16 08:00:00,0.07705392139922419,37.35667074722388,0.9823793212181515,0.4970926219026919,0.48528669931545965
4193,2017-12-16 10:00:00,0.07827060000008762,38.26520970004283,1.0170214415575056,0.538745029125815,0.4782764124316906
4194,2017-12-16 12:00:00,0.0778039999999576,39.77857949997832,1.0037360814440166,0.6081261987394098,0.39560988270460684
4195,2017-12-16 14:00:00,0.0792322000022734,41.42884240118872,1.0444007864152218,0.6837832987164163,0.36061748769880553
4196,2017-12-16 16:00:00,0.0796025000000425,44.25074880002363,1.0549442258044541,0.8131549608835874,0.24178926492086672
4197,2017-12-16 18:00:00,0.08074499999979001,41.767273749891366,1.0874742813596994,0.6992988473998226,0.38817543395987675
4198,2017-12-16 20:00:00,0.08038976000016719,42.73061920008888,1.0773596407244876,0.7434638849732483,0.3338957557512393
4199,2017-12-16 22:00:00,0.07939099000000001,41.34655847,1.0489219658014846,0.6800109521382559,0.36891101366322865
4200,2017-12-17 00:00:00,0.08032376347613103,42.06078867603551,1.075480541736458,0.712755180991121,0.3627253607453369
4201,2017-12-17 02:00:00,0.08226928,41.99340912,1.1308746429347876,0.7096661326924254,0.42120851024236217
4202,2017-12-17 04:00:00,0.08357333,42.06189726,1.1680044625900985,0.7128060045585497,0.4551984580315488
4203,2017-12-17 06:00:00,0.0844992000016848,42.965104800856665,1.19436647799351,0.754213990624563,0.44015248736894697
4204,2017-12-17 08:00:00,0.08365826700000001,43.39630557899999,1.170422847998682,0.7739825986192194,0.39644024937946265
4205,2017-12-17 10:00:00,0.08523025000107749,43.42431800054897,1.215181442631726,0.7752668416184255,0.4399146010133005
4206,2017-12-17 12:00:00,0.087271,41.929677000000005,1.2732870976461568,0.706744302860918,0.5665427947852387
4207,2017-12-17 14:00:00,0.08665855458781291,42.63329471902893,1.2558491254033521,0.7390019971198875,0.5168471282834647
4208,2017-12-17 16:00:00,0.08439593000070879,42.55040850035736,1.1914261026152322,0.7352020383811002,0.456224064234132
4209,2017-12-17 18:00:00,0.08686025178802799,42.83758791551219,1.2615919885366425,0.7483679174102966,0.5132240711263458
4210,2017-12-17 20:00:00,0.085103324533485,42.70541560639967,1.2115675323358208,0.7423084140442673,0.46925911829155353
4211,2017-12-17 22:00:00,0.08493721599852161,42.584069527258784,1.2068379744612006,0.7367452444216296,0.47009273003957097
4212,2017-12-18 00:00:00,0.08128606999986711,42.76417939993009,1.1028800031677295,0.7450024685484912,0.3578775346192383
4213,2017-12-18 02:00:00,0.08222879999999999,44.0159284,1.1297220681871574,0.8023895061986411,0.32733256198851624
4214,2017-12-18 04:00:00,0.0906533068008676,44.307085815024045,1.3695904920981676,0.8157377585536837,0.5538527335444839
4215,2017-12-18 06:00:00,0.08924955,46.18840485,1.3296217509792458,0.9019877386104518,0.42763401236879406
4216,2017-12-18 08:00:00,0.090682739999271,45.55053738963382,1.3704285346184675,0.8727443967249817,0.49768413789348576
4217,2017-12-18 10:00:00,0.091627200000096,47.084927400049345,1.397319857422261,0.943089248043267,0.45423060937899395
4218,2017-12-18 12:00:00,0.09496200000015298,45.39332560007314,1.4922706051609564,0.8655369462807935,0.626733658880163
4219,2017-12-18 14:00:00,0.0927849300004473,46.061837010222064,1.4302835521598758,0.8961851748486842,0.5340983773111916
4220,2017-12-18 16:00:00,0.09148095,46.75729962,1.3931557255805729,0.9280689941841651,0.46508673139640777
4221,2017-12-18 18:00:00,0.0913534535996584,50.201530748512276,1.3895255592898745,1.0859714342394111,0.3035541250504634
4222,2017-12-18 20:00:00,0.0911496000000489,51.695430400027725,1.3837212976514508,1.1544599854923183,0.22926131215913248
4223,2017-12-18 22:00:00,0.09143447946058232,56.02718718449868,1.391832584023222,1.3530514680242351,0.038781115998986815
4224,2017-12-19 00:00:00,0.0924767999996048,54.59781599976668,1.4215102602142657,1.287521255505852,0.1339890047084138
4225,2017-12-19 02:00:00,0.0939770322015936,56.103155970951356,1.4642259161330833,1.3565342937410143,0.10769162239206898
4226,2017-12-19 04:00:00,0.0938373000014028,57.5011000008596,1.4602473636288664,1.4206237131634916,0.03962365046537486
4227,2017-12-19 06:00:00,0.0965034000058534,57.75281370350299,1.5361584194536229,1.432163649468492,0.10399476998513091
4228,2017-12-19 08:00:00,0.094225117335489,67.66820133938504,1.4712895688156489,1.8867393859335635,-0.4154498171179146
4229,2017-12-19 10:00:00,0.08499834,63.56855148,1.2085783395940588,1.698788957517146,-0.4902106179230872
4230,2017-12-19 12:00:00,0.0900684722431714,90.78047597631901,1.3529386753308248,2.946332782609945,-1.59339410727912
4231,2017-12-19 14:00:00,0.0875379932874304,93.7391918200086,1.2808891164425749,3.0819765398715266,-1.8010874234289518
4232,2017-12-19 16:00:00,0.09153004927110298,95.76071172496124,1.3945537142169446,3.1746540965458805,-1.7801003823289359
4233,2017-12-19 18:00:00,0.0894232787215288,89.07366708173343,1.3345682761119573,2.86808330424829,-1.5335150281363328
4234,2017-12-19 20:00:00,0.0855637662890405,78.79525701748862,1.2246775506215846,2.3968646291724114,-1.1721870785508268
4235,2017-12-19 22:00:00,0.0881078999999491,103.60052309994015,1.2971158972072467,3.5340740365824717,-2.2369581393752247
4236,2017-12-20 00:00:00,0.0774156754229552,78.9709690332967,0.9926794336837129,2.404920231426696,-1.4122407977429834
4237,2017-12-20 02:00:00,0.09021123999994528,90.54124491994509,1.3570036583158387,2.935365119253754,-1.5783614609379153
4238,2017-12-20 04:00:00,0.0855342886875624,85.92886065530121,1.2238382438260222,2.7239081343172407,-1.5000698904912184
4239,2017-12-20 06:00:00,0.0843426900007785,85.6427700007905,1.1899102162643558,2.7107921700457736,-1.5208819537814178
4240,2017-12-20 08:00:00,0.09009088,88.41008000000001,1.353576684586548,2.8376608338956375,-1.4840841493090895
4241,2017-12-20 10:00:00,0.0980233895163505,94.74784687198112,1.579436619217989,3.1282188180281927,-1.5487821988102037
4242,2017-12-20 12:00:00,0.09792000000000001,90.23277,1.576492840914746,2.9212229375192154,-1.3447300966044693
4243,2017-12-20 14:00:00,0.10098,85.81056000000002,1.6636192916990338,2.718484583621832,-1.054865291922798
4244,2017-12-20 16:00:00,0.1025644773617856,90.15805550722551,1.708733634470417,2.917797615502084,-1.2090639810316672
4245,2017-12-20 18:00:00,0.099324279998224,88.3799858959197,1.6164764788731196,2.8362811551550853,-1.2198046762819656
4246,2017-12-20 20:00:00,0.09414539999942098,85.33784579947516,1.4690198013131703,2.69681277272223,-1.2277929714090599
4247,2017-12-20 22:00:00,0.09882,89.55727200000003,1.6021182676160073,2.8902544053642587,-1.2881361377482514
4248,2017-12-21 00:00:00,0.09689049999999999,92.763853,1.5471802000381363,3.0372616604649036,-1.4900814604267674
4249,2017-12-21 02:00:00,0.09979214972362302,95.2253903294911,1.6297979914886216,3.150112028547376,-1.5203140370587545
4250,2017-12-21 04:00:00,0.1047789027298656,92.91193879273344,1.7717842955316918,3.0440507251756177,-1.272266429643926
4251,2017-12-21 06:00:00,0.1100965799985234,94.38072192873419,1.9231929056083064,3.1113877976405235,-1.1881948920322172
4252,2017-12-21 08:00:00,0.110170999998297,95.07959139853027,1.9253118436630912,3.1434278061194503,-1.2181159624563591
4253,2017-12-21 10:00:00,0.1129392000017732,90.85230000142641,2.00412996175588,2.949625589740443,-0.9454956279845628
4254,2017-12-21 12:00:00,0.108675,87.87428299999999,1.882716689994817,2.813096961577688,-0.9303802715828711
4255,2017-12-21 14:00:00,0.09052,74.03893599999998,1.3657948880377095,2.1788087942633547,-0.8130139062256452
4256,2017-12-21 16:00:00,0.0951547999999369,76.57563679994922,1.497760141008141,2.295105067961774,-0.797344926953633
4257,2017-12-21 18:00:00,0.0951374999998065,77.95743749984145,1.4972675633578374,2.3584543886205407,-0.8611868252627033
4258,2017-12-21 20:00:00,0.0989725000000649,80.90887500005306,1.606460353808902,2.493764466709078,-0.8873041129001762
4259,2017-12-21 22:00:00,0.09940449999999999,83.40649269999999,1.6187605586236593,2.608268956806159,-0.9895083981824997
4260,2017-12-22 00:00:00,0.08878935999993809,72.0057324799498,1.3165189008512015,2.085595596610294,-0.7690766957590927
4261,2017-12-22 02:00:00,0.08133900000000001,67.53063449999999,1.1043870629885109,1.8804325677209979,-0.776045504732487
4262,2017-12-22 04:00:00,0.07936214521889359,68.43948063301801,1.0481006771081998,1.9220990577687513,-0.8739983806605516
4263,2017-12-22 06:00:00,0.06989775,57.9610434,0.7786238260487278,1.4417100405038241,-0.6630862144550963
4264,2017-12-22 08:00:00,0.0740340810343251,63.538232955885036,0.8963963235290054,1.6973989901316837,-0.8010026666026783
4265,2017-12-22 10:00:00,0.07733880000022679,62.03908480018193,0.9904905831167625,1.6286698186686486,-0.638179235551886
4266,2017-12-22 12:00:00,0.06581160000000001,51.259843200000006,0.6622801179205523,1.1344902798672145,-0.4722101619466622
4267,2017-12-22 14:00:00,0.06785656756993799,54.19389901035162,0.7205058585537767,1.269003485986721,-0.5484976274329443
4268,2017-12-22 16:00:00,0.07171411,57.72806249,0.8303404927632865,1.4310289181277012,-0.6006884253644147
4269,2017-12-22 18:00:00,0.0756125,61.72070849999999,0.9413381674276527,1.6140737033736205,-0.6727355359459678
4270,2017-12-22 20:00:00,0.08262912000006091,63.32443392004667,1.1411202579856128,1.6875972700436015,-0.5464770120579887
4271,2017-12-22 22:00:00,0.08160191541495841,59.6511326389765,1.1118729737603423,1.519192998176521,-0.40732002441617876
4272,2017-12-23 00:00:00,0.0851986000005008,62.59116510036792,1.2142802817763114,1.6539802067503728,-0.4396999249740614
4273,2017-12-23 02:00:00,0.09500699999980199,68.59275079985703,1.4935518764860258,1.9291258026149982,-0.4355739261289724
4274,2017-12-23 04:00:00,0.0894891600003972,70.03865052031087,1.3364440937593207,1.9954137738387752,-0.6589696800794544
4275,2017-12-23 06:00:00,0.0895457011965369,73.98208061437752,1.3380539740674093,2.176202231641657,-0.8381482575742476
4276,2017-12-23 08:00:00,0.09120599999838,74.94177449866888,1.3853271576772117,2.220199861411979,-0.8348727037347674
4277,2017-12-23 10:00:00,0.0975787999988746,77.97283119910072,1.5667779568932914,2.3591601202000487,-0.7923821633067574
4278,2017-12-23 12:00:00,0.0956580416657124,75.1017390949955,1.5120887881407528,2.227533515612281,-0.7154447274715283
4279,2017-12-23 14:00:00,0.09867380999718332,73.10766999791309,1.597955844058634,2.136114454486706,-0.5381586104280722
4280,2017-12-23 16:00:00,0.0945306062929059,73.15342932141016,1.479987663133795,2.1382123127795625,-0.6582246496457675
4281,2017-12-23 18:00:00,0.0954267600001992,73.88388150015423,1.505503575510804,2.171700245808372,-0.6661966702975679
4282,2017-12-23 20:00:00,0.0975846138874905,75.66257836528736,1.5669434939783757,2.2532454629101215,-0.6863019689317458
4283,2017-12-23 22:00:00,0.0905865,70.6919067,1.3676883223439693,2.025362618996167,-0.6576742966521978
4284,2017-12-24 00:00:00,0.0861545516091412,67.9944316210464,1.241498801639831,1.9016955708039125,-0.6601967691640815
4285,2017-12-24 02:00:00,0.08618687000278209,65.46538845211322,1.2424189934479946,1.7857503648989603,-0.5433313714509658
4286,2017-12-24 04:00:00,0.0898141051127179,66.47347939753304,1.3456961572678845,1.831966781318188,-0.4862706240503034
4287,2017-12-24 06:00:00,0.09003931515834698,66.06000199673976,1.352108494508613,1.8130107101206194,-0.4609022156120064
4288,2017-12-24 08:00:00,0.096178575004275,63.28678473381302,1.5269097758217514,1.6858712249117362,-0.15896144908998489
4289,2017-12-24 10:00:00,0.0880367712081305,61.4541490808755,1.2950906687171393,1.6018531580243174,-0.3067624893071781
4290,2017-12-24 12:00:00,0.0938239999991204,63.065599999408754,1.4598686767026283,1.675730903904739,-0.21586222720211068
4291,2017-12-24 14:00:00,0.09267792960000001,61.895257494,1.4272369622502452,1.6220759863312382,-0.19483902408099296
4292,2017-12-24 16:00:00,0.09117699999992697,62.316481899950105,1.3845014495275507,1.6413872227229358,-0.2568857731953851
4293,2017-12-24 18:00:00,0.0899702362495887,60.938216740763366,1.350141631716404,1.5781999906358943,-0.22805835891949044
4294,2017-12-24 20:00:00,0.0944008319372735,63.98855855034059,1.4762926373138379,1.7180443845697089,-0.241751747255871
4295,2017-12-24 22:00:00,0.10651396000070923,67.88277951045197,1.8211860543277956,1.8965768258526134,-0.07539077152481788
4296,2017-12-25 00:00:00,0.1072386166486524,65.70584921895005,1.8418189830116285,1.7967744049254182,0.04504457808621032
4297,2017-12-25 02:00:00,0.10210840113679533,63.73791816484157,1.6957479146107766,1.70655365500773,-0.010805740396953478
4298,2017-12-25 04:00:00,0.1129272000017724,65.56200000102899,2.00378828939984,1.7901795680337416,0.21360872136609865
4299,2017-12-25 06:00:00,0.11270666924,65.65446598068999,1.9975091839874275,1.7944187155432403,0.2030904684441872
4300,2017-12-25 08:00:00,0.1177495,67.612332,2.141092172884367,1.8841780290779966,0.25691414380637023
4301,2017-12-25 10:00:00,0.12075,68.986614,2.2265244982367376,1.9471826513077881,0.2793418469289495
4302,2017-12-25 12:00:00,0.1120953600003328,67.15266552019935,1.9801035616397655,1.8631043972385795,0.11699916440118607
4303,2017-12-25 14:00:00,0.11251624999899801,67.02101174940314,1.992087434762087,1.8570686665121765,0.13501876824991044
4304,2017-12-25 16:00:00,0.1136040804613132,67.85805456837484,2.0230609011792615,1.8954432989380334,0.1276176022412281
4305,2017-12-25 18:00:00,0.116240069806481,69.55468528979243,2.0981146253458203,1.9732261540335476,0.12488847131227265
4306,2017-12-25 20:00:00,0.11178568493911803,68.33007997396282,1.9712862776593572,1.917083531700985,0.054202745958372045
4307,2017-12-25 22:00:00,0.1107405599977264,70.2254714985582,1.9415287525712561,2.003978671843023,-0.06244991927176691
4308,2017-12-26 00:00:00,0.105185973274459,77.90947453731053,1.7833746915347144,2.3562555034315604,-0.572880811896846
4309,2017-12-26 02:00:00,0.1119812500000779,82.9007687500577,1.9768545422537513,2.585083797996925,-0.6082292557431737
4310,2017-12-26 04:00:00,0.10098,82.71702450000002,1.6636192916990338,2.576659954082954,-0.91304066238392
4311,2017-12-26 06:00:00,0.10179,80.97567919999999,1.686682175730169,2.4968271375299285,-0.8101449617997594
4312,2017-12-26 08:00:00,0.104586755,83.995004275,1.7663133315678199,2.6352495542823213,-0.8689362227145014
4313,2017-12-26 10:00:00,0.1028184637625426,82.14780425090359,1.715965312132323,2.5505637767628198,-0.8345984646304967
4314,2017-12-26 12:00:00,0.105747000001745,84.00796200138628,1.7993486351763988,2.6358436075086056,-0.8364949723322068
4315,2017-12-26 14:00:00,0.099416478738339,81.30468995942769,1.6191016256028592,2.5119107947467727,-0.8928091691439135
4316,2017-12-26 16:00:00,0.1109159599995746,86.69544987966749,1.9465228635609915,2.7590527876610427,-0.8125299241000512
4317,2017-12-26 18:00:00,0.10773419999999999,85.90259999999998,1.8559295772830984,2.722704201887972,-0.8667746246048735
4318,2017-12-26 20:00:00,0.10578830100046832,84.58952726037445,1.8005245859713692,2.662505747771318,-0.8619811617999489
4319,2017-12-26 22:00:00,0.106760583066,85.25146559534998,1.8282080779749614,2.6928526305323164,-0.864644552557355
4320,2017-12-27 00:00:00,0.1089327552255278,82.83684979075697,1.890055676259961,2.5821534024274104,-0.6920977261674495
4321,2017-12-27 02:00:00,0.1066942,82.72742170000001,1.8263179730949746,2.5771366187400235,-0.750818645645049
4322,2017-12-27 04:00:00,0.10478321999993608,83.15097839994928,1.7719072198514032,2.5965547802768847,-0.8246475604254815
4323,2017-12-27 06:00:00,0.1056872663999347,81.79449914874947,1.797647858471074,2.5343663336666586,-0.7367184751955846
4324,2017-12-27 08:00:00,0.1046622000002648,80.68317300020412,1.7684614541503334,2.4834170494854004,-0.714955595335067
4325,2017-12-27 10:00:00,0.10793185,79.89369310000002,1.861557205713659,2.4472229620489263,-0.5856657563352674
4326,2017-12-27 12:00:00,0.1085358094551328,80.60745057889352,1.878753559878147,2.479945518497583,-0.6011919586194359
4327,2017-12-27 14:00:00,0.1098586650801319,78.79356823437121,1.9164188263834419,2.396787206094513,-0.48036837971107094
4328,2017-12-27 16:00:00,0.101633373806657,78.72980124493745,1.6822226056890484,2.3938637776569687,-0.7116411719679203
4329,2017-12-27 18:00:00,0.09784783000006612,78.12756946005278,1.5744379664221508,2.3662541705301696,-0.7918162041080188
4330,2017-12-27 20:00:00,0.10092605250026598,77.55446234270441,1.6620832609210892,2.339979797857211,-0.6778965369361218
4331,2017-12-27 22:00:00,0.10128836590006587,79.81892113165192,1.6723993003315967,2.443795005036355,-0.7713957047047584
4332,2017-12-28 00:00:00,0.1021810756028338,78.76092611133956,1.6978171526135792,2.3952907121941434,-0.6974735595805641
4333,2017-12-28 02:00:00,0.0915152949568996,72.55363993488602,1.3941336191090046,2.110714678585568,-0.7165810594765634
4334,2017-12-28 04:00:00,0.0878080800007073,69.29013432055812,1.2885792134137548,1.9610976870397774,-0.6725184736260226
4335,2017-12-28 06:00:00,0.090458762558946,71.01280573725955,1.3640512929742628,2.040074390391297,-0.676023097417034
4336,2017-12-28 08:00:00,0.0952570952516736,72.33713247140821,1.5006727626473253,2.100788789323866,-0.6001160266765406
4337,2017-12-28 10:00:00,0.0888375396921126,69.3133587938959,1.3178907065959873,1.962162424240099,-0.6442717176441117
4338,2017-12-28 12:00:00,0.0939979099984521,70.63544876883681,1.4648203633031738,2.0227742778661715,-0.5579539145629977
4339,2017-12-28 14:00:00,0.10232244,70.03844172,1.701842178166635,1.9954042012876483,-0.2935620231210132
4340,2017-12-28 16:00:00,0.1037908143055368,69.03467403323879,1.7436507538739112,1.949385986750267,-0.20573523287635576
4341,2017-12-28 18:00:00,0.1014233400000738,67.69650627004926,1.6762423768941765,1.8880370391544743,-0.21179466226029775
4342,2017-12-28 20:00:00,0.1024253999994827,69.65855819964818,1.7047737269665306,1.9779882577687131,-0.2732145308021825
4343,2017-12-28 22:00:00,0.106446653150784,74.56816970746078,1.8192696468286271,2.2030717692640023,-0.38380212243537515
4344,2017-12-29 00:00:00,0.10666480000000002,72.1343526,1.8254808758227339,2.0914922481526363,-0.26601137232990246
4345,2017-12-29 02:00:00,0.1132782799994652,75.04078142964572,2.013784483563347,2.2247388819946012,-0.2109543984312543
4346,2017-12-29 04:00:00,0.112942,75.39549000000002,2.00420968525513,2.2410006677684393,-0.23679098251330943
4347,2017-12-29 06:00:00,0.1130245944745155,72.89359029613492,2.0065613726469365,2.1262998671330187,-0.1197384944860822
4348,2017-12-29 08:00:00,0.1127450384130304,71.0725410663018,1.9986016577997368,2.0428129854104258,-0.04421132761068902
4349,2017-12-29 10:00:00,0.1169613899996724,71.20835062980056,2.118652556166671,2.0490392404610143,0.06961331570565665
4350,2017-12-29 12:00:00,0.1146747,73.92098840000001,2.0535443261943245,2.1734014295587976,-0.11985710336447308
4351,2017-12-29 14:00:00,0.1141355828321628,76.26197817465064,2.0381942067856533,2.280725236750965,-0.24253102996531162
4352,2017-12-29 16:00:00,0.12500732706312062,75.12403782119843,2.347742078902619,2.2285558114879613,0.11918626741465754
4353,2017-12-29 18:00:00,0.1268689999990474,75.45233449943345,2.4007489270818563,2.243606731307542,0.15714219577431443
4354,2017-12-29 20:00:00,0.12052999999898,72.22866599938875,2.220260505014054,2.095816091512075,0.12444441350197888
4355,2017-12-29 22:00:00,0.12445814775741301,75.54466513532721,2.3321054632978857,2.247839673916644,0.08426578938124152
4356,2017-12-30 00:00:00,0.1142341399973056,66.97335982842033,2.041000395020377,1.8548840411732388,0.18611635384713798
4357,2017-12-30 02:00:00,0.112111070569092,66.41099463500467,1.9805508838932924,1.8291021371925877,0.15144874670070463
4358,2017-12-30 04:00:00,0.1100243999981718,65.95082319890415,1.9211377463768542,1.8080053553876496,0.11313239098920458
4359,2017-12-30 06:00:00,0.1085159267688432,66.36675604952762,1.8781874461891042,1.8270739978689543,0.05111344832014986
4360,2017-12-30 08:00:00,0.107818614563876,67.97477149625692,1.858333087526569,1.9007942428847868,-0.04246115535821793
4361,2017-12-30 10:00:00,0.1095799984325613,66.66107801406308,1.9084844355485457,1.8405673305251968,0.06791710502334891
4362,2017-12-30 12:00:00,0.1020226835065392,62.27351242701923,1.693307302553961,1.639417266477112,0.053890036076848835
4363,2017-12-30 14:00:00,0.1004504000008998,62.38768040055885,1.6485401517457783,1.6446513523805908,0.0038887993651874897
4364,2017-12-30 16:00:00,0.10107212536052168,64.01276562216752,1.6662423491138956,1.7191541694724766,-0.052911820358580997
4365,2017-12-30 18:00:00,0.1056019329518988,65.32122516873356,1.7952181851179523,1.7791411295246038,0.016077055593348488
4366,2017-12-30 20:00:00,0.10420335572319968,63.62896682966235,1.7553969203845272,1.701558728410134,0.053838191974393323
4367,2017-12-30 22:00:00,0.1028915769024157,63.003983429679224,1.7180470403620087,1.672906062497441,0.04514097786456772
4368,2017-12-31 00:00:00,0.10905366529754452,63.55247535005483,1.893498312024304,1.6980519395731484,0.1954463724511557
4369,2017-12-31 02:00:00,0.1138924359576237,63.31564274195731,2.031271159662162,1.687194234236922,0.34407692542524004
4370,2017-12-31 04:00:00,0.10896840239734018,63.47904750565054,1.891070647358167,1.694685604572152,0.1963850427860152
4371,2017-12-31 06:00:00,0.11034838524725396,64.40162724766307,1.9303624799909038,1.736981718559207,0.1933807614316969
4372,2017-12-31 08:00:00,0.113870577793738,63.24143647876121,2.03064879879941,1.6837922122503464,0.3468565865490636
4373,2017-12-31 10:00:00,0.13184173000000002,65.89064858,2.5423359583536045,1.805246620912573,0.7370893374410314
4374,2017-12-31 12:00:00,0.13345887815568142,65.93168928659506,2.588380526718597,1.8071281519339102,0.7812523747846869
4375,2017-12-31 14:00:00,0.14231,67.656036,2.8403958312136166,1.8861816600721673,0.9542141711414494
4376,2017-12-31 16:00:00,0.1380809506795015,69.32771695630971,2.7199833941264466,1.962820681132641,0.7571627129938057
4377,2017-12-31 18:00:00,0.14266529999794006,70.086059998988,2.850512180162696,1.9975872842930813,0.8529248958696147
4378,2017-12-31 20:00:00,0.1429070499976379,70.35813619883704,2.8573954544930147,2.010060749119955,0.8473347053730595
4379,2017-12-31 22:00:00,0.13810650009560832,69.70040912103381,2.7207108548927863,1.9799069334785533,0.740803921414233
4380,2018-01-01 00:00:00,0.122849827200463,66.19469744184947,2.2863122404709366,1.8191858878754115,0.46712635259552515
4381,2018-01-01 02:00:00,0.126340877134143,67.86309971776824,2.3857118451220027,1.895674596249374,0.4900372488726288
4382,2018-01-01 04:00:00,0.1315800690712236,72.23488588171456,2.534885766185889,2.096101245022236,0.4387845211636532
4383,2018-01-01 06:00:00,0.138262051692709,72.19594817451801,2.7251398282814168,2.094316127024319,0.6308237012570976
4384,2018-01-01 08:00:00,0.13788107244985118,73.02377018936569,2.714292321989689,2.1322680272303782,0.5820242947593108
4385,2018-01-01 10:00:00,0.1378899817074792,69.66567112281727,2.7145459925766997,1.9783143531677783,0.7362316394089214
4386,2018-01-01 12:00:00,0.1373564415452215,68.94123821602373,2.699354665554351,1.9451023765695572,0.754252288984794
4387,2018-01-01 14:00:00,0.13957152,69.95242637,2.762423921754873,1.9914607860113709,0.7709631357435021
4388,2018-01-01 16:00:00,0.1360846,68.898358,2.66314190745136,1.943136512349763,0.7200053951015968
4389,2018-01-01 18:00:00,0.13617534890613706,72.13882497848778,2.6657257734985094,2.0916972865050933,0.574028486993416
4390,2018-01-01 20:00:00,0.1386566175288567,74.9177770854553,2.736374181518111,2.2190996884096306,0.5172744931084803
4391,2018-01-01 22:00:00,0.13939215940281602,73.88532145756007,2.7573170419368362,2.171766261351311,0.5855507805855251
4392,2018-01-02 00:00:00,0.1427061600003144,76.82874804016927,2.8516755746025373,2.3067090750521517,0.5449664995503856
4393,2018-01-02 02:00:00,0.1374884207282791,77.75856999165603,2.7031124687560566,2.3493372116313913,0.3537752571246653
4394,2018-01-02 04:00:00,0.13314593501828842,84.47717201856318,2.5794701917975673,2.657354767429688,-0.0778845756321207
4395,2018-01-02 06:00:00,0.137111689,81.06011012,2.692385900657106,2.500697913847391,0.19168798680971522
4396,2018-01-02 08:00:00,0.13565489999919605,78.93306447953219,2.6509071898134335,2.403182478847006,0.24772471096642734
4397,2018-01-02 10:00:00,0.1399817792433555,81.01793737556109,2.7741051086094517,2.498764484004195,0.27534062460525677
4398,2018-01-02 12:00:00,0.15055631621885532,80.35228270562659,3.0751906887932816,2.468247224071576,0.6069434647217058
4399,2018-01-02 14:00:00,0.14504771953689602,80.76507011361299,2.9183460882373273,2.487171662215565,0.43117442602176226
4400,2018-01-02 16:00:00,0.1434940299976241,81.76756566864613,2.874108357787184,2.5331315552592835,0.3409768025279005
4401,2018-01-02 18:00:00,0.13496808052027298,79.22967454655625,2.6313515873532762,2.416780710667261,0.21457087668601504
4402,2018-01-02 20:00:00,0.1354619434472227,79.25764564426929,2.645413196503299,2.4180630591552443,0.22735013734805465
4403,2018-01-02 22:00:00,0.1363265000000925,78.29724618005314,2.670029452697366,2.374033081732392,0.295996370964974
4404,2018-01-03 00:00:00,0.13310772300063,76.59269807155252,2.578382192622442,2.2958872502010275,0.2824949424214145
4405,2018-01-03 02:00:00,0.13160399156160002,76.04769256979559,2.5355669039899476,2.270901209671243,0.2646656943187047
4406,2018-01-03 04:00:00,0.1332069330489829,78.12488343519803,2.581206970202548,2.366131028423038,0.21507594177951006
4407,2018-01-03 06:00:00,0.1352597560202448,77.62095349455353,2.6396563752922555,2.3430281168367784,0.29662825845547713
4408,2018-01-03 08:00:00,0.13178408,74.41530834000002,2.5406945074099068,2.19606376602275,0.34463074138715655
4409,2018-01-03 10:00:00,0.13338389998573771,75.05632499197449,2.586245696054056,2.2254514841189317,0.3607942119351244
4410,2018-01-03 12:00:00,0.13577865120428642,75.94388789249747,2.654430720297029,2.2661422340906467,0.38828848620638245
4411,2018-01-03 14:00:00,0.143224806879025,76.49923385022485,2.866442849685022,2.2916023378200525,0.5748405118649695
4412,2018-01-03 16:00:00,0.135143,74.138079,2.636332016582574,2.1833540529960818,0.4529779635864921
4413,2018-01-03 18:00:00,0.150565133076402,74.32883974917489,3.075441728500835,2.1920995717018754,0.8833421567989594
4414,2018-01-03 20:00:00,0.15535930282861998,75.12553846577643,3.2119446680329076,2.2286246092636275,0.9833200587692801
4415,2018-01-03 22:00:00,0.158772,77.65753649999999,3.309113358276018,2.3447052823953642,0.9644080758806539
4416,2018-01-04 00:00:00,0.1580872020066422,74.56221907073592,3.289615312960506,2.2027989594484936,1.0868163535120123
4417,2018-01-04 02:00:00,0.149406227994474,72.96336147570135,3.042444576022318,2.129498560567925,0.9129460154543931
4418,2018-01-04 04:00:00,0.1505277899916087,75.58832630578627,3.074378470187313,2.249841341369819,0.8245371288174939
4419,2018-01-04 06:00:00,0.15568792100316198,75.20671938052745,3.2213013135267166,2.2323463875203147,0.9889549260064019
4420,2018-01-04 08:00:00,0.15611582338246802,71.77106966294669,3.2334848480336076,2.074837366395055,1.1586474816385528
4421,2018-01-04 10:00:00,0.15926090203748,72.99889099475782,3.3230337175266196,2.1311274285340036,1.191906288992616
4422,2018-01-04 12:00:00,0.1627660054182918,73.7757647132824,3.4228334617103258,2.1667435794811127,1.256089882229213
4423,2018-01-04 14:00:00,0.1612524525063912,73.39992011094681,3.3797385292632263,2.1495128021099035,1.2302257271533228
4424,2018-01-04 16:00:00,0.1695467277362053,74.7023471621108,3.6158989091984353,2.209223199495919,1.4066757097025162
4425,2018-01-04 18:00:00,0.1641467634305505,73.45350300223095,3.46214736530512,2.1519693356476615,1.3101780296574583
4426,2018-01-04 20:00:00,0.15822543235328848,71.94904115578899,3.293551103644811,2.0829965554655665,1.2105545481792443
4427,2018-01-04 22:00:00,0.1610802097053624,73.28770350893177,3.3748343122936895,2.144368177776711,1.2304661345169783
4428,2018-01-05 00:00:00,0.1593,83.46405,3.324146941940758,2.610907699031603,0.7132392429091552
4429,2018-01-05 02:00:00,0.1572439127998948,85.19869799994302,3.265604595454428,2.6904334746279313,0.5751711208264969
4430,2018-01-05 04:00:00,0.1595039814208754,83.43230830625716,3.3299548429952717,2.609452485746992,0.7205023572482796
4431,2018-01-05 06:00:00,0.1630935899514505,81.52810872573082,3.4321606766469097,2.5221535360254728,0.910007140621437
4432,2018-01-05 08:00:00,0.156138,78.650304,3.2341162761303273,2.390219188056295,0.8438970880740322
4433,2018-01-05 10:00:00,0.1516885946591124,79.34907680169589,3.1074297089890885,2.422254764739466,0.6851749442496224
4434,2018-01-05 12:00:00,0.1555051199933139,77.25507199667831,3.2160964758836292,2.326254102802906,0.8898423730807234
4435,2018-01-05 14:00:00,0.15719199999990202,76.87699319995205,3.264126498064348,2.308920897710478,0.95520560035387
4436,2018-01-05 16:00:00,0.1479487410477486,69.9247458271822,3.000945992776366,1.9901917581529325,1.0107542346234337
4437,2018-01-05 18:00:00,0.15277404999962846,75.30510844981684,3.138335549284518,2.236857081935376,0.901478467349142
4438,2018-01-05 20:00:00,0.15200446820668198,75.1657084145728,3.116423480589212,2.230466219973006,0.8859572606162063
4439,2018-01-05 22:00:00,0.14453096,72.06848464000002,2.9036325508652094,2.088472499704468,0.8151600511607415
4440,2018-01-06 00:00:00,0.15178271999999998,71.73111816,3.110109711237584,2.07300577044119,1.0371039407963938
4441,2018-01-06 02:00:00,0.1515500721522086,71.3649953003578,3.1034855997144897,2.056220691060505,1.0472649086539847
4442,2018-01-06 04:00:00,0.1499294709304161,72.94027252051859,3.057342713246692,2.1284400362628912,0.9289026769838009
4443,2018-01-06 06:00:00,0.1629857423821452,78.03053880958684,3.4290899655556397,2.361805753482346,1.067284212073294
4444,2018-01-06 08:00:00,0.1721327799991592,75.48046969963131,3.6895307899872747,2.2448966031532227,1.444634186834052
4445,2018-01-06 10:00:00,0.185192000000336,76.2263500001383,4.061361995449275,2.2790918458778493,1.7822701495714255
4446,2018-01-06 12:00:00,0.18711650000046,75.72702381018618,4.116157699549003,2.2561999954662353,1.8599577040827677
4447,2018-01-06 14:00:00,0.1853353477051635,76.72035672775566,4.065443491119109,2.301739822968801,1.763703668150308
4448,2018-01-06 16:00:00,0.18633999988846,75.92507995455252,4.094048647656138,2.265279975089115,1.8287686725670236
4449,2018-01-06 18:00:00,0.19057999083235735,76.71112581780356,4.214772622263753,2.3013166274424326,1.9134559948213208
4450,2018-01-06 20:00:00,0.1875409288736256,77.21547007840773,4.12824233397034,2.3244385337274083,1.8038038002429313
4451,2018-01-06 22:00:00,0.183598385208399,76.1058203507788,4.015987485403911,2.273566105872971,1.7424213795309398
4452,2018-01-07 00:00:00,0.1844639000117396,77.50674160493266,4.040631025572646,2.337792017579338,1.7028390079933078
4453,2018-01-07 02:00:00,0.1818418729178262,76.29405173631946,3.965974844346203,2.2821956646809736,1.6837791796652293
4454,2018-01-07 04:00:00,0.17972014534768802,75.09190254498169,3.905563539536624,2.227082554224688,1.678480985311936
4455,2018-01-07 06:00:00,0.18036793395615802,76.59602640388043,3.92400782787469,2.2960398392045764,1.6279679886701137
4456,2018-01-07 08:00:00,0.17631570000000002,75.49244999999998,3.8086298009637027,2.245445845811518,1.563183955152185
4457,2018-01-07 10:00:00,0.1751933000003165,77.68170558014032,3.7766720466066084,2.345813325550905,1.4308587210557033
4458,2018-01-07 12:00:00,0.1750506036903078,79.15046058042061,3.772609097903644,2.4131491081201135,1.3594599897835304
4459,2018-01-07 14:00:00,0.1788138093498575,77.937440851985,3.879757709893157,2.3575376326388295,1.5222200772543273
4460,2018-01-07 16:00:00,0.17548080000331198,76.61739690144607,3.7848579468881343,2.2970195799899362,1.487838366898198
4461,2018-01-07 18:00:00,0.1740626200001081,77.69215000004827,3.7444785383089174,2.3462921550274682,1.3981863832814492
4462,2018-01-07 20:00:00,0.17658239999836803,80.0479829992602,3.81622346902971,2.4542964570206713,1.3619270120090388
4463,2018-01-07 22:00:00,0.1751691155814027,78.2842584869796,3.7759834509908425,2.3734376546688525,1.40254579632199
4464,2018-01-08 00:00:00,0.17501799370131998,76.62065014069988,3.7716806035897137,2.297168726315224,1.4745118772744896
4465,2018-01-08 02:00:00,0.17259472258300532,74.62047858768007,3.702683540901208,2.205469895148995,1.4972136457522134
4466,2018-01-08 04:00:00,0.17504304973181647,76.10713392339623,3.772394016337395,2.2736263272442274,1.4987676890931674
4467,2018-01-08 06:00:00,0.17845409999708278,75.73690614876192,3.869515814722838,2.2566530560525715,1.6128627586702664
4468,2018-01-08 08:00:00,0.17049375,74.08021635,3.642863186537694,2.1807013118523684,1.4621618746853255
4469,2018-01-08 10:00:00,0.1745187399986488,79.57279593938391,3.7574655045195655,2.4325112766894215,1.324954227830144
4470,2018-01-08 12:00:00,0.1649059681415168,83.54097754193509,3.4837639704963634,2.614434479356665,0.8693294911396983
4471,2018-01-08 14:00:00,0.1523135400004216,80.7835466702236,3.125223587917992,2.4880187288797275,0.6372048590382646
4472,2018-01-08 16:00:00,0.15639371999904872,85.36892507948072,3.2413973140099603,2.6982376173290312,0.5431596966809291
4473,2018-01-08 18:00:00,0.16421118860558714,90.25276338453035,3.46398172375025,2.9221395438921647,0.5418421798580852
4474,2018-01-08 20:00:00,0.1643135,88.62936359999999,3.4668948050149506,2.8477139964773985,0.6191808085375521
4475,2018-01-08 22:00:00,0.16236018057256318,99.61199994016043,3.4112785341128045,3.3512182653967217,0.06006026871608272
4476,2018-01-09 00:00:00,0.1750322,109.0951134,3.772085095218071,3.785976183421873,-0.013891088203802138
4477,2018-01-09 02:00:00,0.1751351917881792,103.59955365934697,3.775017549127868,3.5340295921101235,0.24098795701774467
4478,2018-01-09 04:00:00,0.1712741547236877,97.89014727077705,3.665083413253447,3.2722790979115497,0.3928043153418974
4479,2018-01-09 06:00:00,0.17516000000081197,109.07983300050566,3.7757239058327694,3.785275646124825,-0.009551740292055744
4480,2018-01-09 08:00:00,0.1732631838296508,102.3668362669012,3.7217164349884833,3.4775150677060065,0.24420136728247677
4481,2018-01-09 10:00:00,0.19014144999974303,101.06350999986341,4.202286182306343,3.4177634453338297,0.7845227369725136
4482,2018-01-09 12:00:00,0.1970455495889205,93.13742811085652,4.39886451337376,3.0543883919028234,1.3444761214709366
4483,2018-01-09 14:00:00,0.20347290000083215,97.42684410039848,4.581868509889052,3.2510387402356384,1.3308297696534135
4484,2018-01-09 16:00:00,0.19472727149973898,94.93200692507277,4.332856885321026,3.1366617246331376,1.1961951606878882
4485,2018-01-09 18:00:00,0.2005080000043648,95.46356400207813,4.497449812626781,3.1610312156330163,1.3364185969937643
4486,2018-01-09 20:00:00,0.1937574949877886,94.36105854930707,4.305244733183704,3.110486320510963,1.194758412672741
4487,2018-01-09 22:00:00,0.19726033735992268,90.31617062452317,4.40498010035392,2.9250464794427877,1.4799336209111322
4488,2018-01-10 00:00:00,0.185082,88.0111605,4.058229998842887,2.819372176693115,1.2388578221497726
4489,2018-01-10 02:00:00,0.17892899999835032,85.51649999921155,3.8830374982482936,2.705003260820129,1.1780342374281645
4490,2018-01-10 04:00:00,0.1783278565244828,80.78831254134151,3.865921322663256,2.4882372225436042,1.3776841001196516
4491,2018-01-10 06:00:00,0.1725082205201948,79.26900838897673,3.700220593934476,2.418583989675899,1.2816366042585772
4492,2018-01-10 08:00:00,0.17025374999999998,80.68892724999998,3.636029739417357,2.4836808558472705,1.1523488835700864
4493,2018-01-10 10:00:00,0.1709328744404571,81.91989454735317,3.6553662433839897,2.5401151462963667,1.115251097087623
4494,2018-01-10 12:00:00,0.1699079082366988,79.66273406396192,3.626182691911014,2.4366345334613895,1.1895481584496244
4495,2018-01-10 14:00:00,0.16966086637010197,83.71469731807473,3.6191487438614356,2.6223987464208642,0.9967499974405714
4496,2018-01-10 16:00:00,0.1813150469870312,84.70495195494136,3.9509746895974125,2.6677974486574367,1.2831772409399758
4497,2018-01-10 18:00:00,0.1800836777657648,85.78951267653125,3.9159142876843562,2.7175196589090738,1.1983946287752825
4498,2018-01-10 20:00:00,0.1945397921795253,109.66235607542947,4.327518843567539,3.8119816979218446,0.5155371456456943
4499,2018-01-10 22:00:00,0.18760602,102.84152046,4.130095653845685,3.4992771938668983,0.6308184599787867
4500,2018-01-11 00:00:00,0.1814336030200778,105.09610234635879,3.9543502995249997,3.6026395896751575,0.3517107098498422
4501,2018-01-11 02:00:00,0.1633498685,84.94642870140001,3.4394576179368657,2.6788680667604945,0.7605895511763712
4502,2018-01-11 04:00:00,0.1531197920362677,91.92990094278036,3.1481797573038994,2.9990287255047714,0.14915103179912803
4503,2018-01-11 06:00:00,0.1610679407133297,92.18924752322008,3.374484981009209,3.010918594779922,0.36356638622928683
4504,2018-01-11 08:00:00,0.1634862612633024,91.51332945045942,3.4433410876686303,2.9799308041863077,0.4634102834823226
4505,2018-01-11 10:00:00,0.1605929999997612,86.03763249987206,3.360962138294771,2.7288948320811817,0.6320673062135893
4506,2018-01-11 12:00:00,0.16222650002204098,111.76064231518444,3.4074722883919253,3.908178644302377,-0.5007063559104519
4507,2018-01-11 14:00:00,0.1663158831494688,109.41443164255092,3.5239080523755653,3.800615482519876,-0.2767074301443109
4508,2018-01-11 16:00:00,0.1648926000003636,108.46926375023921,3.483383343472748,3.7572838038696226,-0.27390046039687466
4509,2018-01-11 18:00:00,0.16950691245527,111.01927418744283,3.6147652607948815,3.8741902643180888,-0.2594250035232073
4510,2018-01-11 20:00:00,0.16503150000024538,106.53516350015842,3.4873382009902767,3.6686140435068406,-0.18127584251656392
4511,2018-01-11 22:00:00,0.1596330248892971,100.48692895808249,3.333629058485623,3.3913298089169466,-0.05770075043132339
4512,2018-01-12 00:00:00,0.1595682949780648,104.76756266668026,3.3317860233793315,3.587577529337001,-0.2557915059576694
4513,2018-01-12 02:00:00,0.1628784999998805,108.18812499992062,3.4260364857712036,3.744394862038195,-0.31835837626699126
4514,2018-01-12 04:00:00,0.1606743560767891,107.21583828150236,3.3632785651709716,3.699819907703505,-0.3365413425325334
4515,2018-01-12 06:00:00,0.1612321394293974,104.67454896110235,3.379160161190358,3.583313271068225,-0.20415310987786706
4516,2018-01-12 08:00:00,0.1602611999997624,105.52997669984352,3.35151489765094,3.6225307690229913,-0.2710158713720512
4517,2018-01-12 10:00:00,0.1673601291176507,110.39947906765607,3.5536405507263793,3.8457754576175476,-0.2921349068911683
4518,2018-01-12 12:00:00,0.1648606700003579,108.89137077023639,3.4824742102786175,3.7766355041287145,-0.29416129385009704
4519,2018-01-12 14:00:00,0.16404640000084558,105.26781440054262,3.4592897478480187,3.610511811756327,-0.15122206390830817
4520,2018-01-12 16:00:00,0.16305571474199998,105.27542754578717,3.43108226730961,3.6108608400781073,-0.1797785727684973
4521,2018-01-12 18:00:00,0.17242499997742802,107.45941248593256,3.697851080691466,3.7109866847805875,-0.013135604089121511
4522,2018-01-12 20:00:00,0.1689953503930008,105.46950596080464,3.6001997095395195,3.619758458777277,-0.019558749237757578
4523,2018-01-12 22:00:00,0.169894086319146,105.4376512223963,3.6257891446497683,3.6182980629053625,0.007491081744405825
4524,2018-01-13 00:00:00,0.17381720000036932,107.1676936002277,3.7374907691818833,3.697612691530926,0.03987807765095708
4525,2018-01-13 02:00:00,0.17379899999926202,106.83806039954635,3.736972566077063,3.6825004981940967,0.054472067882966435
4526,2018-01-13 04:00:00,0.173808,107.42981599999999,3.7372288203650887,3.709629819584426,0.027599000780662575
4527,2018-01-13 06:00:00,0.17649269999901604,107.37945008940132,3.813669468186935,3.707320770080373,0.106348698106562
4528,2018-01-13 08:00:00,0.1766712503590048,108.2561607696202,3.818753278367353,3.747513994769348,0.07123928359800491
4529,2018-01-13 10:00:00,0.1782675,108.6204825,3.864202809669838,3.7642165005088417,0.09998630916099627
4530,2018-01-13 12:00:00,0.17871900000012306,108.2407991000745,3.8770582320684746,3.746809731607533,0.1302485004609415
4531,2018-01-13 14:00:00,0.1742163500001223,103.73009570007281,3.7488556459168594,3.540014355034354,0.20884129088250525
4532,2018-01-13 16:00:00,0.1749351783816186,102.70872706227385,3.769322628139992,3.4931892163933185,0.2761334117466734
4533,2018-01-13 18:00:00,0.17065193132548,100.9057818194864,3.647367035383912,3.4105323207031892,0.2368347146807226
4534,2018-01-13 20:00:00,0.17044475194776,102.01913812915859,3.6414680798752705,3.461574678602114,0.17989340127315634
4535,2018-01-13 22:00:00,0.1657723499753763,105.62837998431006,3.508432197361775,3.6270421151397163,-0.11860991777794139
4536,2018-01-14 00:00:00,0.1681872468258072,102.1842910337552,3.577190822063801,3.469146193301617,0.10804462876218368
4537,2018-01-14 02:00:00,0.1666264884512021,101.29994044479336,3.532751822811776,3.428602713305347,0.10414910950642886
4538,2018-01-14 04:00:00,0.1621499999994125,97.55978999964651,3.405294126478024,3.2571337092151653,0.14816041726285878
4539,2018-01-14 06:00:00,0.16348857,98.6230042,3.4434068236275377,3.30587727788784,0.13752954573969767
4540,2018-01-14 08:00:00,0.1596830100009448,96.93191379057352,3.3350522693908258,3.2283484210721807,0.1067038483186451
4541,2018-01-14 10:00:00,0.1560456817846857,94.94526256770963,3.2314877276195184,3.1372694359738587,0.09421829164565976
4542,2018-01-14 12:00:00,0.15913039999929382,94.66447119957986,3.3193179726222803,3.124396420046704,0.1949215525755763
4543,2018-01-14 14:00:00,0.15759156,91.4489163,3.275503048614644,2.9769777521843697,0.29852529643027426
4544,2018-01-14 16:00:00,0.16170807780060706,92.61170802664765,3.392711409907859,3.0302865006576543,0.36242490925020476
4545,2018-01-14 18:00:00,0.1646632433688837,93.1302663754786,3.476852941752263,3.0540600586844624,0.4227928830678005
4546,2018-01-14 20:00:00,0.1675854899930755,94.50809999609501,3.560057182498079,3.117227506677264,0.442829675820815
4547,2018-01-14 22:00:00,0.16529639999999998,93.7208892,3.4948806182423606,3.081137447414915,0.4137431708274457
4548,2018-01-15 00:00:00,0.16996360773526198,92.84295956830499,3.6277686068195996,3.04088833930662,0.5868802675129796
4549,2018-01-15 02:00:00,0.16742277028935698,93.6375485046738,3.555424113786424,3.0773166529743303,0.4781074608120939
4550,2018-01-15 04:00:00,0.16784879999839322,99.39813099904848,3.567554328321389,3.3414133404675996,0.22614098785378944
4551,2018-01-15 06:00:00,0.1600349999996475,95.33482439979,3.345074373736751,3.155129086369752,0.18994528736699934
4552,2018-01-15 08:00:00,0.1608767999942376,95.07955679659435,3.369042689357297,3.143426219776981,0.225616469580316
4553,2018-01-15 10:00:00,0.1557708638451184,94.5798852809424,3.2236629198788815,3.1205185377418254,0.10314438213705612
4554,2018-01-15 12:00:00,0.15697260000000002,93.18273559999999,3.2578795884912974,3.0564655356314505,0.20141405285984693
4555,2018-01-15 14:00:00,0.15217233,93.13916115,3.12120295845656,3.0544678439196185,0.0667351145369417
4556,2018-01-15 16:00:00,0.15136011000000002,90.35864991,3.0980768650395625,2.926993962807962,0.17108290223160028
4557,2018-01-15 18:00:00,0.14963581566054898,90.46674398653091,3.048981555920671,2.9319495879686706,0.11703196795200066
4558,2018-01-15 20:00:00,0.151711676591706,91.04974883890024,3.1080869138466447,2.9586777270854347,0.14940918676120996
4559,2018-01-15 22:00:00,0.14259000000000002,90.2154708,2.848368186187343,2.920429847337668,-0.07206166115032486
4560,2018-01-16 00:00:00,0.12867409248800002,82.004677748364,2.4521447773759144,2.5440020731069635,-0.09185729573104906
4561,2018-01-16 02:00:00,0.1304530084156338,84.31368338687872,2.5027953103884535,2.649859552125882,-0.1470642417374286
4562,2018-01-16 04:00:00,0.133337064106136,81.30017504243129,2.584912152276586,2.511703806195837,0.07320834608074911
4563,2018-01-16 06:00:00,0.1205998471999027,78.081769929537,2.2222492431557574,2.3641544689271154,-0.141905225771358
4564,2018-01-16 08:00:00,0.0975893134094593,65.14620098434337,1.5670773020403117,1.7711170612339753,-0.20403975919366357
4565,2018-01-16 10:00:00,0.11377295,78.83681209999997,2.0278690722744774,2.398769742006135,-0.3709006697316575
4566,2018-01-16 12:00:00,0.11086,71.766785,1.944929531486212,2.0746409339522676,-0.1297114024660555
4567,2018-01-16 14:00:00,0.11661120770885902,73.25765863648519,2.10868192213854,2.1429907560841914,-0.03430883394565143
4568,2018-01-16 16:00:00,0.1051397100005694,67.01831127036294,1.7820574513858054,1.8569448617459297,-0.07488741036012425
4569,2018-01-16 18:00:00,0.09607833620987499,66.09533937886438,1.52405570706784,1.8146307694762334,-0.29057506240839337
4570,2018-01-16 20:00:00,0.08505315000000001,59.67839745,1.2101389280801655,1.520442966610003,-0.31030403852983746
4571,2018-01-16 22:00:00,0.0909310964642262,64.00971850786513,1.3774999128279053,1.719014473045169,-0.3415145602172638
4572,2018-01-17 00:00:00,0.0966007405643431,65.2139813598637,1.5389299676165538,1.7742244852955955,-0.23529451767904175
4573,2018-01-17 02:00:00,0.09280501568353952,60.5230323783501,1.4308554457152365,1.5591656629581943,-0.12831021724295777
4574,2018-01-17 04:00:00,0.0933794343999146,59.472093383545605,1.4472106953955721,1.5109848570142803,-0.06377416161870819
4575,2018-01-17 06:00:00,0.0948951,63.17057020000001,1.490365781771807,1.6805433134637942,-0.19017753169198715
4576,2018-01-17 08:00:00,0.09003236731886659,57.10514071516052,1.3519106707849053,1.4024707684157263,-0.05056009763082092
4577,2018-01-17 10:00:00,0.08495879999880579,52.88819759925659,1.2074525291469809,1.2091429739877662,-0.001690444840785288
4578,2018-01-17 12:00:00,0.08553347527915839,51.678796083889395,1.2238150838955388,1.153697377232626,0.07011770666291284
4579,2018-01-17 14:00:00,0.0809045699985533,47.84616410914444,1.0920176694786206,0.9779885127385668,0.11402915674005376
4580,2018-01-17 16:00:00,0.08734753366538979,53.57449418141859,1.2754662174601843,1.2406065723589255,0.03485964510125883
4581,2018-01-17 18:00:00,0.0890996999995745,56.15123819973186,1.3253551174213707,1.3587386467488263,-0.033383529327455586
4582,2018-01-17 20:00:00,0.1063546386,68.3458125084,1.816649744465777,1.9178047973429215,-0.10115505287714455
4583,2018-01-17 22:00:00,0.1019737055999508,64.56160573277924,1.6919127694925582,1.7443160094977759,-0.05240324000521768
4584,2018-01-18 00:00:00,0.1075600028508258,66.63559123535852,1.8509697147522852,1.8393988768423755,0.01157083790990976
4585,2018-01-18 02:00:00,0.10590439821097497,65.25885051833407,1.8038301865914348,1.776281533542749,0.0275486530486857
4586,2018-01-18 04:00:00,0.1050759999982648,60.319727999003895,1.780243455836701,1.549845075467148,0.23039838036955307
4587,2018-01-18 06:00:00,0.10369229759445699,61.583750347977,1.7408457174754388,1.6077947907272363,0.1330509267482025
4588,2018-01-18 08:00:00,0.11546459999989647,62.21545015994423,2.0760349090261836,1.6367553737921567,0.43927953523402685
4589,2018-01-18 10:00:00,0.1173094400001024,64.03904000005589,2.128562478138219,1.7203587310203827,0.40820374711783614
4590,2018-01-18 12:00:00,0.1185118,66.59511716,2.1627969093003347,1.837543323303827,0.3252535859965078
4591,2018-01-18 14:00:00,0.1203195735408154,68.35035613358819,2.21426909636994,1.9180131020347793,0.2962559943351606
4592,2018-01-18 16:00:00,0.11105763119999998,63.4882793424,1.9505566246300807,1.695108842587993,0.25544778204208773
4593,2018-01-18 18:00:00,0.11397564882352,65.82832989599167,2.0336404543239706,1.8023895907369594,0.2312508635870112
4594,2018-01-18 20:00:00,0.1112085,64.5026409,1.9548522661588672,1.7416127382520645,0.21323952790680267
4595,2018-01-18 22:00:00,0.10041120082080003,62.2718999090346,1.6474240453942268,1.639343339811071,0.008080705583155767
4596,2018-01-19 00:00:00,0.10460799999999999,63.848848,1.7669182340014509,1.7116392868927215,0.05527894710872938
4597,2018-01-19 02:00:00,0.1018125340618824,62.07708594485296,1.6873237812313346,1.630411999505113,0.05691178172622169
4598,2018-01-19 04:00:00,0.103151805440694,66.24057647495637,1.7254564485100385,1.8212892343131648,-0.09583278580312626
4599,2018-01-19 06:00:00,0.10265450000009292,69.20725500006263,1.7112968217141928,1.9572980445512047,-0.24600122283701187
4600,2018-01-19 08:00:00,0.1090560210483968,72.1688529205722,1.8935653866029614,2.0930739320169804,-0.19950854541401908
4601,2018-01-19 10:00:00,0.1116772851462114,72.02654741763791,1.9681998432731787,2.086549867484668,-0.11835002421148921
4602,2018-01-19 12:00:00,0.1121632200895132,72.33002922853744,1.982035721352247,2.100463137722754,-0.11842741637050702
4603,2018-01-19 14:00:00,0.1103523250685179,74.81626248968216,1.930474657325365,2.214445702722925,-0.28397104539756013
4604,2018-01-19 16:00:00,0.10630715,71.50388465,1.8152976159786156,2.0625881403947375,-0.24729052441612187
4605,2018-01-19 18:00:00,0.1057797300000951,74.68994393006716,1.8002805464804577,2.208654567330659,-0.40837402085020136
4606,2018-01-19 20:00:00,0.1046453599323784,78.42799994932,1.7679819720111476,2.3800275514538756,-0.612045579442728
4607,2018-01-19 22:00:00,0.1050910664858688,76.45894266382798,1.7806724393630808,2.2897551689143074,-0.5090827295512266
4608,2018-01-20 00:00:00,0.10326689999991087,85.01925629992664,1.7287335009444007,2.6822068831992407,-0.95347338225484
4609,2018-01-20 02:00:00,0.1029255000000885,81.21496490006984,1.71901292242078,2.507797306052759,-0.7887843836319792
4610,2018-01-20 04:00:00,0.1117174708140574,82.71343924067375,1.9693440375907663,2.5764955861370393,-0.6071515485462731
4611,2018-01-20 06:00:00,0.11362714071075,85.64443727267074,2.0237174886588787,2.7108686069306116,-0.6871511182717329
4612,2018-01-20 08:00:00,0.11107315178460002,85.38480220658725,1.9509985375223353,2.6989655118917497,-0.7479669743694144
4613,2018-01-20 10:00:00,0.10987206471855901,85.19450303108117,1.9168003502193722,2.6902411542537963,-0.7734408040344241
4614,2018-01-20 12:00:00,0.1116416,85.551606,1.9671837909414407,2.706612712386602,-0.7394289214451613
4615,2018-01-20 14:00:00,0.1098968699952642,88.43364788618912,1.9175066233304983,2.8387413150240373,-0.921234691693539
4616,2018-01-20 16:00:00,0.11494399999955099,93.86265599963335,2.061212023304484,3.087636814834138,-1.0264247915296543
4617,2018-01-20 18:00:00,0.1131697000010668,97.94449270092329,2.0106929182409234,3.2747705904118365,-1.264077672170913
4618,2018-01-20 20:00:00,0.115842,97.631586,2.0867805046258603,3.2604252315372806,-1.1736447269114203
4619,2018-01-20 22:00:00,0.1136040581769687,95.74909578086528,2.0230602666838875,3.1741215579769344,-1.151061291293047
4620,2018-01-21 00:00:00,0.11100943,102.3934,1.9491842064995117,3.478732894883327,-1.5295486883838152
4621,2018-01-21 02:00:00,0.11266881795536852,96.32672371337256,1.9964314558542358,3.2006031896049385,-1.2041717337507027
4622,2018-01-21 04:00:00,0.11459175,93.529569,2.0511825160333585,3.0723662804157628,-1.0211837643824042
4623,2018-01-21 06:00:00,0.108288770477797,93.29363173419516,1.8717196940936214,3.0615496224795,-1.1898299283858784
4624,2018-01-21 08:00:00,0.10604733131902,92.02752451205879,1.8078998775729807,3.0035043252020035,-1.1956044476290228
4625,2018-01-21 10:00:00,0.1081224641601126,96.54850651230221,1.8669845048116456,3.210770929169037,-1.3437864243573914
4626,2018-01-21 12:00:00,0.1076093289947476,97.42982200204624,1.8523741630695338,3.2511752635753566,-1.3988011005058227
4627,2018-01-21 14:00:00,0.10142999999999999,90.85,1.6764320050496642,2.9495201450638775,-1.2730881400142133
4628,2018-01-21 16:00:00,0.09858657,84.39772249,1.5954718861105899,2.653712365409245,-1.0582404792986553
4629,2018-01-21 18:00:00,0.10075999999964802,87.20297099969534,1.6573552984953703,2.7823203386010933,-1.124965040105723
4630,2018-01-21 20:00:00,0.0985966199989524,84.2053534391053,1.5957580366789261,2.644893113334107,-1.049135076655181
4631,2018-01-21 22:00:00,0.0993313,88.03319909999998,1.6166763572519567,2.8203825469573482,-1.2037061897053916
4632,2018-01-22 00:00:00,0.10028460095508801,85.06846403608202,1.6438194058617903,2.684462835636406,-1.0406434297746159
4633,2018-01-22 02:00:00,0.10040690991449998,85.65742172494541,1.6473018717221446,2.7114638854181607,-1.0641620136960162
4634,2018-01-22 04:00:00,0.09981973253909598,88.17344840056954,1.6305833486176402,2.8268123438988626,-1.1962289952812224
4635,2018-01-22 06:00:00,0.10411010226786001,89.10417860854928,1.7527417430684762,2.8694821199358174,-1.1167403768673412
4636,2018-01-22 08:00:00,0.10565181851958001,89.94784960573908,1.7966385617380252,2.908160624394273,-1.1115220626562476
4637,2018-01-22 10:00:00,0.10148503046328,84.5335347804185,1.6779988707197957,2.6599387454767864,-0.9819398747569907
4638,2018-01-22 12:00:00,0.09396309298564401,79.3464233156063,1.4638290290702063,2.4221331143877434,-0.9583040853175371
4639,2018-01-22 14:00:00,0.0891018863183232,76.89152469566605,1.3254173678111936,2.3095871011519074,-0.9841697333407138
4640,2018-01-22 16:00:00,0.091767599999739,79.64404523977349,1.4013174239774933,2.435777735287571,-1.0344603113100779
4641,2018-01-22 18:00:00,0.091378994645376,81.43708694322943,1.3902527817286632,2.517980598432474,-1.1277278167038107
4642,2018-01-22 20:00:00,0.0886830000013776,79.53618800123552,1.313490544910026,2.43083296807907,-1.1173424231690439
4643,2018-01-22 22:00:00,0.09281154,84.241008,1.4310412105966073,2.64652771390367,-1.2154865033070625
4644,2018-01-23 00:00:00,0.09575999999991,82.93433119992204,1.5149918168291565,2.586622484725565,-1.0716306678964087
4645,2018-01-23 02:00:00,0.09549739020093599,89.7713406693078,1.5075146077684438,2.900068486929011,-1.3925538791605672
4646,2018-01-23 04:00:00,0.09035633080739001,84.57393728187104,1.3611347848171742,2.661791017675036,-1.300656232857862
4647,2018-01-23 06:00:00,0.08911733904178559,81.42105526745105,1.3258573485138827,2.5172456185112297,-1.191388269997347
4648,2018-01-23 08:00:00,0.0909562476314664,82.62025860884785,1.3782160343751995,2.5722236750537797,-1.1940076406785802
4649,2018-01-23 10:00:00,0.08822459751020159,77.74294613503797,1.3004385899796855,2.3486209283765764,-1.048182338396891
4650,2018-01-23 12:00:00,0.0895059180871739,78.0879019395459,1.336921241675265,2.364435593888455,-1.0275143522131902
4651,2018-01-23 14:00:00,0.09404301381323396,86.13155101773395,1.4661045905249956,2.733200571906247,-1.2670959813812512
4652,2018-01-23 16:00:00,0.0975140999958096,89.4693542961553,1.564935773353165,2.886223775756909,-1.321288002403744
4653,2018-01-23 18:00:00,0.09603490093181907,87.09837487569288,1.5228189875855391,2.7775250787639747,-1.2547060911784356
4654,2018-01-23 20:00:00,0.09565839999991277,88.23873079991955,1.5120989908816262,2.8298052470361386,-1.3177062561545123
4655,2018-01-23 22:00:00,0.09554068666563198,87.54293687687998,1.5087473748601004,2.7979062384841145,-1.289158863624014
4656,2018-01-24 00:00:00,0.0934560000147795,84.84062401341703,1.4493907248973024,2.67401739972381,-1.2246266748265078
4657,2018-01-24 02:00:00,0.0944490459641271,86.6852697685126,1.4776654206595152,2.7585860755469556,-1.2809206548874403
4658,2018-01-24 04:00:00,0.09366153250344,85.51862015430285,1.4552427890338555,2.705100460354574,-1.2498576713207183
4659,2018-01-24 06:00:00,0.0963032391730368,88.20511184257603,1.5304593008427283,2.8282639696948153,-1.297804668852087
4660,2018-01-24 08:00:00,0.0965283587126112,89.25567415207199,1.5368690611320455,2.8764275063187763,-1.3395584451867308
4661,2018-01-24 10:00:00,0.0967064515507772,89.74446819129938,1.541939844432537,2.898836505192148,-1.356896660759611
4662,2018-01-24 12:00:00,0.099830426873814,89.80776893767315,1.6308878451625681,2.9017385584913566,-1.2708507133287885
4663,2018-01-24 14:00:00,0.096801504,91.200719264,1.5446462439551305,2.9655990391605993,-1.4209527952054688
4664,2018-01-24 16:00:00,0.0972422602344462,88.68449628914568,1.557195762376158,2.850241581246854,-1.2930458188706957
4665,2018-01-24 18:00:00,0.098849299997976,90.43531497939829,1.602952517560986,2.9305087099527696,-1.3275561923917836
4666,2018-01-24 20:00:00,0.09868237016044,91.08764038602413,1.598199574987617,2.960414883369402,-1.3622153083817852
4667,2018-01-24 22:00:00,0.09908256,90.905173824,1.609594058765655,2.952049615680602,-1.3424555569149472
4668,2018-01-25 00:00:00,0.1001895950725152,92.06694306608442,1.641114332217281,3.0053114878551046,-1.3641971556378236
4669,2018-01-25 02:00:00,0.10157355,93.3320141,1.6805192606085155,3.063309280583018,-1.3827900199745025
4670,2018-01-25 04:00:00,0.1014513599984214,91.06746047858296,1.6770401817984275,2.9594897257634933,-1.2824495439650658
4671,2018-01-25 06:00:00,0.099718325883072,90.52881954215677,1.6276960276943484,2.93479547180613,-1.3070994441117816
4672,2018-01-25 08:00:00,0.09860580000217502,89.4286602019726,1.5960194161230354,2.8843581353490713,-1.2883387192260358
4673,2018-01-25 10:00:00,0.09817551000008792,87.39128205007826,1.5837678995577373,2.790953549682277,-1.2071856501245397
4674,2018-01-25 12:00:00,0.0984783299995615,87.32445200961115,1.592390001446833,2.787889694190295,-1.1954996927434618
4675,2018-01-25 14:00:00,0.0959875,84.8986949,1.5214693552478713,2.676679687574272,-1.155210332326401
4676,2018-01-25 16:00:00,0.0953699999998266,88.9473199998383,1.503887465256235,2.8622908612383116,-1.3584033959820765
4677,2018-01-25 18:00:00,0.0983569765182972,88.3702627324297,1.5889347406256316,2.8358353920274544,-1.2469006514018228
4678,2018-01-25 20:00:00,0.0984269998250768,88.82133734214784,1.590928492975921,2.856515125432056,-1.2655866324561351
4679,2018-01-25 22:00:00,0.0968479304787348,88.14301060982265,1.5459681309860376,2.8254169086770395,-1.279448777691002
4680,2018-01-26 00:00:00,0.098536,88.354022,1.5940320218569424,2.835090827803032,-1.2410588059460896
4681,2018-01-26 02:00:00,0.0993315286787434,90.57422142413807,1.6166828683523757,2.9368769430200103,-1.3201940746676346
4682,2018-01-26 04:00:00,0.0984089325374133,88.06475761484741,1.590414068580686,2.8218293623170023,-1.2314152937363163
4683,2018-01-26 06:00:00,0.095478613499481,82.11657470505365,1.506979984449748,2.5491320431457867,-1.0421520586960387
4684,2018-01-26 08:00:00,0.089247255601704,76.64862276956346,1.329556423273293,2.2984511449995435,-0.9688947217262505
4685,2018-01-26 10:00:00,0.0897657589139332,78.21151826159564,1.344319610630949,2.3701028438940437,-1.0257832332630947
4686,2018-01-26 12:00:00,0.090471999994926,79.83049399552281,1.3644281984691717,2.4443255685715704,-1.0798973701023986
4687,2018-01-26 14:00:00,0.0944716435234011,83.90746497756902,1.4783088341026298,2.631236272899825,-1.152927438797195
4688,2018-01-26 16:00:00,0.097092,85.20916679999998,1.5529174483495856,2.6909134218242037,-1.1379959734746181
4689,2018-01-26 18:00:00,0.09542332024463257,83.29429565353794,1.5054056363950894,2.6031252290067415,-1.097719592611652
4690,2018-01-26 20:00:00,0.0935046,81.451629,1.4507744975183583,2.5186472860506437,-1.0678727885322854
4691,2018-01-26 22:00:00,0.0963899954514,84.10248689331091,1.5329294860116955,2.6401771468455273,-1.1072476608338317
4692,2018-01-27 00:00:00,0.0955645836931984,83.89880016064119,1.5094277876693016,2.630839030181643,-1.1214112425123413
4693,2018-01-27 02:00:00,0.0960682400009592,82.75705992082631,1.5237682407772488,2.5784953972925506,-1.0547271565153018
4694,2018-01-27 04:00:00,0.09783149999825999,84.33749999850001,1.573973007239579,2.6509514361918836,-1.0769784289523046
4695,2018-01-27 06:00:00,0.0977853169750236,82.56740685336523,1.5726580520431495,2.5698006607900665,-0.9971426087469171
4696,2018-01-27 08:00:00,0.09818668965108901,83.47593369311176,1.5840862143658196,2.6114525126835324,-1.0273662983177128
4697,2018-01-27 10:00:00,0.09479808,81.64385892,1.4876033607734114,2.5274601596026973,-1.039856798829286
4698,2018-01-27 12:00:00,0.0974394914557428,83.032035220802,1.562811467047865,2.591101772765337,-1.0282903057174722
4699,2018-01-27 14:00:00,0.1024687372271508,84.3146351129767,1.7060076546899134,2.6499031844686396,-0.9438955297787262
4700,2018-01-27 16:00:00,0.10203383815777348,83.84456013574419,1.6936249055512742,2.628352370035931,-0.9347274644846566
4701,2018-01-27 18:00:00,0.102465,84.04487499999998,1.705901245756115,2.637535901763369,-0.9316346560072541
4702,2018-01-27 20:00:00,0.1027362266063958,84.91270744619445,1.7136237985579228,2.677322099524264,-0.9636983009663413
4703,2018-01-27 22:00:00,0.1013733570630157,84.38717765461757,1.674819227905403,2.6532289323367424,-0.9784097044313393
4704,2018-01-28 00:00:00,0.1025520307,84.0358194235,1.7083792444490145,2.63712074448382,-0.9287415000348054
4705,2018-01-28 02:00:00,0.10155199999868003,83.55283119891395,1.679905673964919,2.614977915987571,-0.9350722420226518
4706,2018-01-28 04:00:00,0.1040737267320984,85.80950052435988,1.7517060334847225,2.718436011449258,-0.9667299779645355
4707,2018-01-28 06:00:00,0.1047313399999123,85.87993763992806,1.7704300563648803,2.72166523504189,-0.9512351786770099
4708,2018-01-28 08:00:00,0.104940000001408,86.24386575115714,1.7763711692246726,2.738349695121255,-0.9619785258965825
4709,2018-01-28 10:00:00,0.10707954070669748,86.0938692865849,1.837289662022184,2.731473034737012,-0.8941833727148283
4710,2018-01-28 12:00:00,0.10424358,85.13745736,1.7565422140031473,2.687625867903314,-0.9310836539001666
4711,2018-01-28 14:00:00,0.10342883592000003,84.39475311576001,1.7333442532227854,2.653576233012656,-0.9202319797898706
4712,2018-01-28 16:00:00,0.1033760941216954,85.03854706419978,1.7318425520155099,2.68309127760705,-0.9512487255915401
4713,2018-01-28 18:00:00,0.1043503,85.28901815,1.75958082015599,2.6945742455425457,-0.9349934253865557
4714,2018-01-28 20:00:00,0.10436714998926208,84.79896689127538,1.760060584783493,2.6721076088339384,-0.9120470240504455
4715,2018-01-28 22:00:00,0.10356899912267878,85.38197477673901,1.7373350775299612,2.698835887004376,-0.9615008094744149
4716,2018-01-29 00:00:00,0.100789680000437,83.53065816036217,1.65820036814505,2.6139613823229797,-0.9557610141779298
4717,2018-01-29 02:00:00,0.101691427411992,83.78079364217443,1.6838755483648882,2.625428964331511,-0.9415534159666228
4718,2018-01-29 04:00:00,0.10219688099762132,84.91296400002359,1.6982671748198148,2.677333861358507,-0.9790666865386923
4719,2018-01-29 06:00:00,0.0988013300002622,82.51663252521898,1.601586682382903,2.5674728871862316,-0.9658862048033285
4720,2018-01-29 08:00:00,0.0992775599801829,82.58516978351491,1.6151462339866818,2.570615010904363,-0.9554687769176811
4721,2018-01-29 10:00:00,0.0970704000000864,81.6873256500727,1.5523024381112154,2.5294529128424212,-0.9771504747312059
4722,2018-01-29 12:00:00,0.09797760000000001,82.5893334,1.5781328682236269,2.570805893913638,-0.9926730256900109
4723,2018-01-29 14:00:00,0.093455399999016,82.39233209913247,1.4493736408306725,2.561774274100575,-1.1124006332699024
4724,2018-01-29 16:00:00,0.0949703300003332,80.29701498028172,1.4925077827265563,2.4657134485023304,-0.9732056657757742
4725,2018-01-29 18:00:00,0.0930469600002487,78.67361784021028,1.4377442527748117,2.391288022324061,-0.9535437695492495
4726,2018-01-29 20:00:00,0.094352813576247,80.1024841387438,1.4749254251018387,2.4567950880907556,-0.981869662988917
4727,2018-01-29 22:00:00,0.09307183,79.82273503,1.4384523687255752,2.4439698550486844,-1.005517486323109
4728,2018-01-30 00:00:00,0.0900752999924834,76.05746774365315,1.3531330797636352,2.271349357239301,-0.9182162774756659
4729,2018-01-30 02:00:00,0.0902863722447903,76.62636226568391,1.359142875908258,2.297430601444745,-0.938287725536487
4730,2018-01-30 04:00:00,0.0923280032409708,78.40716326720913,1.4172736152900873,2.3790722836959355,-0.9617986684058482
4731,2018-01-30 06:00:00,0.0907756348921014,77.1144567041341,1.3730735026930754,2.3198075267824967,-0.9467340240894213
4732,2018-01-30 08:00:00,0.08749876206044249,76.72199505535768,1.2797720976297091,2.301814932889221,-1.0220428352595117
4733,2018-01-30 10:00:00,0.0882141300012816,76.72448736111468,1.3001405517768256,2.3019291938507274,-1.0017886420739017
4734,2018-01-30 12:00:00,0.08553155797340879,73.31520472274069,1.2237604930311496,2.145628984210101,-0.9218684911789512
4735,2018-01-30 14:00:00,0.0849582899948974,71.77674806568908,1.207438007960568,2.0750976955121154,-0.8676596875515474
4736,2018-01-30 16:00:00,0.0846811005779592,71.32275923364675,1.1995456778648843,2.05428435817715,-0.8547386803122659
4737,2018-01-30 18:00:00,0.0837315,69.6555,1.1725079889693635,1.9778480531283724,-0.8053400641590089
4738,2018-01-30 20:00:00,0.0814897027889656,69.48567430331951,1.1086779777355258,1.970062312018276,-0.8613843342827503
4739,2018-01-30 22:00:00,0.08073960704478629,68.87872459450213,1.0873207293895315,1.94223640938947,-0.8549156799999384
4740,2018-01-31 00:00:00,0.0789806172556368,65.61773504319319,1.0372375472671793,1.7927347679683379,-0.7554972207011585
4741,2018-01-31 02:00:00,0.07931562297714001,67.3981501868589,1.0467760634459389,1.8743587603795442,-0.8275826969336053
4742,2018-01-31 04:00:00,0.07885394905777979,68.08867951885597,1.0336309621343285,1.906016411211808,-0.8723854490774796
4743,2018-01-31 06:00:00,0.0800344599997663,70.33261905979462,1.0672432917053418,2.0088909035527767,-0.9416476118474348
4744,2018-01-31 08:00:00,0.0787034253932848,67.99975953979806,1.0293451475439712,1.9019398318130936,-0.8725946842691223
4745,2018-01-31 10:00:00,0.08025093557473201,70.15835156806106,1.0734069350152275,2.000901526202563,-0.9274945911873356
4746,2018-01-31 12:00:00,0.07916999999984402,69.17671599986369,1.04262978463403,1.9558979693331564,-0.9132681846991264
4747,2018-01-31 14:00:00,0.07795453000085689,68.77330764075597,1.0080220764488894,1.937403518216194,-0.9293814417673045
4748,2018-01-31 16:00:00,0.07763880000000001,69.00298425,0.9990323920107258,1.9479331533277933,-0.9489007613170675
4749,2018-01-31 18:00:00,0.07823613,69.05279924,1.0160399877123527,1.9502169456108407,-0.934176957898488
4750,2018-01-31 20:00:00,0.0781657240018775,68.01930873144025,1.0140353391076669,1.9028360739484875,-0.8888007348408207
4751,2018-01-31 22:00:00,0.0792169013462604,68.89551373121513,1.043965192428234,1.9430061154732046,-0.8990409230449705
4752,2018-02-01 00:00:00,0.079778467,68.30158978700001,1.0599544807591785,1.9157773853155649,-0.8558229045563863
4753,2018-02-01 02:00:00,0.0778875,69.247716,1.0061135515891741,1.9591529986407537,-0.9530394470515795
4754,2018-02-01 04:00:00,0.07822986635113649,70.5954494853712,1.0158616447403146,2.020940491391334,-1.0050788466510192
4755,2018-02-01 06:00:00,0.0770324849968758,69.88858129966553,0.9817689690435766,1.9885337779172114,-1.0067648088736347
4756,2018-02-01 08:00:00,0.07351505,66.63479285,0.8816181105003635,1.8393622744799,-0.9577441639795365
4757,2018-02-01 10:00:00,0.0706783,66.0751,0.8008481891728051,1.8137028853741963,-1.0128546962013911
4758,2018-02-01 12:00:00,0.06849249858444001,63.943012498193816,0.7386125292195324,1.7159563038049415,-0.9773437745854091
4759,2018-02-01 14:00:00,0.0682608746368571,64.18570973357077,0.7320175708961515,1.727082875812099,-0.9950653049159476
4760,2018-02-01 16:00:00,0.0669036055664432,62.975069599258326,0.6933724608097293,1.671580493973015,-0.9782080331632858
4761,2018-02-01 18:00:00,0.06613238147250561,63.41439450625313,0.6714136313770133,1.6917215565797772,-1.020307925202764
4762,2018-02-01 20:00:00,0.0677200499773903,65.75672742804579,0.7166188345968172,1.7991069410015696,-1.0824881064047525
4763,2018-02-01 22:00:00,0.06651289110050611,65.77260170260047,0.6822477664675143,1.79983470478767,-1.1175869383201555
4764,2018-02-02 00:00:00,0.06470326827110001,59.41417277210001,0.6307229251654312,1.5083294586000915,-0.8776065334346603
4765,2018-02-02 02:00:00,0.0633734745998032,58.34139058943643,0.5928601137747453,1.45914724115595,-0.8662871273812047
4766,2018-02-02 04:00:00,0.0610300010782598,56.10547797972743,0.5261351038273487,1.3566407473551567,-0.830505643527808
4767,2018-02-02 06:00:00,0.06070823738793151,53.673377261433004,0.5169736239810877,1.2451399149343403,-0.7281662909532526
4768,2018-02-02 08:00:00,0.057589046477842486,51.19026353586,0.4281618483880583,1.131300366549557,-0.7031385181614986
4769,2018-02-02 10:00:00,0.0550449000115884,48.91177411029722,0.35572313862331745,1.0268419180563388,-0.6711187794330213
4770,2018-02-02 12:00:00,0.06003667,57.8485269,0.4978522896762029,1.4365516672026253,-0.9386993775264224
4771,2018-02-02 14:00:00,0.0620830000002744,60.05896750026545,0.5561168223746733,1.537890384424504,-0.9817735620498307
4772,2018-02-02 16:00:00,0.0615490638429492,57.384477328272716,0.5409142203050177,1.4152770903962826,-0.8743628700912649
4773,2018-02-02 18:00:00,0.0614041900557876,55.70626282657129,0.5367892729563026,1.3383385357908555,-0.8015492628345529
4774,2018-02-02 20:00:00,0.0608572000023298,56.96182200218068,0.5212149912660785,1.395900252779376,-0.8746852615132975
4775,2018-02-02 22:00:00,0.06325736000064171,58.591930080594366,0.5895540180527905,1.4706333451681182,-0.8810793271153277
4776,2018-02-03 00:00:00,0.06181320044540479,56.57704938014679,0.5484349015776243,1.378260166031815,-0.8298252644541907
4777,2018-02-03 02:00:00,0.05938080000028479,52.819972200253325,0.47917790233924923,1.2060151476095717,-0.7268372452703225
4778,2018-02-03 04:00:00,0.0601681439987292,52.66919901488758,0.5015957089179326,1.199102878085303,-0.6975071691673704
4779,2018-02-03 06:00:00,0.0616055419676232,54.60904929390754,0.5425223047984158,1.2880362513027415,-0.7455139465043257
4780,2018-02-03 08:00:00,0.0632428,55.7654316,0.5891394555758857,1.3410511567941692,-0.7519117012182835
4781,2018-02-03 10:00:00,0.0649739999999286,57.24118399993709,0.6384313874685454,1.4087077385312103,-0.7702763510626649
4782,2018-02-03 12:00:00,0.06848480000000001,60.742481700000006,0.738393329762565,1.569226423129059,-0.8308330933664939
4783,2018-02-03 14:00:00,0.0694717799630277,60.23009576794604,0.7664953105383199,1.5457358425313947,-0.7792405319930749
4784,2018-02-03 16:00:00,0.06839811832680401,60.76333968489133,0.7359252688038684,1.5701826675232606,-0.8342573987193922
4785,2018-02-03 18:00:00,0.07033334127720939,61.87654987111947,0.7910262842107701,1.6212183263222988,-0.8301920421115286
4786,2018-02-03 20:00:00,0.06729391756480049,61.317210565191495,0.7044856958147597,1.59557514561538,-0.8910894498006202
4787,2018-02-03 22:00:00,0.0685700929362216,61.4734569737363,0.7408218496351001,1.602738337700503,-0.8619164880654028
4788,2018-02-04 00:00:00,0.065974840858186,58.53073908481424,0.6669280253051035,1.4678280144041327,-0.8008999890990292
4789,2018-02-04 02:00:00,0.0685399999999255,60.734351999934,0.7399650225981206,1.5688537131019318,-0.8288886905038112
4790,2018-02-04 04:00:00,0.0675189560554938,60.044635405729245,0.7108931484238972,1.5372333226264043,-0.8263401742025072
4791,2018-02-04 06:00:00,0.0665645599199256,59.71107650817006,0.6837189170728198,1.5219411538196368,-0.838222236746817
4792,2018-02-04 08:00:00,0.06332760720950979,55.77812735004185,0.5915541454992542,1.3416331995883777,-0.7500790540891235
4793,2018-02-04 10:00:00,0.0629194066223865,54.81437755410248,0.5799315741384323,1.29744962458907,-0.7175180504506378
4794,2018-02-04 12:00:00,0.06249481645647599,54.17097757673122,0.5678423472777477,1.267952641788646,-0.7001102945108982
4795,2018-02-04 14:00:00,0.0599257258806948,51.021468023363326,0.4946934114571014,1.123561854731068,-0.6288684432739666
4796,2018-02-04 16:00:00,0.06169800000007281,50.391672000059465,0.5451548342800607,1.094688551777173,-0.5495337174971122
4797,2018-02-04 18:00:00,0.06102602959142901,48.86260429717615,0.5260220248888182,1.0245877042190021,-0.4985656793301839
4798,2018-02-04 20:00:00,0.05857746000000001,49.73526128,0.45630464645759505,1.0645950851924897,-0.6082904387348946
4799,2018-02-04 22:00:00,0.058891352100360485,50.38102080120841,0.46524200091303086,1.094200242420065,-0.628958241507034
4800,2018-02-05 00:00:00,0.0583907412308794,49.30753907419012,0.4509882596444285,1.0449859540270194,-0.5939976943825909
4801,2018-02-05 02:00:00,0.05880253006584001,48.9856110117093,0.4627129980962961,1.0302270064734806,-0.5675140083771846
4802,2018-02-05 04:00:00,0.0595268834212675,51.62179540896927,0.4833372912244292,1.1510841537528849,-0.6677468625284557
4803,2018-02-05 06:00:00,0.0571664100002868,48.38606402024275,0.41612824830263334,1.0027404849980062,-0.5866122366953728
4804,2018-02-05 08:00:00,0.055970500000000006,46.722101,0.38207746602079506,0.9264552964451933,-0.5443778304243982
4805,2018-02-05 10:00:00,0.053453999999999995,45.274481,0.310425925694435,0.8600884581745251,-0.5496625324800901
4806,2018-02-05 12:00:00,0.05369575056055001,45.45928267385215,0.31730921599372747,0.8685607801932139,-0.5512515641994864
4807,2018-02-05 14:00:00,0.0515822650936652,44.317959826556034,0.2571325860872415,0.8162362828657939,-0.5591036967785523
4808,2018-02-05 16:00:00,0.04911984,43.86841168,0.1870207041482816,0.7956265309023207,-0.6086058267540391
4809,2018-02-05 18:00:00,0.044655415,41.667531255,0.05990648681408385,0.6947261045341755,-0.6348196177200917
4810,2018-02-05 20:00:00,0.0485895840451947,45.80342447488514,0.1719228873674256,0.8843381273225247,-0.7124152399550991
4811,2018-02-05 22:00:00,0.0470496,42.9541272,0.1280753892882605,0.7537107172098173,-0.6256353279215567
4812,2018-02-06 00:00:00,0.0445135999995872,39.54056389963331,0.05586863137161998,0.5972142585520726,-0.5413456271804525
4813,2018-02-06 02:00:00,0.042086168764397996,39.14345283085339,-0.013246881061372007,0.5790085097525194,-0.5922553908138914
4814,2018-02-06 04:00:00,0.043427999999999994,38.69553240000001,0.024958672242385457,0.5584733812018126,-0.5335147089594271
4815,2018-02-06 06:00:00,0.039698982784692,34.778654768372924,-0.08121650255607687,0.37890223386743416,-0.46011873642351103
4816,2018-02-06 08:00:00,0.0442781208536949,38.62880871724049,0.04916390515746579,0.5554144017303182,-0.5062504965728524
4817,2018-02-06 10:00:00,0.0432953347478187,37.62803437910423,0.02118133480285649,0.509533418706787,-0.48835208390393053
4818,2018-02-06 12:00:00,0.0485485,42.558945,0.1707531138243944,0.73559339833135,-0.5648402845069556
4819,2018-02-06 14:00:00,0.049572000000000005,45.7958529,0.1998949185229954,0.8839910048139545,-0.6840960862909591
4820,2018-02-06 16:00:00,0.046541199138341705,44.21259015512954,0.11359984593794652,0.8114055593733057,-0.6978057134353592
4821,2018-02-06 18:00:00,0.0506392925339616,47.26733357113842,0.23028361474281336,0.9514517470804733,-0.72116813233766
4822,2018-02-06 20:00:00,0.05299178874,47.62842919518,0.29726552484595997,0.9680063504163027,-0.6707408255703426
4823,2018-02-06 22:00:00,0.0527549199920772,47.34618899288949,0.29052123291516546,0.9550669119870913,-0.6645456790719257
4824,2018-02-07 00:00:00,0.051648330000000006,46.08541578,0.25901363210369505,0.8972661549404717,-0.6382525228367766
4825,2018-02-07 02:00:00,0.0498003070443444,43.44399680181166,0.2063954356676941,0.7761690257694881,-0.569773590101794
4826,2018-02-07 04:00:00,0.051493321863196814,46.53649087430757,0.25460013249508473,0.9179459105613093,-0.6633457780662245
4827,2018-02-07 06:00:00,0.0532596999989665,47.20997009908389,0.3048936807671697,0.9488218909908316,-0.6439282102236619
4828,2018-02-07 08:00:00,0.055729686439351,48.6093806561686,0.3752208546351497,1.0129785440602188,-0.6377576894250692
4829,2018-02-07 10:00:00,0.0590369039790672,50.92380719994389,0.4693862553563972,1.1190845470997433,-0.649698291743346
4830,2018-02-07 12:00:00,0.05946419999971481,51.1677347997546,0.48155252519733727,1.1302675257587764,-0.6487150005614392
4831,2018-02-07 14:00:00,0.05825948586559201,49.95611418430892,0.44725106548629584,1.0747201932884525,-0.6274691278021567
4832,2018-02-07 16:00:00,0.059157374638014,51.61998981972873,0.47281637984583497,1.1510013756418405,-0.6781849957960056
4833,2018-02-07 18:00:00,0.0614308800029328,50.90569533243031,0.537549207716558,1.1182541997834219,-0.5807049920668639
4834,2018-02-07 20:00:00,0.060646654241976,49.53818171384914,0.5152201857669589,1.0555598772697008,-0.5403396915027419
4835,2018-02-07 22:00:00,0.0578982545073765,46.924151232454825,0.43696583471724193,0.9357183869661035,-0.4987525522488616
4836,2018-02-08 00:00:00,0.062497618346656986,48.98812370744865,0.5679221246460345,1.0303422022235786,-0.4624200775775441
4837,2018-02-08 02:00:00,0.06192278940002401,49.68551815475494,0.5515551946041385,1.0623145875838516,-0.5107593929797131
4838,2018-02-08 04:00:00,0.0626143588701291,49.51332385902661,0.5712460421208141,1.0544202569060954,-0.48317421478528133
4839,2018-02-08 06:00:00,0.06480982047757859,52.24063055115257,0.6337567537842917,1.1794549498164133,-0.5456981960321216
4840,2018-02-08 08:00:00,0.0654140500018055,52.36173878144525,0.6509607975440858,1.185007215143696,-0.5340464175996101
4841,2018-02-08 10:00:00,0.06614913932783839,53.529004428090836,0.6718907727031249,1.238521072640715,-0.5666302999375901
4842,2018-02-08 12:00:00,0.06591,53.3881985,0.6650818312398898,1.2320657568415718,-0.566983925601682
4843,2018-02-08 14:00:00,0.06514221747586861,51.895477373589436,0.6432209925791808,1.1636312356414642,-0.5204102430622835
4844,2018-02-08 16:00:00,0.06290536004951319,50.79648884938172,0.5795316303344669,1.1132475758084874,-0.5337159454740206
4845,2018-02-08 18:00:00,0.06400771,51.66313763,0.6109185057292874,1.1529795078491925,-0.542061002119905
4846,2018-02-08 20:00:00,0.0621357726569222,51.48814725526309,0.5576194022021834,1.1449569895784526,-0.5873375873762692
4847,2018-02-08 22:00:00,0.0632775,51.7122375,0.5901274581387009,1.1552305151103528,-0.5651030569716519
4848,2018-02-09 00:00:00,0.0612076499999235,50.38053677993703,0.5311932476280723,1.0941780522310394,-0.5629848046029671
4849,2018-02-09 02:00:00,0.0615441310560879,50.734743674236825,0.540773770562632,1.1104168384237902,-0.5696430678611583
4850,2018-02-09 04:00:00,0.0593510044449764,49.247165014529216,0.47832954254082866,1.042218076094096,-0.5638885335532673
4851,2018-02-09 06:00:00,0.05992000000000001,50.41344,0.4945303801948296,1.0956865162509504,-0.6011561360561208
4852,2018-02-09 08:00:00,0.0609766284692389,51.74334385521096,0.5246154417381041,1.1566566009930261,-0.632041159254922
4853,2018-02-09 10:00:00,0.06095719630147401,52.347095711265794,0.5240621555262087,1.1843358965169943,-0.6602737409907856
4854,2018-02-09 12:00:00,0.060407500003284986,52.2373442528407,0.5084108197515449,1.1793042878826372,-0.6708934681310923
4855,2018-02-09 14:00:00,0.06125117856073601,53.3695832933813,0.5324326231219749,1.2312123337008036,-0.6987797105788287
4856,2018-02-09 16:00:00,0.06314795,56.1925436,0.5864388203285359,1.3606323127794842,-0.7741934924509483
4857,2018-02-09 18:00:00,0.06338824,56.72142072,0.5932805245308094,1.3848789398557173,-0.7915984153249079
4858,2018-02-09 20:00:00,0.063441,55.465731000000005,0.59478274398943,1.3273112379965415,-0.7325284940071115
4859,2018-02-09 22:00:00,0.06329406473754029,57.043754138924676,0.5905991008805502,1.3996564711712598,-0.8090573702907096
4860,2018-02-10 00:00:00,0.0642546,56.70151578,0.61794812972737,1.383966388264991,-0.7660182585376211
4861,2018-02-10 02:00:00,0.06522368761386721,58.2727315062746,0.6455406670787638,1.4559995323179862,-0.8104588652392224
4862,2018-02-10 04:00:00,0.0656594089160646,57.595972733389985,0.6579468274028053,1.4249731994210317,-0.7670263720182264
4863,2018-02-10 06:00:00,0.066232892024562,58.65593868086025,0.6742754378041516,1.4735678503709873,-0.7992924125668357
4864,2018-02-10 08:00:00,0.0643279999995512,54.46689599962,0.6200380256255612,1.281519164849374,-0.6614811392238128
4865,2018-02-10 10:00:00,0.06468753393319801,54.3639915859499,0.6302749261403194,1.276801462289737,-0.6465265361494176
4866,2018-02-10 12:00:00,0.0653856225114,55.37578115154479,0.6501513902422112,1.3231874437377593,-0.6730360534955481
4867,2018-02-10 14:00:00,0.0627358762682002,52.63273765846217,0.5747059700954793,1.1974312895848578,-0.6227253194893785
4868,2018-02-10 16:00:00,0.0621543599982288,52.84291257849415,0.5581486339268762,1.2070668603329224,-0.6489182264060462
4869,2018-02-10 18:00:00,0.06199725,52.7437176,0.5536752886561568,1.20251921862102,-0.6488439299648633
4870,2018-02-10 20:00:00,0.0605949822522422,51.99701657569074,0.5137489448942567,1.168286349417172,-0.6545374045229153
4871,2018-02-10 22:00:00,0.06214865928936721,54.423649423069975,0.5579863193745676,1.2795365046542568,-0.7215501852796893
4872,2018-02-11 00:00:00,0.060535418286672,51.5412552681989,0.5120529981900839,1.1473917520889096,-0.6353387538988258
4873,2018-02-11 02:00:00,0.0585679,48.76916941,0.45603244748063465,1.0203041366763754,-0.5642716891957408
4874,2018-02-11 04:00:00,0.059511560300073,49.45289208772189,0.48290100064775776,1.0516497331549794,-0.5687487325072217
4875,2018-02-11 06:00:00,0.0567022044058979,47.81533651981748,0.4029110633767132,0.9765752070125219,-0.5736641436358088
4876,2018-02-11 08:00:00,0.057938380000427815,49.088678440362465,0.43810831569617353,1.0349521825337713,-0.5968438668375977
4877,2018-02-11 10:00:00,0.0587755413999136,49.20470578173296,0.4619445580068939,1.04027151205375,-0.5783269540468561
4878,2018-02-11 12:00:00,0.0586464996310551,50.14110284041583,0.45827039090768873,1.083201087598945,-0.6249306966912563
4879,2018-02-11 14:00:00,0.0596665708077999,51.462797094808934,0.4873145677629588,1.143794799225324,-0.6564802314623651
4880,2018-02-11 16:00:00,0.0580238924951707,49.69274486437896,0.4405430869918132,1.0626458995779153,-0.6221028125861021
4881,2018-02-11 18:00:00,0.0595735297953531,50.41117076515398,0.4846654392688849,1.0955824820831273,-0.6109170428142423
4882,2018-02-11 20:00:00,0.058889296445748,50.68230775788711,0.46518347088348055,1.1080128885060248,-0.6428294176225442
4883,2018-02-11 22:00:00,0.057297,48.8778111,0.41984649770882043,1.0252848674411355,-0.605438369732315
4884,2018-02-12 00:00:00,0.0600719246140585,51.01198616544731,0.4988560835966887,1.123127154374056,-0.6242710707773673
4885,2018-02-12 02:00:00,0.060863168981940885,51.23940321208094,0.5213849442099731,1.1335531987461474,-0.6121682545361743
4886,2018-02-12 04:00:00,0.0598696140002142,53.371580755190934,0.49309575492340624,1.2313039083024755,-0.7382081533790692
4887,2018-02-12 06:00:00,0.0610474140005752,52.92343810849865,0.5266308966767355,1.2107585921592776,-0.6841276954825422
4888,2018-02-12 08:00:00,0.06274400000000001,54.22366400000001,0.5749372746441203,1.2703680763171408,-0.6954308016730205
4889,2018-02-12 10:00:00,0.062071100000000004,53.31812395,0.5557779972804772,1.2288531552425748,-0.6730751579620976
4890,2018-02-12 12:00:00,0.06305132694494929,53.01072835933206,0.5836877014231429,1.21476045588019,-0.6310727544570472
4891,2018-02-12 14:00:00,0.061160265180141414,51.7714291676997,0.5298440740435408,1.1579441857125805,-0.6281001116690397
4892,2018-02-12 16:00:00,0.0623530646906148,52.54284917929141,0.5638062922934697,1.19331030883057,-0.6295040165371004
4893,2018-02-12 18:00:00,0.0617479199991576,52.85912219927887,0.5465761912550322,1.2078099982289507,-0.6612338069739185
4894,2018-02-12 20:00:00,0.0619975511995788,53.099577868439255,0.5536838646203003,1.218833804549969,-0.6651499399296686
4895,2018-02-12 22:00:00,0.062370000000000016,53.85578220000001,0.5642884862149297,1.2535023574659767,-0.689213871251047
4896,2018-02-13 00:00:00,0.0610176979058736,52.06904923008878,0.5257847993360425,1.1715887212582916,-0.6458039219222491
4897,2018-02-13 02:00:00,0.06113444935478921,52.113176742263015,0.529109027887657,1.173611768372696,-0.6445027404850391
4898,2018-02-13 04:00:00,0.05998824000000001,51.51334968,0.496473356992712,1.1461124069162507,-0.6496390499235387
4899,2018-02-13 06:00:00,0.0600311387993754,51.564758724063495,0.49769480148045203,1.1484692793779545,-0.6507744778975024
4900,2018-02-13 08:00:00,0.05818055182563001,49.95382179748592,0.44500360053598415,1.0746150977070597,-0.6296114971710756
4901,2018-02-13 10:00:00,0.058684500000000014,49.7949039,0.4593523638732651,1.0673294299207878,-0.6079770660475228
4902,2018-02-13 12:00:00,0.0594428,50.42330000000001,0.4809432095038939,1.09613855271449,-0.6151953432105961
4903,2018-02-13 14:00:00,0.0583355200038528,50.03695312330471,0.4494159624160687,1.0784262935014268,-0.6290103310853581
4904,2018-02-13 16:00:00,0.059481131972997,50.40319057490946,0.4820346241309489,1.095216626405997,-0.6131820022750482
4905,2018-02-13 18:00:00,0.059847436947255986,50.76589021475964,0.49246431442892774,1.1118447666215,-0.6193804521925721
4906,2018-02-13 20:00:00,0.0593014117943018,49.05551210551312,0.47691750605773625,1.0334316558893637,-0.5565141498316275
4907,2018-02-13 22:00:00,0.058654266638046015,48.8373275326913,0.4584915385391708,1.023428878739545,-0.5649373402003741
4908,2018-02-14 00:00:00,0.058554046200000015,49.599249824800005,0.45563799244015296,1.058359574319321,-0.602721581879168
4909,2018-02-14 02:00:00,0.05957058502479421,49.374636526104425,0.4845815937109861,1.0480620691259892,-0.5634804754150031
4910,2018-02-14 04:00:00,0.06035699997537981,50.365172979455565,0.5069729477921053,1.0934736913754446,-0.5865007435833393
4911,2018-02-14 06:00:00,0.060810746400684006,50.909441098572636,0.519892331972763,1.118425926241862,-0.5985335942690991
4912,2018-02-14 08:00:00,0.06044768,50.43164,0.509554852596742,1.0965209040436903,-0.5869660514469482
4913,2018-02-14 10:00:00,0.06120817499993149,50.76212872494318,0.5312081957938755,1.1116723193036226,-0.5804641235097472
4914,2018-02-14 12:00:00,0.0631325799823012,52.243222265353964,0.5860011944819389,1.179573768206079,-0.5935725737241401
4915,2018-02-14 14:00:00,0.06414357878861701,52.49547672743772,0.6147870564889479,1.1911384958888733,-0.5763514393999254
4916,2018-02-14 16:00:00,0.0637979930027314,52.80799820809762,0.6049472973498262,1.2054661941543474,-0.6005188968045212
4917,2018-02-14 18:00:00,0.0632165734018815,52.142137185493496,0.5883927136117645,1.1749394738838967,-0.5865467602721323
4918,2018-02-14 20:00:00,0.0639477226119504,51.306707828999116,0.6092105030454376,1.1366388114248047,-0.5274283083793672
4919,2018-02-14 22:00:00,0.06534299988214799,52.61920260509653,0.648937809062531,1.1968107685242881,-0.5478729594617572
4920,2018-02-15 00:00:00,0.06533347496969799,52.606608050600784,0.6486666091227271,1.1962333650887798,-0.5475667559660526
4921,2018-02-15 02:00:00,0.066648548811078,53.48314221049665,0.686110307266093,1.2364184971182661,-0.5503081898521731
4922,2018-02-15 04:00:00,0.0672186192,52.752862406400006,0.7023417483392932,1.2029384666884453,-0.5005967183491521
4923,2018-02-15 06:00:00,0.06689738000456939,53.01323095362105,0.6931952022769832,1.2148751885244158,-0.5216799862474326
4924,2018-02-15 08:00:00,0.0646775255821542,52.61411149315751,0.6299899614002376,1.1965773640378379,-0.5665874026376003
4925,2018-02-15 10:00:00,0.0641704799706309,52.32896413605045,0.6155530056754748,1.1835046456915643,-0.5679516400160896
4926,2018-02-15 12:00:00,0.064710618777067,52.768032624226535,0.6309322138897361,1.2036339526537014,-0.5727017387639654
4927,2018-02-15 14:00:00,0.066251250007425,52.70556850590689,0.674798139075528,1.2007702549718238,-0.5259721158962958
4928,2018-02-15 16:00:00,0.0671406466710752,54.75339838016203,0.7001216602007659,1.2946540048996595,-0.5945323446988936
4929,2018-02-15 18:00:00,0.0666528825849447,53.823967324930194,0.686233701493383,1.2520437891480758,-0.5658100876546928
4930,2018-02-15 20:00:00,0.06503257310748001,52.231994967491005,0.6400991217732382,1.1790590473114466,-0.5389599255382084
4931,2018-02-15 22:00:00,0.06682672,53.42125996,0.691183321423868,1.2335814754478442,-0.5423981540239763
4932,2018-02-16 00:00:00,0.06853424999979989,54.97823699983947,0.7398013045906195,1.304961840042261,-0.5651605354516414
4933,2018-02-16 02:00:00,0.06646425784600801,52.846637744149774,0.6808630465804202,1.2072376423520974,-0.5263745957716772
4934,2018-02-16 04:00:00,0.066309164022948,51.79773603008399,0.6764471072530392,1.1591502365278958,-0.4827031292748566
4935,2018-02-16 06:00:00,0.064122099987827,50.18674999047251,0.6141754971164197,1.085293803246234,-0.4711183061298143
4936,2018-02-16 08:00:00,0.0653055000049062,51.46930350386673,0.6478700864452356,1.1440930886919392,-0.49622300224670357
4937,2018-02-16 10:00:00,0.0651645230637905,50.920636231449954,0.6438560928106485,1.1189391725171882,-0.47508307970653973
4938,2018-02-16 12:00:00,0.06543600000000001,51.3632256,0.6515857731772259,1.139229895941069,-0.48764412276384306
4939,2018-02-16 14:00:00,0.06677098750053201,51.67471987541172,0.68959646689054,1.153510501485679,-0.463914034595139
4940,2018-02-16 16:00:00,0.0663283499853702,53.16554428827346,0.6769933833349762,1.2218580669368049,-0.5448646836018287
4941,2018-02-16 18:00:00,0.06649889999999999,52.21246890000001,0.6818494021114148,1.1781638653139357,-0.49631446320252093
4942,2018-02-16 20:00:00,0.06687654252272761,52.76922335590842,0.6926019029841215,1.2036885423229209,-0.5110866393387994
4943,2018-02-16 22:00:00,0.067062600033924,53.121403196871775,0.6978994620012129,1.2198343972761576,-0.5219349352749447
4944,2018-02-17 00:00:00,0.0691783556960895,54.804975364615004,0.7581407304885466,1.2970185766696538,-0.5388778461811072
4945,2018-02-17 02:00:00,0.0699329199995992,54.30919377968875,0.7796252107674089,1.2742892303879112,-0.4946640196205023
4946,2018-02-17 04:00:00,0.06980048220599999,54.179913358536,0.7758543496870162,1.2683623070225194,-0.49250795733550323
4947,2018-02-17 06:00:00,0.072156368,54.286570063999996,0.8429327704988936,1.2732520352122456,-0.430319264713352
4948,2018-02-17 08:00:00,0.0712355200064796,53.319893364849996,0.8167137452089378,1.2289342749212082,-0.4122205297122704
4949,2018-02-17 10:00:00,0.07120538242276199,52.72400940172968,0.8158556469394834,1.2016156867499406,-0.38576003981045714
4950,2018-02-17 12:00:00,0.07170239999999999,53.501620700000004,0.8300070774892064,1.2372656523968304,-0.40725857490762396
4951,2018-02-17 14:00:00,0.071049557905202,53.662808085500004,0.8114189027694912,1.2446553659575372,-0.433236463188046
4952,2018-02-17 16:00:00,0.07189593,53.83388307,0.8355173984108679,1.2524983812712716,-0.41698098286040364
4953,2018-02-17 18:00:00,0.071409048388187,53.330140181038615,0.8216545661267504,1.2294040451597925,-0.40774947903304215
4954,2018-02-17 20:00:00,0.07158868,53.66004126,0.8267691624620209,1.2445285195057876,-0.41775935704376665
4955,2018-02-17 22:00:00,0.07314438,54.18274914000001,0.8710641361499674,1.268492314793753,-0.39742817864378566
4956,2018-02-18 00:00:00,0.0739454000038396,56.37577190292729,0.8938713354773405,1.3690325028479997,-0.47516116737065917
4957,2018-02-18 02:00:00,0.0717697880562705,54.203565825908385,0.8319257971519849,1.2694466658161292,-0.4375208686641443
4958,2018-02-18 04:00:00,0.06957219999599201,51.61267814702664,0.7693545396428368,1.1506661684744157,-0.3813116288315789
4959,2018-02-18 06:00:00,0.0712620200100426,54.85801050773085,0.8174682717632563,1.29944999842801,-0.4819817266647536
4960,2018-02-18 08:00:00,0.06632641875898779,51.794582648973396,0.6769383961126362,1.159005668247427,-0.48206727213479084
4961,2018-02-18 10:00:00,0.07050189999999999,53.70204770000001,0.7958256055393577,1.2464543250416373,-0.4506287195022797
4962,2018-02-18 12:00:00,0.0723319999997972,54.25788099984787,0.8479334870957814,1.2719367712060001,-0.4240032841102187
4963,2018-02-18 14:00:00,0.07079579999999999,54.45749,0.8041937309921362,1.2810879422525914,-0.47689421126045517
4964,2018-02-18 16:00:00,0.0715148434931436,53.84670410347641,0.8246668380238811,1.2530861677450644,-0.42841932972118335
4965,2018-02-18 18:00:00,0.07158491577626401,54.2309968002,0.82666198486265,1.2707042520849143,-0.44404226722226436
4966,2018-02-18 20:00:00,0.07077769877288179,53.440281955386574,0.8036783402491134,1.234453548016202,-0.43077520776708855
4967,2018-02-18 22:00:00,0.0683976100000659,51.83345253004993,0.7359107953710156,1.1607876767241034,-0.4248768813530879
4968,2018-02-19 00:00:00,0.0700711727913954,53.351914506541064,0.783561640525651,1.2304022996320116,-0.4468406591063606
4969,2018-02-19 02:00:00,0.0716192111994444,52.485523696403405,0.8276384680325363,1.1906821943726211,-0.36304372634008486
4970,2018-02-19 04:00:00,0.0710482196419128,51.7674304434254,0.8113807988052419,1.157760862266371,-0.34638006346112915
4971,2018-02-19 06:00:00,0.0727104000100128,53.275407807336435,0.8587075556797109,1.2268948130452444,-0.3681872573655335
4972,2018-02-19 08:00:00,0.07350663535286399,53.228539249262845,0.881378522807696,1.2247461013573364,-0.3433675785496404
4973,2018-02-19 10:00:00,0.0732443152812192,53.25781380508705,0.8739095630652483,1.2260882075121498,-0.3521786444469015
4974,2018-02-19 12:00:00,0.0741759236014614,53.50545682050371,0.9004349638704164,1.2374415211946201,-0.3370065573242037
4975,2018-02-19 14:00:00,0.07429776516224999,54.5220463212747,0.9039041216317002,1.2840475579897235,-0.3801434363580233
4976,2018-02-19 16:00:00,0.0736513095533376,53.39325382030083,0.8854977873852515,1.2322975204430773,-0.34679973305782574
4977,2018-02-19 18:00:00,0.0738846008799944,53.57134287751341,0.8921402204866783,1.2404620993089421,-0.34832187882226384
4978,2018-02-19 20:00:00,0.0740544799997996,53.21368687985599,0.8969771370785035,1.2240651873064383,-0.32708805022793486
4979,2018-02-19 22:00:00,0.07396427999900551,53.20229463928466,0.8944088998465006,1.2235429045336539,-0.32913400468715326
4980,2018-02-20 00:00:00,0.07590000000000001,53.62312000000001,0.9495240676238893,1.242835846503778,-0.2933117788798888
4981,2018-02-20 02:00:00,0.07517209584551379,52.88779642966893,0.9287986736724114,1.2091245821742076,-0.2803259085017962
4982,2018-02-20 04:00:00,0.07575928,52.9244946,0.9455173897956651,1.2108070275225669,-0.26528963772690173
4983,2018-02-20 06:00:00,0.07588056000026319,52.76120640018301,0.9489705584146355,1.2033210011145572,-0.2543504426999217
4984,2018-02-20 08:00:00,0.0746955621190912,51.82589245332489,0.9152304735867215,1.160441081354238,-0.24521060776751658
4985,2018-02-20 10:00:00,0.0751289212140138,52.55661354213419,0.9275693755003479,1.1939413426949028,-0.2663719671945549
4986,2018-02-20 12:00:00,0.0758707353610724,51.81994286175032,0.9486908244463579,1.1601683194541497,-0.21147749500779178
4987,2018-02-20 14:00:00,0.0761962,51.1567705,0.9579576802782376,1.129764862139481,-0.17180718186124333
4988,2018-02-20 16:00:00,0.078927225099075,51.44885784236001,1.0357173286067385,1.1431557474625051,-0.10743841885576666
4989,2018-02-20 18:00:00,0.07922000000442,51.48472850287254,1.0440534195810576,1.1448002552234486,-0.10074683564239106
4990,2018-02-20 20:00:00,0.07721339999999999,50.08891753,0.9869201069899292,1.0808086268312906,-0.09388851984136148
4991,2018-02-20 22:00:00,0.0745941478150505,49.74274291260117,0.912342934903772,1.0649380842535987,-0.15259514934982665
4992,2018-02-21 00:00:00,0.0732548973054363,48.864562882020685,0.8742108618273884,1.0246774964874268,-0.1504666346600384
4993,2018-02-21 02:00:00,0.07303000000100501,48.066275000661456,0.867807429171816,0.9880796028996052,-0.1202721737277892
4994,2018-02-21 04:00:00,0.07143559999400309,47.74434639599193,0.8224105619363514,0.9733206304891631,-0.15091006855281164
4995,2018-02-21 06:00:00,0.074382857945947,47.59192882087232,0.9063269426221823,0.9663329731221947,-0.06000603050001241
4996,2018-02-21 08:00:00,0.074202000000996,48.32595225064867,0.9011774292758683,0.999984631879913,-0.09880720260404474
4997,2018-02-21 10:00:00,0.07190624,47.89611264,0.835810951910079,0.9802784272666532,-0.14446747535657412
4998,2018-02-21 12:00:00,0.07016569645453259,47.671153520996675,0.7862529840826032,0.9699650677742411,-0.18371208369163783
4999,2018-02-21 14:00:00,0.0688018405443201,46.32625557400252,0.74742032890679,0.9083075716504554,-0.1608872427436654
5000,2018-02-21 16:00:00,0.06874131,45.89772,0.7456968610993875,0.8886611512272411,-0.1429642901278536
5001,2018-02-21 18:00:00,0.06801599999542199,45.05820799696723,0.7250453295904927,0.8501733178651981,-0.1251279882747054
5002,2018-02-21 20:00:00,0.06620643440343961,44.949147109647924,0.6735221179921941,0.8451733687968129,-0.17165125080461885
5003,2018-02-21 22:00:00,0.06671837659576679,45.930225140027886,0.6880984925752643,0.8901513650756241,-0.20205287250035975
5004,2018-02-22 00:00:00,0.0681367273084494,46.543009746292974,0.7284827617136307,0.9182447713968619,-0.1897620096832312
5005,2018-02-22 02:00:00,0.0681279066097944,46.47994292648219,0.7282316126393665,0.9153534425739471,-0.1871218299345806
5006,2018-02-22 04:00:00,0.06825639,47.22953999999999,0.7318898811927479,0.9497190825528935,-0.2178292013601456
5007,2018-02-22 06:00:00,0.0677744152546824,47.272123492686006,0.718166760628309,0.9516713433479176,-0.2335045827196086
5008,2018-02-22 08:00:00,0.066073878,46.97139252,0.6697478797698336,0.9378841866167086,-0.26813630684687495
5009,2018-02-22 10:00:00,0.0654030117092556,46.26101381742979,0.6506465075922583,0.9053165318009391,-0.2546700242086808
5010,2018-02-22 12:00:00,0.06179655295,43.069725544032,0.5479609024962299,0.7590103791395564,-0.21104947664332652
5011,2018-02-22 14:00:00,0.0627169112039372,44.112858278064834,0.5741659835797503,0.8068333032870514,-0.23266731970730103
5012,2018-02-22 16:00:00,0.062058528,42.9165257856,0.5554200385421568,0.751986862200745,-0.19656682365858813
5013,2018-02-22 18:00:00,0.0632228430797476,43.16266580766767,0.5885712282457625,0.7632712704270086,-0.17470004218124613
5014,2018-02-22 20:00:00,0.0627224529296604,42.657283824918615,0.5743237714534375,0.7401017892689586,-0.16577801781552115
5015,2018-02-22 22:00:00,0.0624207114409578,43.01131612114869,0.5657323776740175,0.7563325709288519,-0.19060019325483435
5016,2018-02-23 00:00:00,0.060951820944,42.316843394784,0.5239091046051606,0.7244941332766813,-0.20058502867152073
5017,2018-02-23 02:00:00,0.0615439999898892,43.09089399292077,0.5407700387545568,0.7599808569057116,-0.21921081815115484
5018,2018-02-23 04:00:00,0.06193467,43.072613715,0.5518934673195292,0.7591427887329104,-0.20724932141338126
5019,2018-02-23 06:00:00,0.062229194359542,43.545323247334935,0.5602793699719508,0.7808143856170897,-0.2205350156451389
5020,2018-02-23 08:00:00,0.063630000000063,44.179723000043744,0.6001640835984886,0.809898748769697,-0.20973466517120842
5021,2018-02-23 10:00:00,0.0636417599995632,44.946381059691504,0.6004989224931546,0.8450465579002335,-0.2445476354070789
5022,2018-02-23 12:00:00,0.06345213124481369,44.97121267737297,0.5950996805428379,0.8461849754094313,-0.25108529486659337
5023,2018-02-23 14:00:00,0.06416900003538639,45.55906302512384,0.6155108679286628,0.8731352586029062,-0.25762439067424336
5024,2018-02-23 16:00:00,0.06295314557824419,43.672479609344656,0.5808922131832194,0.786643930464899,-0.20575171728167962
5025,2018-02-23 18:00:00,0.06297912944955601,43.223037853324996,0.5816320440606817,0.7660390560269651,-0.1844070119662834
5026,2018-02-23 20:00:00,0.0615897800001246,42.48884168008596,0.5420735190841902,0.7323794777617446,-0.1903059586775544
5027,2018-02-23 22:00:00,0.0638387196001887,43.9462092001299,0.6061068933919752,0.7991931957980255,-0.1930863024060503
5028,2018-02-24 00:00:00,0.0650728817541002,44.92542785431363,0.6412468176281191,0.8440859480768231,-0.20283913044870405
5029,2018-02-24 02:00:00,0.0654600299999371,45.6843363899561,0.6522699720683582,0.8788784765354057,-0.2266085044670475
5030,2018-02-24 04:00:00,0.0649291152044926,45.526583624011835,0.6371533963180493,0.8716462247675567,-0.23449282844950736
5031,2018-02-24 06:00:00,0.063055200008424,44.58497785595641,0.5837979779833435,0.8284778534247577,-0.24467987544141412
5032,2018-02-24 08:00:00,0.0624624,43.391348,0.5669193633562588,0.7737553160148711,-0.20683595265861232
5033,2018-02-24 10:00:00,0.0604763,42.439903,0.5103697411658422,0.7301358603300672,-0.21976611916422495
5034,2018-02-24 12:00:00,0.0598886781441726,42.44383795954344,0.49363856250521543,0.7303162604513842,-0.23667769794616877
5035,2018-02-24 14:00:00,0.05992824449790901,43.021561004198894,0.494765123280225,0.7568022525417716,-0.2620371292615466
5036,2018-02-24 16:00:00,0.059321062802848,42.36015016299149,0.4774770232567433,0.7264795529874145,-0.24900252973067122
5037,2018-02-24 18:00:00,0.05884605288919281,42.31976942868681,0.4639522102292507,0.724628278714574,-0.2606760684853233
5038,2018-02-24 20:00:00,0.05801759990973,42.457601933939905,0.44036392011739994,0.7309472765072083,-0.2905833563898083
5039,2018-02-24 22:00:00,0.058976,42.85392099999999,0.4676521548548399,0.7491167155594401,-0.28146456070460024
5040,2018-02-25 00:00:00,0.06071281363086,42.98740510335253,0.5171039219563446,0.7552363587661539,-0.23813243680980933
5041,2018-02-25 02:00:00,0.058482622202707314,43.10982844373446,0.45360435865422494,0.7608489159508312,-0.3072445572966062
5042,2018-02-25 04:00:00,0.0594772264380437,43.189422048409746,0.4819234230201988,0.7644979232102392,-0.28257450019004043
5043,2018-02-25 06:00:00,0.060472522756869984,43.05303887015229,0.5102621928692188,0.7582453705139155,-0.24798317764469668
5044,2018-02-25 08:00:00,0.058668753688655005,42.94899011834594,0.4589040239319465,0.7534752052195723,-0.2945711812876258
5045,2018-02-25 10:00:00,0.0587581742333229,43.077846288782006,0.461450067946362,0.7593826786058947,-0.2979326106595327
5046,2018-02-25 12:00:00,0.0604186403755275,42.48423212959744,0.508728016187462,0.7321681506926434,-0.2234401345051814
5047,2018-02-25 14:00:00,0.0595815353607336,42.5931736054139,0.48489337930095167,0.7371626252829911,-0.2522692459820395
5048,2018-02-25 16:00:00,0.0587420311956242,42.66203053533013,0.46099043213604673,0.7403194045009939,-0.27932897236494714
5049,2018-02-25 18:00:00,0.0593709595174888,43.29939203969571,0.4788977172608119,0.7695395505891801,-0.29064183332836824
5050,2018-02-25 20:00:00,0.060162400000000005,43.2322408,0.5014321617863692,0.7664609695633859,-0.26502880777701676
5051,2018-02-25 22:00:00,0.060318537988897386,43.87537952039946,0.5058778313305605,0.7959459749117203,-0.29006814358115973
5052,2018-02-26 00:00:00,0.0609632099969904,44.62720877779687,0.5242333816524964,0.8304139504390341,-0.30618056878653765
5053,2018-02-26 02:00:00,0.0601437286146875,44.168207075105535,0.5009005371022175,0.8093707956273591,-0.30847025852514165
5054,2018-02-26 04:00:00,0.06032994000006271,43.37462892004508,0.5062024773320761,0.7729888217170565,-0.2667863443849804
5055,2018-02-26 06:00:00,0.0587822987997279,42.643197438449945,0.4621369593998187,0.7394559920759216,-0.2773190326761029
5056,2018-02-26 08:00:00,0.0593142,42.769416799999995,0.47728162075524705,0.7452425796849759,-0.2679609589297288
5057,2018-02-26 10:00:00,0.0606583949997508,44.39055343481764,0.5155544767978204,0.8195643719077954,-0.304009895109975
5058,2018-02-26 12:00:00,0.0625107,45.8792124,0.5682945945892265,0.8878126613638943,-0.31951806677466776
5059,2018-02-26 14:00:00,0.0652258698,45.935190812399995,0.6456027998018687,0.8903790187245271,-0.24477621892265833
5060,2018-02-26 16:00:00,0.0645596699991138,45.0791720393812,0.6266342951729753,0.851134424517764,-0.2245001293447887
5061,2018-02-26 18:00:00,0.0655792647756318,45.42463893975118,0.6556649076292536,0.8669725214663582,-0.2113076138371046
5062,2018-02-26 20:00:00,0.06571622615095361,46.93340926079272,0.6595645672783794,0.9361428257479707,-0.2765782584695913
5063,2018-02-26 22:00:00,0.06585337109462021,46.48110813908066,0.6634694536132426,0.9154068623084588,-0.2519374086952162
5064,2018-02-27 00:00:00,0.064875660240102,46.370694202653674,0.6356313893493717,0.91034488205005,-0.27471349270067835
5065,2018-02-27 02:00:00,0.0664416264133844,46.17579899833847,0.680218668671708,0.9014098172509205,-0.22119114857921252
5066,2018-02-27 04:00:00,0.0667634486169896,46.58551193551819,0.689381814548734,0.9201933047954467,-0.23081149024671266
5067,2018-02-27 06:00:00,0.06837942000000001,47.93503852,0.7353928770228106,0.98206300304103,-0.24667012601821936
5068,2018-02-27 08:00:00,0.06959519999909279,48.33193319936998,0.7700094117468234,1.0002588313635428,-0.2302494196167194
5069,2018-02-27 10:00:00,0.0698731502678792,48.81040808559762,0.7779234053461366,1.0221947436822774,-0.2442713383361408
5070,2018-02-27 12:00:00,0.0697853999947356,49.84960259623949,0.7754249184656288,1.0698371180757889,-0.2944121996101601
5071,2018-02-27 14:00:00,0.0693392000230912,50.30104451675115,0.7627204021684306,1.090533691021173,-0.3278132888527423
5072,2018-02-27 16:00:00,0.0688497600008463,49.03308576060271,0.748784725040986,1.0324035092723847,-0.28361878423139864
5073,2018-02-27 18:00:00,0.06870041998895761,48.19195349225398,0.7445326122318535,0.9938413940641528,-0.24930878183229932
5074,2018-02-27 20:00:00,0.0685560348033814,48.76655093880533,0.7404215766877079,1.0201840915994262,-0.27976251491171833
5075,2018-02-27 22:00:00,0.06724125706115901,48.04806089406254,0.7029863092857416,0.9872445683830227,-0.2842582590972811
5076,2018-02-28 00:00:00,0.068045639996184,49.23209043723907,0.7258892603315508,1.041526974815436,-0.31563771448388533
5077,2018-02-28 02:00:00,0.069327742824702,49.363314997116824,0.7623941848378482,1.0475430281599232,-0.285148843322075
5078,2018-02-28 04:00:00,0.0691547373469694,50.42344792671175,0.7574682524061223,1.0961453344860559,-0.33867708207993363
5079,2018-02-28 06:00:00,0.06759233998358309,48.386658948247785,0.7129825867242338,1.0027677597598172,-0.2897851730355835
5080,2018-02-28 08:00:00,0.06507786,46.99882773,0.6413885617119038,0.9391419670735909,-0.29775340536168704
5081,2018-02-28 10:00:00,0.06517496559660421,46.7747101554313,0.6441534198764187,0.928867188592349,-0.28471376871593024
5082,2018-02-28 12:00:00,0.0637204410559392,45.37429900303571,0.6027391843186445,0.864664662747529,-0.2619254784288845
5083,2018-02-28 14:00:00,0.0649209,46.3278904,0.636919487295204,0.908382521038123,-0.271463033742919
5084,2018-02-28 16:00:00,0.06354195409347521,45.38254149582049,0.5976571792366981,0.8650425438113404,-0.26738536457464224
5085,2018-02-28 18:00:00,0.06423732,45.63455076,0.617456121534706,0.8765960302777555,-0.2591399087430495
5086,2018-02-28 20:00:00,0.064172,45.543499600000004,0.6155962850101213,0.8724217458591397,-0.25682546084901836
5087,2018-02-28 22:00:00,0.0627581691621728,45.773929970640886,0.5753407088959839,0.8829859375261334,-0.30764522863014954
5088,2018-03-01 00:00:00,0.06323200000000001,45.5884,0.5888319504554708,0.874480226389312,-0.28564827593384123
5089,2018-03-01 02:00:00,0.06300529169320321,43.952719464852436,0.5823769536794836,0.7994916620294534,-0.21711470834996982
5090,2018-03-01 04:00:00,0.0638784385322512,44.283363384576205,0.6072377984833304,0.8146501922690793,-0.20741239378574894
5091,2018-03-01 06:00:00,0.0651140025725328,45.14634062507166,0.6424176382043865,0.8542138007790676,-0.21179616257468115
5092,2018-03-01 08:00:00,0.0649138173949226,45.027347257772014,0.636717826431576,0.8487584923674281,-0.21204066593585202
5093,2018-03-01 10:00:00,0.0658709199535399,44.822865688385534,0.6639691169442842,0.8393839360302643,-0.1754148190859801
5094,2018-03-01 12:00:00,0.06549529999999999,45.6325285,0.6532742040698752,0.8765033187910659,-0.22322911472119067
5095,2018-03-01 14:00:00,0.06514926142130441,45.49167924902545,0.6434215526985727,0.8700460168333889,-0.22662446413481618
5096,2018-03-01 16:00:00,0.0666826104259108,46.60777797611034,0.687080133281898,0.9212141021835094,-0.23413396890161142
5097,2018-03-01 18:00:00,0.06621763,46.00772569000001,0.6738408868133443,0.893704415230974,-0.21986352841762968
5098,2018-03-01 20:00:00,0.06599470387081201,46.885631429305064,0.6674935788318968,0.9339524279811088,-0.26645884914921203
5099,2018-03-01 22:00:00,0.0660581783678596,46.92493009569597,0.6693008689113329,0.9357540943276764,-0.26645322541634353
5100,2018-03-02 00:00:00,0.0675516023308335,47.741229616873504,0.7118226759081048,0.9731777402447079,-0.26135506433660316
5101,2018-03-02 02:00:00,0.067276,47.2358696,0.7039755344331375,0.9500092661228349,-0.24603373168969733
5102,2018-03-02 04:00:00,0.06596578988153999,46.195622768076184,0.6666703195955289,0.9023186475517576,-0.2356483279562287
5103,2018-03-02 06:00:00,0.0656009999960994,45.866864997272785,0.6562837679613964,0.8872465887206178,-0.23096282075922137
5104,2018-03-02 08:00:00,0.064313821545109,45.626841159553,0.6196343267977327,0.8762425799206193,-0.2566082531228866
5105,2018-03-02 10:00:00,0.0640921176269892,45.247509041853725,0.6133218184608866,0.8588519157226819,-0.2455300972617953
5106,2018-03-02 12:00:00,0.064162799941734,45.16337227898731,0.6153343345448514,0.854994625181122,-0.2396602906362706
5107,2018-03-02 14:00:00,0.06345143999976599,45.09228103983371,0.5950799989325019,0.8517354129766979,-0.256655414044196
5108,2018-03-02 16:00:00,0.06385275000005851,45.04926120004127,0.606506376706923,0.8497631476377728,-0.24325677093084985
5109,2018-03-02 18:00:00,0.06475890308709,45.33756608403054,0.6323069983867529,0.8629806243294181,-0.23067362594266527
5110,2018-03-02 20:00:00,0.06524049005691329,45.24036100946595,0.6460190779372966,0.8585242107245243,-0.2125051327872277
5111,2018-03-02 22:00:00,0.0651414608929281,45.04206864553704,0.6431994506228637,0.849433401501677,-0.20623395087881335
5112,2018-03-03 00:00:00,0.0678810000000605,48.598420200043314,0.7212015157173746,1.0124760566539663,-0.2912745409365918
5113,2018-03-03 02:00:00,0.0681958840338034,47.43828038166708,0.7301671131907925,0.9592888861965686,-0.22912177300577607
5114,2018-03-03 04:00:00,0.06814813562622,47.60669742531268,0.7288075872812032,0.9670100469277355,-0.2382024596465323
5115,2018-03-03 06:00:00,0.06721110000000001,46.96913075,0.7021276564410134,0.9377804946783576,-0.23565283823734418
5116,2018-03-03 08:00:00,0.0679206099993411,47.018070619543884,0.7223293191987101,0.9400241666413083,-0.21769484744259815
5117,2018-03-03 10:00:00,0.06774000000000001,46.87901539999999,0.7171868655324546,0.9336491129212977,-0.21646224738884312
5118,2018-03-03 12:00:00,0.06796160000000001,47.4561388,0.7234964150402318,0.9601076140127571,-0.23661119897252536
5119,2018-03-03 14:00:00,0.0671026768808744,47.213167688957704,0.6990405578944852,0.9489684860434084,-0.24992792814892328
5120,2018-03-03 16:00:00,0.06784344000029399,47.241764100204726,0.72013208124969,0.9502795023324572,-0.2301474210827672
5121,2018-03-03 18:00:00,0.0670431416260464,47.15796213992096,0.6973454286625563,0.9464375609770479,-0.24909213231449157
5122,2018-03-03 20:00:00,0.06548507515994201,46.90865291659645,0.652983075303833,0.9350078591880676,-0.2820247838842346
5123,2018-03-03 22:00:00,0.06635780000376999,47.222727502682865,0.6778319047659259,0.9494067603221525,-0.2715748555562266
5124,2018-03-04 00:00:00,0.06673058588558702,47.112363982112335,0.6884461239767783,0.9443470914030399,-0.25590096742626156
5125,2018-03-04 02:00:00,0.065403,46.52221599999999,0.6506461741981795,0.9172914720522358,-0.26664529785405633
5126,2018-03-04 04:00:00,0.0651375,46.418962500000006,0.6430866733213074,0.9125577654611555,-0.2694710921398481
5127,2018-03-04 06:00:00,0.06519776,46.27745936,0.6448024380024383,0.9060704856452011,-0.2612680476427628
5128,2018-03-04 08:00:00,0.06497280000000001,45.5026176,0.6383972202349769,0.8705474908183267,-0.2321502705833498
5129,2018-03-04 10:00:00,0.06372080000000001,45.1836172,0.602749404423889,0.855922763365626,-0.253173358941737
5130,2018-03-04 12:00:00,0.062720000000056,45.18976000004035,0.5742539299336807,0.8562043830011706,-0.2819504530674899
5131,2018-03-04 14:00:00,0.062814075654942,45.123783167432535,0.5769325174877412,0.8531796432356977,-0.2762471257479565
5132,2018-03-04 16:00:00,0.06328229660032701,44.72178807582407,0.590264030283251,0.8347499840500128,-0.24448595376676174
5133,2018-03-04 18:00:00,0.06533632498281,46.37385346279903,0.6487477566806154,0.9104897198577082,-0.26174196317709286
5134,2018-03-04 20:00:00,0.0655668444425733,46.047720722052205,0.6553112672577027,0.89553800679771,-0.24022673954000728
5135,2018-03-04 22:00:00,0.0649784193801695,46.2696948649687,0.6385572191401323,0.905714518619327,-0.26715729947919464
5136,2018-03-05 00:00:00,0.06560406592705681,45.998084378394566,0.6563710632825299,0.8932624046425355,-0.23689134136000556
5137,2018-03-05 02:00:00,0.0661692750133272,46.46274615608013,0.6724640899615395,0.9145650483268027,-0.24210095836526324
5138,2018-03-05 04:00:00,0.0669839226847021,46.911342865257396,0.6956593057283958,0.9351311811839901,-0.23947187545559423
5139,2018-03-05 06:00:00,0.0660007797476835,46.843275929821864,0.6676665754290259,0.9320106196446152,-0.2643440442155893
5140,2018-03-05 08:00:00,0.06574022,45.95539156,0.6602477368561787,0.8913051317575856,-0.23105739490140698
5141,2018-03-05 10:00:00,0.0674310200000586,46.17782114004013,0.7083893718206165,0.9015025233141652,-0.1931131514935488
5142,2018-03-05 12:00:00,0.0660460630246653,46.25679527158378,0.6689559124235704,0.9051231305285752,-0.23616721810500474
5143,2018-03-05 14:00:00,0.067967999999233,46.59655679947417,0.7236786402749353,0.9206996619194765,-0.19702102164454116
5144,2018-03-05 16:00:00,0.068655,46.0023,0.7432393826787363,0.8934556718516774,-0.15021628917294105
5145,2018-03-05 18:00:00,0.0714947311921656,46.556460713082046,0.8240941865855415,0.9188614374677053,-0.09476725088216387
5146,2018-03-05 20:00:00,0.07043091522639691,46.75571920068817,0.7938044776361672,0.927996539097286,-0.13419206146111873
5147,2018-03-05 22:00:00,0.06986784999321789,46.25994944550953,0.7777724922352145,0.9052677351560378,-0.12749524292082326
5148,2018-03-06 00:00:00,0.07212799998969599,45.968639493433045,0.842125056755887,0.891912489666133,-0.04978743291024601
5149,2018-03-06 02:00:00,0.07165882410580561,45.44780645139385,0.8287663542862954,0.8680346472302484,-0.039268292943952954
5150,2018-03-06 04:00:00,0.0717549999996825,45.566458999798385,0.831504741307374,0.873474330634986,-0.04196958932761208
5151,2018-03-06 06:00:00,0.07323965,45.69296500000001,0.8737767299297777,0.8792740593315018,-0.005497329401724094
5152,2018-03-06 08:00:00,0.0717535200001272,45.91785282008139,0.8314626017294604,0.8895841500903919,-0.05812154836093153
5153,2018-03-06 10:00:00,0.069469000018542,44.4164000118552,0.7664161580231513,0.8207493207190181,-0.054333162695866744
5154,2018-03-06 12:00:00,0.067142522698,43.631358942131996,0.7001750757457118,0.7847587336104175,-0.08458365786470567
5155,2018-03-06 14:00:00,0.06944427020798791,44.05300953369378,0.765712033636829,0.8040895086873802,-0.03837747505055111
5156,2018-03-06 16:00:00,0.066189199966844,44.1832313778674,0.673031407112507,0.8100595920459817,-0.13702818493347468
5157,2018-03-06 18:00:00,0.067630579986749,43.25516849152493,0.7140713827222159,0.767512100658117,-0.053440717935901105
5158,2018-03-06 20:00:00,0.06664217,43.45091085999999,0.6859286853152926,0.7764860041074354,-0.0905573187921428
5159,2018-03-06 22:00:00,0.0666582933635262,42.99846346836504,0.6863877609488687,0.755743334852643,-0.06935557390377434
5160,2018-03-07 00:00:00,0.0668729599575576,43.61441421231915,0.6924998976939364,0.7839818942858506,-0.09148199659191425
5161,2018-03-07 02:00:00,0.0662102700066019,43.08163839429572,0.6736313279562945,0.7595565295152039,-0.08592520155890937
5162,2018-03-07 04:00:00,0.06561024978417601,42.90803652552128,0.6565471343684622,0.7515976679711254,-0.09505053360266313
5163,2018-03-07 06:00:00,0.06452526,42.18470235,0.6256545497173295,0.7184360632388973,-0.09278151352156783
5164,2018-03-07 08:00:00,0.0641018331981396,41.82864573449386,0.6135984469679704,0.7021124756838086,-0.08851402871583824
5165,2018-03-07 10:00:00,0.06415904988248669,42.3479521154706,0.6152275602466655,0.7259203276057281,-0.11069276735906264
5166,2018-03-07 12:00:00,0.0629713981949706,41.77081650987256,0.5814119143965845,0.6994612669427301,-0.11804935254614568
5167,2018-03-07 14:00:00,0.06297719,42.549417643000005,0.5815768227024168,0.7351566120468515,-0.15357978934443461
5168,2018-03-07 16:00:00,0.055025774755530506,38.480546889436155,0.35517859101525706,0.5486172666067334,-0.19343867559147632
5169,2018-03-07 18:00:00,0.05658982419838,38.74483824420563,0.3997112958540215,0.5607338314499392,-0.16102253559591767
5170,2018-03-07 20:00:00,0.0565642899765572,39.26476296372691,0.39898426770991724,0.5845700314011634,-0.18558576369124613
5171,2018-03-07 22:00:00,0.05688112774706881,39.08387510096677,0.40800549333706876,0.5762771399428187,-0.16827164660574995
5172,2018-03-08 00:00:00,0.05659725000069001,38.79293631047294,0.39992272846823634,0.5629389105349851,-0.16301618206674878
5173,2018-03-08 02:00:00,0.054794671385994385,38.20735065423414,0.3485984549525211,0.5360924532179935,-0.18749399826547236
5174,2018-03-08 04:00:00,0.056883105948645915,38.62196454532484,0.40806181806986247,0.5551006273623056,-0.14703880929244312
5175,2018-03-08 06:00:00,0.05738265,40.66619895,0.4222851841498904,0.6488195412502126,-0.22653435710032216
5176,2018-03-08 08:00:00,0.05823780001322399,41.14902210934367,0.44663361079706143,0.6709548022506784,-0.22432119145361695
5177,2018-03-08 10:00:00,0.0562500105016794,40.72759152595978,0.3900358836574819,0.6516341135549213,-0.2615982298974394
5178,2018-03-08 12:00:00,0.0558600194192334,39.80460631121165,0.37893178599374244,0.6093194104744118,-0.2303876244806694
5179,2018-03-08 14:00:00,0.0561270545579205,40.48027699407976,0.3865349964082838,0.640295859358884,-0.2537608629506002
5180,2018-03-08 16:00:00,0.053203050034379994,38.51390147488783,0.30328070352812464,0.550146423690952,-0.24686572016282737
5181,2018-03-08 18:00:00,0.053878075000287504,38.261772639204175,0.3225004844007738,0.5385874554111623,-0.21608697101038848
5182,2018-03-08 20:00:00,0.0536296749892475,37.80257857542075,0.31542786631688696,0.5175354817122875,-0.2021076153954005
5183,2018-03-08 22:00:00,0.053463995719372805,37.99767856880397,0.31071053077678423,0.5264799351651773,-0.2157694043883931
5184,2018-03-09 00:00:00,0.0524332799963712,37.441367237408755,0.2813632749883231,0.5009755734135807,-0.2196122984252576
5185,2018-03-09 02:00:00,0.051556680004993805,36.49206960353464,0.2564041096268035,0.45745456476624813,-0.20105045513944464
5186,2018-03-09 04:00:00,0.048176949544088,35.03202153441524,0.1601740705201798,0.3905179556625826,-0.23034388514240284
5187,2018-03-09 06:00:00,0.0493176600077679,35.49636404559094,0.19265317315839184,0.41180596241946166,-0.21915278926106982
5188,2018-03-09 08:00:00,0.0481738261622724,33.893105386476634,0.16008513941820676,0.3383037946299262,-0.17821865521171945
5189,2018-03-09 10:00:00,0.050610615316844514,35.904424574113634,0.22946709704811333,0.4305136944907989,-0.20104659744268558
5190,2018-03-09 12:00:00,0.050310736777466405,36.01106949311361,0.2209287464590967,0.43540288232438773,-0.21447413586529104
5191,2018-03-09 14:00:00,0.050957999998062005,35.901073198634634,0.23935807558775754,0.43036004906285574,-0.1910019734750982
5192,2018-03-09 16:00:00,0.050387308566577006,34.843216842399,0.22310895175825016,0.3818621133422326,-0.15875316158398242
5193,2018-03-09 18:00:00,0.0497873446443464,34.973944190913485,0.20602636118878176,0.38785537179155904,-0.18182901060277729
5194,2018-03-09 20:00:00,0.050629264038164,35.73850504167479,0.22999807642727416,0.4229070333674975,-0.19290895694022336
5195,2018-03-09 22:00:00,0.0518753463111814,36.565473197542296,0.2654773985949946,0.4608197879960958,-0.1953423894011012
5196,2018-03-10 00:00:00,0.0520607999937168,37.21474879550856,0.27075776498198323,0.4905861414613136,-0.21982837647933035
5197,2018-03-10 02:00:00,0.0513544239954132,37.155893842282794,0.25064533568413977,0.4878879076968157,-0.23724257201267596
5198,2018-03-10 04:00:00,0.054300726902248186,37.299187969197895,0.3345345236605983,0.4944572961731501,-0.15992277251255177
5199,2018-03-10 06:00:00,0.052116065274078006,37.460896961854246,0.2723313165275618,0.5018709230659374,-0.22953960653837557
5200,2018-03-10 08:00:00,0.051924310734783215,36.74079226942235,0.2668715477594143,0.4688573755461622,-0.2019858277867479
5201,2018-03-10 10:00:00,0.05259546,36.75077406000001,0.285980976983212,0.4693149955575736,-0.1833340185743616
5202,2018-03-10 12:00:00,0.0521632213745946,36.68992364379034,0.27367397785790104,0.46652527882853534,-0.1928513009706343
5203,2018-03-10 14:00:00,0.05206836000668401,36.440467084677856,0.2709730189354852,0.455088822359175,-0.18411580342368983
5204,2018-03-10 16:00:00,0.0505884399999447,34.91581195996183,0.2288357059838985,0.3851902715788777,-0.1563545655949792
5205,2018-03-10 18:00:00,0.0506343930758088,34.511111461617276,0.23014411395862405,0.36663658171434715,-0.1364924677557231
5206,2018-03-10 20:00:00,0.048547950011704095,33.16670830300502,0.1707374541746574,0.30500176940297036,-0.13426431522831295
5207,2018-03-10 22:00:00,0.048271880168000006,33.003510753192,0.16287700134769323,0.29751989888818775,-0.13464289754049452
5208,2018-03-11 00:00:00,0.0469300492836983,32.85069131724122,0.12467145804640237,0.2905138180172684,-0.16584235997086602
5209,2018-03-11 02:00:00,0.0469560000002184,32.6168760001517,0.12541034491754788,0.27979444184500957,-0.1543840969274617
5210,2018-03-11 04:00:00,0.0486588,33.4030321,0.17389365223011566,0.31583614804838567,-0.14194249581827
5211,2018-03-11 06:00:00,0.047349102960545,32.92178784892294,0.13660304613521246,0.29377327286020094,-0.15717022672498848
5212,2018-03-11 08:00:00,0.0473480735683306,32.60615204198766,0.1365737365632825,0.27930279680204667,-0.14272906023876417
5213,2018-03-11 10:00:00,0.0497394,34.002451799999996,0.20466124788942994,0.3433168337850792,-0.13865558589564927
5214,2018-03-11 12:00:00,0.050147572230381514,34.596396019217195,0.21628301185735405,0.37054649345998436,-0.15426348160263031
5215,2018-03-11 14:00:00,0.0497056467513944,34.6159919980085,0.20370020189157173,0.3714448805748334,-0.16774467868326165
5216,2018-03-11 16:00:00,0.052758900003843014,36.037500002624995,0.29063455458158205,0.436614601801981,-0.14598004722039892
5217,2018-03-11 18:00:00,0.0535852499775225,36.553829984666706,0.3141629664483741,0.46028599927677355,-0.14612303282839945
5218,2018-03-11 20:00:00,0.0529981266830635,35.982112346679905,0.29744598317419396,0.4340753279564281,-0.13662934478223415
5219,2018-03-11 22:00:00,0.0524746563627632,35.7460025731851,0.2825413717040373,0.42325076132177697,-0.14070938961773966
5220,2018-03-12 00:00:00,0.053101149400000006,36.2301420286,0.3003793177091064,0.44544636855155406,-0.14506705084244764
5221,2018-03-12 02:00:00,0.0526633899948572,35.457346646537445,0.2879151270988013,0.410017190909863,-0.1221020638110617
5222,2018-03-12 04:00:00,0.052485880151045,35.878775098016355,0.28286094321951033,0.4293377818674064,-0.14647683864789607
5223,2018-03-12 06:00:00,0.052896000000000006,36.252672,0.29453816113965336,0.44647926597501214,-0.15194110483535878
5224,2018-03-12 08:00:00,0.0525247898963216,37.237626186217,0.28396880858123286,0.49163496649081145,-0.2076661579095786
5225,2018-03-12 10:00:00,0.0527094844760008,37.03667328598755,0.28922756126311017,0.4824221836959138,-0.1931946224328036
5226,2018-03-12 12:00:00,0.0517514510279934,36.85775377150395,0.2619497658194767,0.4742195321152508,-0.2122697662957741
5227,2018-03-12 14:00:00,0.048325900000000005,34.411342,0.16441509162028256,0.3620626025461224,-0.19764751092583982
5228,2018-03-12 16:00:00,0.0492429000174525,34.6764467122899,0.19052455465615376,0.3742164561577995,-0.18369190150164577
5229,2018-03-12 18:00:00,0.047570976010333096,34.21915073980062,0.14292037010669034,0.3532515013713057,-0.21033113126461533
5230,2018-03-12 20:00:00,0.04883495999571201,34.70370788695281,0.17890940229435182,0.37546625788057336,-0.19655685558622155
5231,2018-03-12 22:00:00,0.0486009729721602,34.65486006865823,0.1722471608264927,0.37322680605161856,-0.20097964522512587
5232,2018-03-13 00:00:00,0.0485945339366676,34.429227294129,0.17206382412422333,0.36288256249616646,-0.19081873837194313
5233,2018-03-13 02:00:00,0.04776340999910071,34.69844699934669,0.14839948463335237,0.3752250699466435,-0.22682558531329114
5234,2018-03-13 04:00:00,0.0496519400011109,36.13600614080849,0.20217102589962432,0.4411306632970502,-0.23895963739742587
5235,2018-03-13 06:00:00,0.0491717879992524,36.83289208144,0.18849980375619219,0.4730797359231495,-0.2845799321669573
5236,2018-03-13 08:00:00,0.0494430600000534,36.80221025003975,0.196223649059115,0.4716731125396729,-0.27544946348055793
5237,2018-03-13 10:00:00,0.047830269780894205,35.464020257391546,0.15030316289736514,0.41032314582360796,-0.26001998292624284
5238,2018-03-13 12:00:00,0.0486406280617335,35.14070920657347,0.17337624815003996,0.3955007945016014,-0.22212454635156145
5239,2018-03-13 14:00:00,0.047916000010296014,34.965249007513194,0.15274413368582998,0.3874567369077767,-0.23471260322194673
5240,2018-03-13 16:00:00,0.0486742436443446,36.10945251392893,0.17433337442584096,0.4399132994442328,-0.26557992501839184
5241,2018-03-13 18:00:00,0.0478203242862576,36.7709311746602,0.1500199878486783,0.47023910821742626,-0.320219120368748
5242,2018-03-13 20:00:00,0.048269356737350014,37.8051977164985,0.16280515247307423,0.5176555575003498,-0.3548504050272755
5243,2018-03-13 22:00:00,0.0480677077286678,38.29391008714815,0.15706366148266532,0.5400608122383198,-0.3829971507556545
5244,2018-03-14 00:00:00,0.049701499991172494,39.296607093020526,0.20358213244700052,0.5860299408930878,-0.3824478084460873
5245,2018-03-14 02:00:00,0.0496725000006444,38.786637500503176,0.20275642452298398,0.5626501385488556,-0.3598937140258716
5246,2018-03-14 04:00:00,0.048960964799999986,37.0574906856,0.18249709882356102,0.4833765674383984,-0.3008794686148374
5247,2018-03-14 06:00:00,0.048704954354491806,36.42160114558458,0.17520779115008647,0.45422390426697706,-0.27901611311689056
5248,2018-03-14 08:00:00,0.047615,36.1785,0.14417385179591952,0.44307881480121525,-0.29890496300529573
5249,2018-03-14 10:00:00,0.04632984,34.868323440000005,0.10758188137437191,0.38301313743868914,-0.27543125606431723
5250,2018-03-14 12:00:00,0.04764958756756,34.654592046135036,0.14515865310401255,0.37321451842955633,-0.22805586532554378
5251,2018-03-14 14:00:00,0.04716532799940601,34.91893792756023,0.13137047747277425,0.3853335830736363,-0.25396310560086205
5252,2018-03-14 16:00:00,0.0437283730796311,33.00504752636156,0.03351110372585103,0.29759035299658815,-0.2640792492707371
5253,2018-03-14 18:00:00,0.0435942089517128,32.7785354380274,0.02969108925261878,0.287205796874937,-0.25751470762231826
5254,2018-03-14 20:00:00,0.0421732414876608,30.38637960680357,-0.010767685852871793,0.17753625709994938,-0.18830394295282118
5255,2018-03-14 22:00:00,0.0434782799401032,31.310502556865845,0.02639027770867263,0.2199031202055958,-0.19351284249692316
5256,2018-03-15 00:00:00,0.043021827268145,32.70072855999902,0.01339383938882854,0.28363870296185567,-0.2702448635730271
5257,2018-03-15 02:00:00,0.0413916109662312,30.21847281744362,-0.03302281433549707,0.16983848922302108,-0.20286130355851817
5258,2018-03-15 04:00:00,0.041001129098461306,30.356084529641816,-0.04414088598072932,0.1761473646513845,-0.22028825063211382
5259,2018-03-15 06:00:00,0.041396199996844005,30.153590197701124,-0.03289215226038793,0.16686391417499233,-0.19975606643538024
5260,2018-03-15 08:00:00,0.0432683782334694,31.141781339529558,0.020413810155545928,0.21216801448462785,-0.1917542043290819
5261,2018-03-15 10:00:00,0.043631920000000005,31.62184224,0.030764824478964836,0.23417663839255473,-0.2034118139135899
5262,2018-03-15 12:00:00,0.0442910120751736,32.26906989057942,0.04953095299201275,0.26384910272042333,-0.21431814972841057
5263,2018-03-15 14:00:00,0.043011000014549404,30.985011010481355,0.013085558285062032,0.2049808030109113,-0.19189524472584926
5264,2018-03-15 16:00:00,0.0428370428706838,31.324302561830024,0.00813252935251899,0.22053578810020352,-0.21240325874768454
5265,2018-03-15 18:00:00,0.0432372,31.43739,0.019526081781718344,0.22572033633763536,-0.206194254555917
5266,2018-03-15 20:00:00,0.043697341537748,31.782671536445047,0.032627552057014876,0.24154993518753812,-0.20892238313052325
5267,2018-03-15 22:00:00,0.043859656943999986,32.134260859631986,0.03724910932967678,0.25766871756802556,-0.22041960823834877
5268,2018-03-16 00:00:00,0.042480000000000004,31.276,-0.002033443882942715,0.2183213338172894,-0.22035477770023212
5269,2018-03-16 02:00:00,0.0428159208183204,31.12933928484795,0.007531127569609431,0.21159760247677425,-0.2040664749071648
5270,2018-03-16 04:00:00,0.0430728250012098,31.790610913392914,0.014845882356142459,0.24191391975936563,-0.22706803740322318
5271,2018-03-16 06:00:00,0.0433897400000526,33.550580270040676,0.02386930688211633,0.32260056518701513,-0.2987312583048988
5272,2018-03-16 08:00:00,0.043375199999999996,33.1259676,0.023455313875911505,0.3031339921911557,-0.27967867831524423
5273,2018-03-16 10:00:00,0.043467187866943,33.2305010971539,0.026074456477859668,0.307926380870146,-0.28185192439228635
5274,2018-03-16 12:00:00,0.044531926693613104,33.621689154487555,0.05639044176543918,0.3258605863484343,-0.2694701445829951
5275,2018-03-16 14:00:00,0.0449212409965728,33.63277225861084,0.06747526969237942,0.3263686966114088,-0.2588934269190294
5276,2018-03-16 16:00:00,0.0458292,33.1503788,0.09332731068135046,0.30425313544863536,-0.2109258247672849
5277,2018-03-16 18:00:00,0.0451766,33.4667228,0.07474602905330253,0.3187560789599825,-0.24401004990667996
5278,2018-03-16 20:00:00,0.044838845873000015,33.531884308293,0.06512925835942864,0.32174343978834524,-0.2566141814289166
5279,2018-03-16 22:00:00,0.04459678414761601,32.84949568331008,0.05823710835830794,0.2904590036020635,-0.23222189524375556
5280,2018-03-17 00:00:00,0.043444470858,32.481250501314996,0.025427641980592247,0.27357662532777843,-0.24814898334718619
5281,2018-03-17 02:00:00,0.0437059999964822,32.32439999739828,0.03287408172328053,0.26638573819848105,-0.2335116564752005
5282,2018-03-17 04:00:00,0.043221499999999996,32.16911005,0.019079060449262802,0.2592663955367036,-0.2401873350874408
5283,2018-03-17 06:00:00,0.04339375,32.616134375,0.023983482392921005,0.27976044168163783,-0.2557769592887168
5284,2018-03-17 08:00:00,0.043824164039329996,32.764764152046254,0.03623853063297048,0.2865744456159812,-0.2503359149830107
5285,2018-03-17 10:00:00,0.043259071100256,32.24002892139532,0.020148810977813902,0.2625177054579755,-0.24236889448016158
5286,2018-03-17 12:00:00,0.0420603748666324,31.194272556685025,-0.01398130287974096,0.21457449969454992,-0.22855580257429087
5287,2018-03-17 14:00:00,0.0416024339586832,30.86971647534223,-0.02702011529103117,0.19969506934664155,-0.2267151846376727
5288,2018-03-17 16:00:00,0.0415715067015675,31.081867395338836,-0.027900697691352866,0.2094212307677246,-0.23732192845907746
5289,2018-03-17 18:00:00,0.04093488,30.701159999999994,-0.04602717644366802,0.19196751630198067,-0.2379946927456487
5290,2018-03-17 20:00:00,0.04159512,30.84841746,-0.027228363415622837,0.19871860569834834,-0.2259469691139712
5291,2018-03-17 22:00:00,0.0410555,30.300528999999997,-0.042592799811772275,0.17360039455510243,-0.2161931943668747
5292,2018-03-18 00:00:00,0.040293411596,29.992936369303997,-0.06429151151908688,0.15949866179743757,-0.22379017331652445
5293,2018-03-18 02:00:00,0.040522669071,29.554277967786003,-0.05776393305094383,0.13938815545626065,-0.19715208850720448
5294,2018-03-18 04:00:00,0.0398417920028632,29.660111172465477,-0.07715033905328751,0.14424012985467263,-0.22139046890796016
5295,2018-03-18 06:00:00,0.0395668404245028,29.521770471770505,-0.08497895185069909,0.1378978335964874,-0.2228767854471865
5296,2018-03-18 08:00:00,0.0390535416504227,29.13532313948588,-0.09959395197407336,0.1201809689483996,-0.21977492092247297
5297,2018-03-18 10:00:00,0.039917296685169,29.49934911930697,-0.07500051716214368,0.13686991586064715,-0.21187043302279082
5298,2018-03-18 12:00:00,0.0391850400000516,28.325695940037303,-0.09584983939657084,0.08306321884454793,-0.17891305824111875
5299,2018-03-18 14:00:00,0.0380347918330212,26.66673801432412,-0.12860050616601265,0.007007491268492129,-0.13560799743450477
5300,2018-03-18 16:00:00,0.03796284,26.51360616,-0.13064916885835284,-1.2912573687842765e-05,-0.130636256284665
5301,2018-03-18 18:00:00,0.038014104119886004,26.624705838272863,-0.12918954113997116,0.005080505850939122,-0.13427004699091027
5302,2018-03-18 20:00:00,0.042350994885066,29.732125343088345,-0.005706567346086076,0.14754165429818972,-0.1532482216442758
5303,2018-03-18 22:00:00,0.042312,29.520164,-0.006816856867178178,0.13782418412205388,-0.14464104098923206
5304,2018-03-19 00:00:00,0.04239552079199999,29.926883100466,-0.004438794718925927,0.15647041777606432,-0.16090921249499024
5305,2018-03-19 02:00:00,0.041707799948999986,29.976867863344502,-0.024020061444732815,0.15876199337874683,-0.18278205482347964
5306,2018-03-19 04:00:00,0.042430169608775985,30.176752607816482,-0.003452249480505239,0.16792580605689836,-0.1713780555374036
5307,2018-03-19 06:00:00,0.04235004503949,30.494440568248766,-0.005733612010736561,0.18249036408355443,-0.18822397609429098
5308,2018-03-19 08:00:00,0.041688117999999996,29.591847815999998,-0.024580459601885273,0.1411105632982853,-0.16569102290017057
5309,2018-03-19 10:00:00,0.04252728937501799,30.311617355990766,-0.0006869878681961602,0.17410874559247888,-0.17479573346067503
5310,2018-03-19 12:00:00,0.0438674805997898,38.33428921899958,0.037471869905207685,0.5419120130459171,-0.5044401431407094
5311,2018-03-19 14:00:00,0.044660107765305,33.782633740069144,0.06004010249558331,0.33323916862958064,-0.27319906613399736
5312,2018-03-19 16:00:00,0.04311336636633,32.651023321293785,0.0160002043342056,0.2813599422799396,-0.265359737945734
5313,2018-03-19 18:00:00,0.046057000016445,32.65885123166109,0.09981339137463646,0.28171881661252973,-0.18190542523789327
5314,2018-03-19 20:00:00,0.04564375,32.0747425,0.08804704914607382,0.25494006961633137,-0.16689302047025756
5315,2018-03-19 22:00:00,0.04624107,33.41989377,0.10505436012073767,0.316609179455705,-0.21155481933496734
5316,2018-03-20 00:00:00,0.044872815033,33.046588856365,0.06609645193685429,0.2994948353399426,-0.2333983834030883
5317,2018-03-20 02:00:00,0.045743756128532,33.49053438586949,0.09089449327537802,0.31984773261796484,-0.22895323934258682
5318,2018-03-20 04:00:00,0.0446890998528634,33.026771174183224,0.06086558540074377,0.29858628412604854,-0.23772069872530477
5319,2018-03-20 06:00:00,0.0437231898013572,33.122159014328126,0.03336352181753977,0.30295938574103387,-0.2695958639234941
5320,2018-03-20 08:00:00,0.04435483548153,32.80897610678453,0.05134817746024683,0.28860136404052983,-0.237253186580283
5321,2018-03-20 10:00:00,0.045156,33.2246772,0.07415949150880713,0.3076593814914986,-0.23349988998269144
5322,2018-03-20 12:00:00,0.0451184500001066,33.03948755007806,0.07309034176447297,0.29916927252245185,-0.22607893075797886
5323,2018-03-20 14:00:00,0.0453430300818807,33.30985762592974,0.0794847422356569,0.31156451927040835,-0.23207977703475147
5324,2018-03-20 16:00:00,0.0472415999403628,35.170571955601105,0.1335421452864977,0.3968698666579924,-0.26332772137149474
5325,2018-03-20 18:00:00,0.047161229977549804,35.322866353185226,0.1312537957408894,0.40385187689133695,-0.27259808115044754
5326,2018-03-20 20:00:00,0.048227956616,35.879260306498,0.1616263793896542,0.42936002648466,-0.2677336470950058
5327,2018-03-20 22:00:00,0.0473671162195582,35.43717922979098,0.13711593218909413,0.4090926059458877,-0.2719766737567936
5328,2018-03-21 00:00:00,0.048018924881016,35.79070371131578,0.15567468227513198,0.4253001065952834,-0.2696254243201514
5329,2018-03-21 02:00:00,0.047877751930053,35.83315491054767,0.15165510771168417,0.42724630233299005,-0.2755911946213059
5330,2018-03-21 04:00:00,0.04803949137121,36.63364715198815,0.15626026570509693,0.46394525587370167,-0.30768499016860473
5331,2018-03-21 06:00:00,0.0468825,36.181323799999994,0.12331760173072646,0.4432082732764424,-0.31989067154571593
5332,2018-03-21 08:00:00,0.04777255,36.47266490000001,0.14865972510345693,0.45656494675794984,-0.3079052216544929
5333,2018-03-21 10:00:00,0.04761827754957,36.538275326373956,0.14426717246954826,0.45957288845261357,-0.31530571598306534
5334,2018-03-21 12:00:00,0.0475675200297264,36.05239640253024,0.14282196902033706,0.43729753445234965,-0.2944755654320126
5335,2018-03-21 14:00:00,0.0473585959998952,36.73499644491871,0.13687333856192427,0.468591663171728,-0.33171832460980377
5336,2018-03-21 16:00:00,0.04632260685028,35.29402513729015,0.10737593409885081,0.4025296374149287,-0.2951537033160779
5337,2018-03-21 18:00:00,0.046639500000052715,35.72913150004038,0.11639873652288688,0.42247729882274526,-0.3060785622998584
5338,2018-03-21 20:00:00,0.046913540015915405,36.02835245222261,0.12420139467811109,0.4361952279344414,-0.3119938332563303
5339,2018-03-21 22:00:00,0.0469330440946144,35.90921120996971,0.12475672838819635,0.4307331401241287,-0.3059764117359324
5340,2018-03-22 00:00:00,0.047565,36.24869759999999,0.14275021697918294,0.4462970576869094,-0.3035468407077265
